事件 ID	选项 ID	类型	轨道	年龄／人物／状态前置	选择前共同事实	分支后新增事实	实际效果	延迟后果	卡牌互动	敏感表达标签	人工结论
secret_01		familySecret	origin	年龄 35 起；人物 []；门槛 {"all":[],"any":[],"none":[]}	催款单上的本金比家里一直说的多，借款人确实是父母一方。	催款单上的本金比家里一直说的多，借款人确实是父母一方。	[{"type":"add","target":"originHousehold.debt","value":25000},{"type":"add","target":"pressures.family","value":6},{"type":"add","target":"relationships.originBond","value":-2},{"type":"tag","target":"history","value":"secret:1"}]	无	无	人物	三代理混排复核完成；已发现项已修正
secret_02		familySecret	origin	年龄 28 起；人物 []；门槛 {"all":[],"any":[],"none":[]}	合同里写着连带责任，但眼下还没有发生追偿。	合同里写着连带责任，但眼下还没有发生追偿。	[{"type":"add","target":"pressures.family","value":4},{"type":"add","target":"relationships.originBond","value":-1},{"type":"tag","target":"history","value":"secret:2"}]	无	无	无	三代理混排复核完成；已发现项已修正
secret_03		familySecret	origin	年龄 18 起；人物 []；门槛 {"all":[],"any":[],"none":[]}	旧录取通知和退学材料夹在一起，当年不是主动放弃。	旧录取通知和退学材料夹在一起，当年不是主动放弃。	[{"type":"add","target":"development.routeKnowledge","value":4},{"type":"add","target":"relationships.originBond","value":-1},{"type":"tag","target":"history","value":"secret:3"}]	无	无	无	三代理混排复核完成；已发现项已修正
secret_04		familySecret	origin	年龄 32 起；人物 []；门槛 {"all":[],"any":[],"none":[]}	付款收据存在，登记姓名却不是家里任何一个人。	付款收据存在，登记姓名却不是家里任何一个人。	[{"type":"add","target":"pressures.family","value":5},{"type":"add","target":"relationships.originBond","value":-2},{"type":"tag","target":"history","value":"secret:4"}]	无	无	无	三代理混排复核完成；已发现项已修正
secret_05		familySecret	origin	年龄 22 起；人物 []；门槛 {"all":[],"any":[],"none":[]}	那几年所谓的出差，其实是零工和一次次面试。	那几年所谓的出差，其实是零工和一次次面试。	[{"type":"add","target":"pressures.family","value":3},{"type":"add","target":"relationships.originBond","value":1},{"type":"tag","target":"history","value":"secret:5"}]	无	无	无	三代理混排复核完成；已发现项已修正
secret_06		familySecret	origin	年龄 30 起；人物 []；门槛 {"all":[],"any":[],"none":[]}	病历能提醒你复查，却不能替任何人下诊断。	病历能提醒你复查，却不能替任何人下诊断。	[{"type":"add","target":"pressures.body","value":2},{"type":"add","target":"relationships.originBond","value":1},{"type":"tag","target":"history","value":"secret:6"}]	无	无	无	三代理混排复核完成；已发现项已修正
secret_07		familySecret	origin	年龄 24 起；人物 []；门槛 {"all":[],"any":[],"none":[]}	两本账记的是同一段日子，缺口来自谁承担了哪些开销。	两本账记的是同一段日子，缺口来自谁承担了哪些开销。	[{"type":"add","target":"pressures.family","value":3},{"type":"add","target":"relationships.originBond","value":-1},{"type":"tag","target":"history","value":"secret:7"}]	无	无	无	三代理混排复核完成；已发现项已修正
secret_08		familySecret	origin	年龄 25 起；人物 []；门槛 {"all":[{"path":"originHousehold.assets","op":"gte","value":1}],"any":[],"none":[]}	保单有退保损失和受益人，不是随取随用的存款。	保单有退保损失和受益人，不是随取随用的存款。	[{"type":"add","target":"pressures.family","value":2},{"type":"add","target":"relationships.originBond","value":1},{"type":"tag","target":"history","value":"secret:8"}]	无	无	无	三代理混排复核完成；已发现项已修正
secret_09		familySecret	origin	年龄 20 起；人物 []；门槛 {"all":[],"any":[],"none":[]}	来信只说有人曾登记询问，现有材料还不能确认新的亲属关系。	来信只说有人曾登记询问，现有材料还不能确认新的亲属关系。	[{"type":"add","target":"pressures.family","value":3},{"type":"add","target":"relationships.originBond","value":-1},{"type":"tag","target":"history","value":"secret:9"}]	无	无	无	三代理混排复核完成；已发现项已修正
secret_10		familySecret	origin	年龄 27 起；人物 []；门槛 {"all":[{"path":"originHousehold.assets","op":"gte","value":1}],"any":[],"none":[]}	转账和票据都在，但对方从未承诺何时归还。	转账和票据都在，但对方从未承诺何时归还。	[{"type":"add","target":"pressures.family","value":2},{"type":"add","target":"relationships.originBond","value":1},{"type":"tag","target":"history","value":"secret:10"}]	无	无	无	三代理混排复核完成；已发现项已修正
secret_11		familySecret	origin	年龄 21 起；人物 []；门槛 {"all":[],"any":[],"none":[]}	收款额看着不少，扣去进货和房租后只剩很薄一层。	收款额看着不少，扣去进货和房租后只剩很薄一层。	[{"type":"add","target":"pressures.family","value":4},{"type":"add","target":"relationships.originBond","value":-1},{"type":"tag","target":"history","value":"secret:11"}]	无	无	无	三代理混排复核完成；已发现项已修正
secret_12		familySecret	origin	年龄 26 起；人物 []；门槛 {"all":[],"any":[],"none":[]}	两地租房和交通记录把那段沉默的时间标了出来。	两地租房和交通记录把那段沉默的时间标了出来。	[{"type":"add","target":"pressures.family","value":3},{"type":"add","target":"relationships.originBond","value":-1},{"type":"tag","target":"history","value":"secret:12"}]	无	无	无	三代理混排复核完成；已发现项已修正
secret_13		familySecret	origin	年龄 29 起；人物 []；门槛 {"all":[{"path":"originHousehold.assets","op":"gte","value":1}],"any":[],"none":[]}	借条还在，约定日期已经过去，欠款人也没有继续确认。	借条还在，约定日期已经过去，欠款人也没有继续确认。	[{"type":"add","target":"pressures.family","value":2},{"type":"add","target":"relationships.originBond","value":1},{"type":"tag","target":"history","value":"secret:13"}]	无	无	住房债务	三代理混排复核完成；已发现项已修正
secret_14		familySecret	origin	年龄 31 起；人物 []；门槛 {"all":[],"any":[],"none":[]}	仓库里的机器仍属家里，转卖价值远低于原合同价格。	仓库里的机器仍属家里，转卖价值远低于原合同价格。	[{"type":"add","target":"pressures.family","value":4},{"type":"add","target":"relationships.originBond","value":-1},{"type":"tag","target":"history","value":"secret:14"}]	无	无	无	三代理混排复核完成；已发现项已修正
secret_15		familySecret	origin	年龄 18 起；人物 []；门槛 {"all":[{"path":"originHousehold.assets","op":"gte","value":1}],"any":[],"none":[]}	存取记录能算清一部分去向，剩下的不能再含糊成保管。	存取记录能算清一部分去向，剩下的不能再含糊成保管。	[{"type":"add","target":"pressures.family","value":2},{"type":"add","target":"relationships.originBond","value":1},{"type":"tag","target":"history","value":"secret:15"}]	无	无	无	三代理混排复核完成；已发现项已修正
secret_16		familySecret	origin	年龄 40 起；人物 []；门槛 {"all":[],"any":[],"none":[]}	断缴月份一目了然，未来待遇需要按真实记录重算。	断缴月份一目了然，未来待遇需要按真实记录重算。	[{"type":"add","target":"pressures.family","value":3},{"type":"add","target":"relationships.originBond","value":1},{"type":"tag","target":"history","value":"secret:16"}]	无	无	无	三代理混排复核完成；已发现项已修正
secret_17		familySecret	origin	年龄 23 起；人物 []；门槛 {"all":[],"any":[],"none":[]}	调动函是真的，放弃原因却同时写着照护和住房。	调动函是真的，放弃原因却同时写着照护和住房。	[{"type":"add","target":"pressures.family","value":3},{"type":"add","target":"relationships.originBond","value":-1},{"type":"tag","target":"history","value":"secret:17"}]	无	无	住房债务、健康照护	三代理混排复核完成；已发现项已修正
secret_18		familySecret	origin	年龄 36 起；人物 []；门槛 {"all":[],"any":[],"none":[]}	登记、付款和实际居住不是同一个人，房子不能当成可随时出售的资产。	登记、付款和实际居住不是同一个人，房子不能当成可随时出售的资产。	[{"type":"add","target":"pressures.family","value":5},{"type":"add","target":"relationships.originBond","value":-2},{"type":"tag","target":"history","value":"secret:18"}]	无	无	住房债务	三代理混排复核完成；已发现项已修正
secret_19		familySecret	origin	年龄 19 起；人物 []；门槛 {"all":[],"any":[],"none":[]}	处方记录解释了用药用途，也提醒家里别再代为停药。	处方记录解释了用药用途，也提醒家里别再代为停药。	[{"type":"add","target":"pressures.body","value":2},{"type":"add","target":"relationships.originBond","value":1},{"type":"tag","target":"history","value":"secret:19"}]	无	无	健康照护	三代理混排复核完成；已发现项已修正
secret_20		familySecret	origin	年龄 20 起；人物 []；门槛 {"all":[],"any":[],"none":[]}	复诊记录和请假单留下的是一次反复恢复的过程。	复诊记录和请假单留下的是一次反复恢复的过程。	[{"type":"add","target":"pressures.body","value":2},{"type":"add","target":"relationships.originBond","value":1},{"type":"tag","target":"history","value":"secret:20"}]	无	无	无	三代理混排复核完成；已发现项已修正
secret_21		familySecret	origin	年龄 30 起；人物 []；门槛 {"all":[],"any":[],"none":[]}	还款从家里账户扣，车辆登记却不在父母名下。	还款从家里账户扣，车辆登记却不在父母名下。	[{"type":"add","target":"originHousehold.debt","value":25000},{"type":"add","target":"pressures.family","value":6},{"type":"add","target":"relationships.originBond","value":-2},{"type":"tag","target":"history","value":"secret:21"}]	无	无	人物	三代理混排复核完成；已发现项已修正
secret_22		familySecret	origin	年龄 17 起；人物 []；门槛 {"all":[],"any":[],"none":[]}	学校盖章和报到期限都是真的，家里当年没有把选择交给她。	学校盖章和报到期限都是真的，家里当年没有把选择交给她。	[{"type":"add","target":"development.routeKnowledge","value":4},{"type":"add","target":"relationships.originBond","value":-1},{"type":"tag","target":"history","value":"secret:22"}]	无	无	无	三代理混排复核完成；已发现项已修正
secret_23		familySecret	origin	年龄 25 起；人物 []；门槛 {"all":[],"any":[],"none":[]}	零散转账累积成一笔不小的支出，照护从来不是免费的。	零散转账累积成一笔不小的支出，照护从来不是免费的。	[{"type":"add","target":"pressures.family","value":4},{"type":"add","target":"relationships.originBond","value":2},{"type":"tag","target":"history","value":"secret:23"}]	无	无	健康照护	三代理混排复核完成；已发现项已修正
secret_24		familySecret	origin	年龄 18 起；人物 []；门槛 {"all":[{"path":"originHousehold.assets","op":"gte","value":1}],"any":[],"none":[]}	账户用途写得明确，这笔钱不属于你的个人缓冲。	账户用途写得明确，这笔钱不属于你的个人缓冲。	[{"type":"add","target":"pressures.family","value":2},{"type":"add","target":"relationships.originBond","value":1},{"type":"tag","target":"history","value":"secret:24"}]	无	无	无	三代理混排复核完成；已发现项已修正
secret_25		familySecret	origin	年龄 21 起；人物 []；门槛 {"all":[],"any":[],"none":[]}	未签字的草稿列着住处和抚养安排，但婚姻当时并未因此自动结束。	未签字的草稿列着住处和抚养安排，但婚姻当时并未因此自动结束。	[{"type":"add","target":"pressures.family","value":3},{"type":"add","target":"relationships.originBond","value":-1},{"type":"tag","target":"history","value":"secret:25"}]	无	无	无	三代理混排复核完成；已发现项已修正
secret_26		familySecret	origin	年龄 33 起；人物 []；门槛 {"all":[{"path":"originHousehold.assets","op":"gte","value":1}],"any":[],"none":[]}	结算单写清用途，其中一部分已经用于后续治疗。	结算单写清用途，其中一部分已经用于后续治疗。	[{"type":"add","target":"pressures.family","value":2},{"type":"add","target":"relationships.originBond","value":1},{"type":"tag","target":"history","value":"secret:26"}]	无	无	健康照护	三代理混排复核完成；已发现项已修正
secret_27		familySecret	origin	年龄 16 起；人物 []；门槛 {"all":[{"path":"originHousehold.assets","op":"gte","value":1}],"any":[],"none":[]}	信封上的数目不大，是为停工或看病留下的应急钱。	信封上的数目不大，是为停工或看病留下的应急钱。	[{"type":"add","target":"pressures.family","value":2},{"type":"add","target":"relationships.originBond","value":1},{"type":"tag","target":"history","value":"secret:27"}]	无	无	无	三代理混排复核完成；已发现项已修正
secret_28		familySecret	origin	年龄 37 起；人物 []；门槛 {"all":[],"any":[],"none":[]}	注销材料没有抹掉供应商和服务费的尾款。	注销材料没有抹掉供应商和服务费的尾款。	[{"type":"add","target":"originHousehold.debt","value":32000},{"type":"add","target":"pressures.family","value":7},{"type":"tag","target":"history","value":"secret:28"}]	无	无	无	三代理混排复核完成；已发现项已修正
secret_29		familySecret	origin	年龄 26 起；人物 []；门槛 {"all":[],"any":[],"none":[]}	其中一部分来自借款，不是无条件赠与你的现金。	其中一部分来自借款，不是无条件赠与你的现金。	[{"type":"add","target":"originHousehold.debt","value":25000},{"type":"add","target":"pressures.family","value":6},{"type":"add","target":"relationships.originBond","value":-2},{"type":"tag","target":"history","value":"secret:29"}]	无	无	无	三代理混排复核完成；已发现项已修正
secret_30		familySecret	origin	年龄 45 起；人物 []；门槛 {"all":[],"any":[],"none":[]}	资格跟成员身份绑定，口头承诺不能把它变成个人遗产。	资格跟成员身份绑定，口头承诺不能把它变成个人遗产。	[{"type":"add","target":"pressures.family","value":5},{"type":"add","target":"relationships.originBond","value":-2},{"type":"tag","target":"history","value":"secret:30"}]	无	无	无	三代理混排复核完成；已发现项已修正
secret_31		familySecret	origin	年龄 19 起；人物 []；门槛 {"all":[],"any":[],"none":[]}	几笔稳定小额转账填上了日常账本里长期存在的缺口。	几笔稳定小额转账填上了日常账本里长期存在的缺口。	[{"type":"add","target":"pressures.family","value":3},{"type":"add","target":"relationships.originBond","value":1},{"type":"tag","target":"history","value":"secret:31"}]	无	无	无	三代理混排复核完成；已发现项已修正
secret_32		familySecret	origin	年龄 34 起；人物 []；门槛 {"all":[{"path":"originHousehold.assets","op":"gte","value":1}],"any":[],"none":[]}	受益人姓名与家里理解的不一致，需要由投保人依法更正。	受益人姓名与家里理解的不一致，需要由投保人依法更正。	[{"type":"add","target":"pressures.family","value":2},{"type":"add","target":"relationships.originBond","value":1},{"type":"tag","target":"history","value":"secret:32"}]	无	无	无	三代理混排复核完成；已发现项已修正
secret_33		familySecret	origin	年龄 23 起；人物 []；门槛 {"all":[],"any":[],"none":[]}	收款账户属于个人，材料里没有受监管产品应有的信息。	收款账户属于个人，材料里没有受监管产品应有的信息。	[{"type":"add","target":"originHousehold.debt","value":12000},{"type":"add","target":"pressures.family","value":6},{"type":"tag","target":"history","value":"secret:33"}]	无	无	无	三代理混排复核完成；已发现项已修正
secret_34		familySecret	origin	年龄 24 起；人物 []；门槛 {"all":[],"any":[],"none":[]}	最低还款持续了很久，余额并没有随着每月付款真正消失。	最低还款持续了很久，余额并没有随着每月付款真正消失。	[{"type":"add","target":"originHousehold.debt","value":25000},{"type":"add","target":"pressures.family","value":6},{"type":"add","target":"relationships.originBond","value":-2},{"type":"tag","target":"history","value":"secret:34"}]	无	无	无	三代理混排复核完成；已发现项已修正
secret_35		familySecret	origin	年龄 42 起；人物 []；门槛 {"all":[],"any":[],"none":[]}	产权存在，但欠费、空置和维修让它不能等同于现金。	产权存在，但欠费、空置和维修让它不能等同于现金。	[{"type":"add","target":"pressures.family","value":5},{"type":"add","target":"relationships.originBond","value":-2},{"type":"tag","target":"history","value":"secret:35"}]	无	无	无	三代理混排复核完成；已发现项已修正
secret_36		familySecret	origin	年龄 38 起；人物 []；门槛 {"all":[],"any":[],"none":[]}	评估写清了哪些日常需要帮助，也写清了仍能自己做的事。	评估写清了哪些日常需要帮助，也写清了仍能自己做的事。	[{"type":"add","target":"pressures.family","value":4},{"type":"add","target":"relationships.originBond","value":2},{"type":"tag","target":"history","value":"secret:36"}]	无	无	无	三代理混排复核完成；已发现项已修正
secret_37		familySecret	origin	年龄 36 起；人物 []；门槛 {"all":[],"any":[],"none":[]}	密码交给家人并不等于账户所有权转移。	密码交给家人并不等于账户所有权转移。	[{"type":"add","target":"pressures.family","value":3},{"type":"add","target":"relationships.originBond","value":-1},{"type":"tag","target":"history","value":"secret:37"}]	无	无	无	三代理混排复核完成；已发现项已修正
secret_38		familySecret	origin	年龄 20 起；人物 []；门槛 {"all":[],"any":[],"none":[]}	一叠收据证明那几年家里反复搬家，并非一直住在原来的房子。	一叠收据证明那几年家里反复搬家，并非一直住在原来的房子。	[{"type":"add","target":"pressures.family","value":5},{"type":"add","target":"relationships.originBond","value":-2},{"type":"tag","target":"history","value":"secret:38"}]	无	无	住房债务	三代理混排复核完成；已发现项已修正
secret_39		familySecret	origin	年龄 27 起；人物 []；门槛 {"all":[],"any":[],"none":[]}	转账路径还在，追回可能性却不能靠一句保证。	转账路径还在，追回可能性却不能靠一句保证。	[{"type":"add","target":"originHousehold.debt","value":12000},{"type":"add","target":"pressures.family","value":6},{"type":"tag","target":"history","value":"secret:39"}]	无	无	无	三代理混排复核完成；已发现项已修正
secret_40		familySecret	origin	年龄 41 起；人物 []；门槛 {"all":[],"any":[],"none":[]}	付款人、登记人和实际还款人各不相同，任何人都不能凭口头说法直接处置。	付款人、登记人和实际还款人各不相同，任何人都不能凭口头说法直接处置。	[{"type":"add","target":"pressures.family","value":5},{"type":"add","target":"relationships.originBond","value":-2},{"type":"tag","target":"history","value":"secret:40"}]	无	无	无	三代理混排复核完成；已发现项已修正
secret_41		familySecret	origin	年龄 18 起；人物 []；门槛 {"all":[],"any":[],"none":[]}	证书只覆盖短期培训，不能支持家里一直使用的职业称谓。	证书只覆盖短期培训，不能支持家里一直使用的职业称谓。	[{"type":"add","target":"development.routeKnowledge","value":4},{"type":"add","target":"relationships.originBond","value":-1},{"type":"tag","target":"history","value":"secret:41"}]	无	无	无	三代理混排复核完成；已发现项已修正
secret_42		familySecret	origin	年龄 44 起；人物 []；门槛 {"all":[],"any":[],"none":[]}	没有遗嘱或登记支持，承诺不能先计入家里的资产。	没有遗嘱或登记支持，承诺不能先计入家里的资产。	[{"type":"add","target":"pressures.family","value":3},{"type":"add","target":"relationships.originBond","value":-1},{"type":"tag","target":"history","value":"secret:42"}]	无	无	无	三代理混排复核完成；已发现项已修正
secret_43		familySecret	origin	年龄 32 起；人物 []；门槛 {"all":[],"any":[],"none":[]}	对账单能逐笔确认，停业没有让这些货款自动消失。	对账单能逐笔确认，停业没有让这些货款自动消失。	[{"type":"add","target":"originHousehold.debt","value":32000},{"type":"add","target":"pressures.family","value":7},{"type":"tag","target":"history","value":"secret:43"}]	无	无	无	三代理混排复核完成；已发现项已修正
secret_44		familySecret	origin	年龄 35 起；人物 []；门槛 {"all":[],"any":[],"none":[]}	两个人各自沉默多年，真相没有指向新的财产或亲属。	两个人各自沉默多年，真相没有指向新的财产或亲属。	[{"type":"add","target":"pressures.family","value":3},{"type":"add","target":"relationships.originBond","value":-1},{"type":"tag","target":"history","value":"secret:44"}]	无	无	无	三代理混排复核完成；已发现项已修正
beat_001		beat	education	年龄 6—10；人物 []；门槛 {"all":[],"any":[],"none":[]}	一年级课本发下来，你在扉页写了三遍名字。	一年级课本发下来，你在扉页写了三遍名字。	[{"type":"tag","target":"history","value":"education:school:1"},{"type":"add","target":"development.learningHabit","value":2}]	无	无	无	三代理混排复核完成；已发现项已修正
beat_002		beat	education	年龄 7—12；人物 []；门槛 {"all":[],"any":[],"none":[]}	家里腾出一块能摊开作业本的桌面。	家里腾出一块能摊开作业本的桌面。	[{"type":"tag","target":"history","value":"education:school:2"},{"type":"add","target":"development.learningHabit","value":3}]	无	无	无	三代理混排复核完成；已发现项已修正
beat_003		beat	education	年龄 8—14；人物 []；门槛 {"all":[],"any":[],"none":[]}	老师把你没听懂的题换了一种说法。	老师把你没听懂的题换了一种说法。	[{"type":"tag","target":"history","value":"education:school:3"},{"type":"add","target":"development.teacherSupport","value":4}]	无	无	无	三代理混排复核完成；已发现项已修正
beat_004		beat	education	年龄 9—15；人物 []；门槛 {"all":[],"any":[],"none":[]}	同桌借你橡皮，也把漏抄的作业递过来。	同桌借你橡皮，也把漏抄的作业递过来。	[{"type":"tag","target":"history","value":"education:school:4"},{"type":"add","target":"development.peerSupport","value":4}]	无	无	无	三代理混排复核完成；已发现项已修正
beat_005		beat	education	年龄 10—16；人物 []；门槛 {"all":[],"any":[],"none":[]}	你连续一周在同一时间收好书包。	你连续一周在同一时间收好书包。	[{"type":"tag","target":"history","value":"education:school:5"},{"type":"add","target":"development.learningHabit","value":4}]	无	无	无	三代理混排复核完成；已发现项已修正
beat_006		beat	education	年龄 11—17；人物 []；门槛 {"all":[],"any":[],"none":[]}	旧手机轮到你查资料时，只剩半小时电。	旧手机轮到你查资料时，只剩半小时电。	[{"type":"tag","target":"history","value":"education:school:6"},{"type":"add","target":"capabilities.learning","value":1}]	无	无	无	三代理混排复核完成；已发现项已修正
beat_007		beat	education	年龄 12—18；人物 []；门槛 {"all":[],"any":[],"none":[]}	一次小测没有考好，错题仍被认真订正。	一次小测没有考好，错题仍被认真订正。	[{"type":"tag","target":"history","value":"education:school:7"},{"type":"add","target":"development.learningHabit","value":2}]	无	无	无	三代理混排复核完成；已发现项已修正
beat_008		beat	education	年龄 13—18；人物 []；门槛 {"all":[],"any":[],"none":[]}	家长会后，有人问的不是名次而是近况。	家长会后，有人问的不是名次而是近况。	[{"type":"tag","target":"history","value":"education:school:8"},{"type":"add","target":"development.selfAdvocacy","value":2}]	无	无	无	三代理混排复核完成；已发现项已修正
beat_009		beat	education	年龄 6—10；人物 []；门槛 {"all":[],"any":[],"none":[]}	班群接龙到你时，前面已经全写了收到。	班群接龙到你时，前面已经全写了收到。	[{"type":"tag","target":"history","value":"education:school:9"},{"type":"add","target":"development.selfAdvocacy","value":1}]	无	无	无	三代理混排复核完成；已发现项已修正
beat_010		beat	education	年龄 7—12；人物 []；门槛 {"all":[],"any":[],"none":[]}	老师说自愿报名，表格却从第一排依次传来。	老师说自愿报名，表格却从第一排依次传来。	[{"type":"tag","target":"history","value":"education:school:10"},{"type":"add","target":"development.selfAdvocacy","value":1}]	无	无	无	三代理混排复核完成；已发现项已修正
beat_011		beat	education	年龄 8—14；人物 []；门槛 {"all":[],"any":[],"none":[]}	同学聊起补习班，你只认得其中一个名字。	同学聊起补习班，你只认得其中一个名字。	[{"type":"tag","target":"history","value":"education:school:11"},{"type":"add","target":"development.routeKnowledge","value":2}]	无	无	无	三代理混排复核完成；已发现项已修正
beat_012		beat	education	年龄 9—15；人物 []；门槛 {"all":[],"any":[],"none":[]}	运动会统一买鞋，费用单在书包里压了两天。	运动会统一买鞋，费用单在书包里压了两天。	[{"type":"tag","target":"history","value":"education:school:12"},{"type":"add","target":"development.careLoad","value":2},{"type":"add","target":"pressures.family","value":2}]	无	无	无	三代理混排复核完成；已发现项已修正
beat_013		beat	education	年龄 10—16；人物 []；门槛 {"all":[],"any":[],"none":[]}	小组分工时，你又拿到没人想做的那一项。	小组分工时，你又拿到没人想做的那一项。	[{"type":"tag","target":"history","value":"education:school:13"},{"type":"add","target":"development.selfAdvocacy","value":1}]	无	无	无	三代理混排复核完成；已发现项已修正
beat_014		beat	education	年龄 11—17；人物 []；门槛 {"all":[],"any":[],"none":[]}	公开念成绩之前，教室忽然安静了下来。	公开念成绩之前，教室忽然安静了下来。	[{"type":"tag","target":"history","value":"education:school:14"},{"type":"add","target":"development.selfAdvocacy","value":-1}]	无	无	无	三代理混排复核完成；已发现项已修正
beat_015		beat	education	年龄 12—18；人物 []；门槛 {"all":[],"any":[],"none":[]}	家长签字那一栏，你等到第二天才补上。	家长签字那一栏，你等到第二天才补上。	[{"type":"tag","target":"history","value":"education:school:15"},{"type":"add","target":"development.selfAdvocacy","value":1}]	无	无	无	三代理混排复核完成；已发现项已修正
beat_016		beat	education	年龄 13—18；人物 []；门槛 {"all":[],"any":[],"none":[]}	升学讲座结束，几张材料被别的家长拿走了。	升学讲座结束，几张材料被别的家长拿走了。	[{"type":"tag","target":"history","value":"education:school:16"},{"type":"add","target":"development.routeKnowledge","value":3}]	无	无	无	三代理混排复核完成；已发现项已修正
beat_017		beat	education	年龄 6—10；人物 []；门槛 {"all":[{"path":"development.severeSchoolHarm","op":"eq","value":false}],"any":[],"none":[]}	班级群里的截图传开后，外号跟进了教室。	班级群里的截图传开后，外号跟进了教室。	[{"type":"tag","target":"history","value":"education:school:17"},{"type":"set","target":"development.severeSchoolHarm","value":true},{"type":"set","target":"development.schoolHarmType","value":"bullying"},{"type":"add","target":"development.traumaLoad","value":18},{"type":"add","target":"development.attendance","value":-8},{"type":"add","target":"health.mental","value":-5}]	无	无	无	三代理混排复核完成；已发现项已修正
beat_018		beat	education	年龄 7—12；人物 []；门槛 {"all":[{"path":"development.severeSchoolHarm","op":"eq","value":false}],"any":[],"none":[]}	老师当众给你贴了标签，之后每次举手都更难。	老师当众给你贴了标签，之后每次举手都更难。	[{"type":"tag","target":"history","value":"education:school:18"},{"type":"set","target":"development.severeSchoolHarm","value":true},{"type":"set","target":"development.schoolHarmType","value":"teacher"},{"type":"add","target":"development.traumaLoad","value":16},{"type":"add","target":"development.teacherSupport","value":-12},{"type":"add","target":"health.mental","value":-5}]	无	无	无	三代理混排复核完成；已发现项已修正
beat_019		beat	education	年龄 8—14；人物 []；门槛 {"all":[],"any":[],"none":[]}	座位被反复调到角落，缺席也很少有人追问。	座位被反复调到角落，缺席也很少有人追问。	[{"type":"tag","target":"history","value":"education:school:19"},{"type":"add","target":"development.peerSupport","value":-6},{"type":"add","target":"development.selfAdvocacy","value":-2}]	无	无	无	三代理混排复核完成；已发现项已修正
beat_020		beat	education	年龄 9—15；人物 []；门槛 {"all":[{"path":"development.careLoad","op":"gte","value":15}],"any":[],"none":[]}	你要先照看家里的人，晚自习只能断断续续。	你要先照看家里的人，晚自习只能断断续续。	[{"type":"tag","target":"history","value":"education:school:20"},{"type":"add","target":"development.attendance","value":-5},{"type":"add","target":"development.careLoad","value":4}]	无	无	无	三代理混排复核完成；已发现项已修正
beat_021		beat	education	年龄 10—16；人物 []；门槛 {"all":[{"path":"originHousehold.context.housingStability","op":"lte","value":58}],"any":[],"none":[]}	一次搬家让上学路线多出两趟公交。	一次搬家让上学路线多出两趟公交。	[{"type":"tag","target":"history","value":"education:school:21"},{"type":"add","target":"development.attendance","value":-4},{"type":"add","target":"development.traumaLoad","value":3}]	无	无	无	三代理混排复核完成；已发现项已修正
beat_022		beat	education	年龄 11—17；人物 []；门槛 {"all":[{"path":"originHousehold.context.resources","op":"lte","value":55}],"any":[],"none":[]}	申请资助时，家里的难处要重新写给陌生人看。	申请资助时，家里的难处要重新写给陌生人看。	[{"type":"tag","target":"history","value":"education:school:22"},{"type":"expose","target":"development.routeExposure","value":"studentAid"},{"type":"add","target":"development.routeKnowledge","value":4},{"type":"add","target":"development.selfAdvocacy","value":2},{"type":"add","target":"pressures.family","value":2}]	无	无	无	三代理混排复核完成；已发现项已修正
beat_023		beat	education	年龄 12—18；人物 []；门槛 {"all":[{"path":"development.severeSchoolHarm","op":"eq","value":true},{"path":"development.schoolHarmResolved","op":"eq","value":false}],"any":[],"none":[]}	想转班的理由写满一页，交到办公室又被退回。	想转班的理由写满一页，交到办公室又被退回。	[{"type":"tag","target":"history","value":"education:school:23"},{"type":"add","target":"development.selfAdvocacy","value":4}]	无	无	无	三代理混排复核完成；已发现项已修正
beat_024		beat	education	年龄 13—18；人物 []；门槛 {"all":[],"any":[],"none":[]}	实训室和普通教室同时点名，你必须选一边。	实训室和普通教室同时点名，你必须选一边。	[{"type":"tag","target":"history","value":"education:school:24"},{"type":"expose","target":"development.routeExposure","value":"vocational"},{"type":"add","target":"development.routeKnowledge","value":4}]	无	无	无	三代理混排复核完成；已发现项已修正
beat_025		beat	education	年龄 6—10；人物 []；门槛 {"all":[],"any":[],"none":[]}	模考排名落下去后，家里先停掉了你唯一的兴趣课。	模考排名落下去后，家里先停掉了你唯一的兴趣课。	[{"type":"tag","target":"history","value":"education:school:25"},{"type":"add","target":"development.traumaLoad","value":4},{"type":"add","target":"pressures.family","value":4}]	无	无	无	三代理混排复核完成；已发现项已修正
beat_026		beat	education	年龄 7—12；人物 []；门槛 {"all":[],"any":[],"none":[]}	一位老师留下联系方式，说缺课前可以先找他。	一位老师留下联系方式，说缺课前可以先找他。	[{"type":"tag","target":"history","value":"education:school:26"},{"type":"expose","target":"development.routeExposure","value":"scholarship"},{"type":"add","target":"development.teacherSupport","value":8},{"type":"add","target":"development.selfAdvocacy","value":4},{"type":"add","target":"development.routeKnowledge","value":5}]	无	无	无	三代理混排复核完成；已发现项已修正
beat_027		beat	education	年龄 8—14；人物 []；门槛 {"all":[],"any":[],"none":[]}	同伴把保存的截图和日期一起交给可信任的大人。	同伴把保存的截图和日期一起交给可信任的大人。	[{"type":"tag","target":"history","value":"education:school:27"},{"type":"add","target":"development.peerSupport","value":7},{"type":"add","target":"development.selfAdvocacy","value":3}]	无	无	无	三代理混排复核完成；已发现项已修正
beat_028		beat	education	年龄 9—15；人物 []；门槛 {"all":[{"path":"development.severeSchoolHarm","op":"eq","value":true}],"any":[],"none":[]}	换到新的班级后，你先确认每天能否正常到校。	换到新的班级后，你先确认每天能否正常到校。	[{"type":"tag","target":"history","value":"education:school:28"},{"type":"add","target":"development.attendance","value":6},{"type":"add","target":"development.traumaLoad","value":-5}]	无	无	无	三代理混排复核完成；已发现项已修正
beat_029		beat	education	年龄 10—16；人物 []；门槛 {"all":[],"any":[],"none":[]}	实训老师把比赛报名表压在你的作业本下面。	实训老师把比赛报名表压在你的作业本下面。	[{"type":"tag","target":"history","value":"education:school:29"},{"type":"expose","target":"development.routeExposure","value":"vocational"},{"type":"add","target":"development.routeKnowledge","value":7}]	无	无	无	三代理混排复核完成；已发现项已修正
beat_030		beat	education	年龄 11—17；人物 []；门槛 {"all":[],"any":[],"none":[]}	语言课程第一次让海外本科成为可查的选项。	语言课程第一次让海外本科成为可查的选项。	[{"type":"tag","target":"history","value":"education:school:30"},{"type":"expose","target":"development.routeExposure","value":"overseas"},{"type":"add","target":"development.languagePreparation","value":12},{"type":"add","target":"development.routeKnowledge","value":8}]	无	无	无	三代理混排复核完成；已发现项已修正
beat_031		beat	education	年龄 12—18；人物 []；门槛 {"all":[],"any":[],"none":[]}	志愿草表摊开时，专业名称旁边全是问号。	志愿草表摊开时，专业名称旁边全是问号。	[{"type":"tag","target":"history","value":"education:school:31"},{"type":"expose","target":"development.routeExposure","value":"alternativeSchool"},{"type":"add","target":"development.routeKnowledge","value":6}]	无	无	无	三代理混排复核完成；已发现项已修正
beat_032		beat	education	年龄 13—18；人物 []；门槛 {"all":[],"any":[],"none":[]}	录取结果和家庭预算在同一晚摆上饭桌。	录取结果和家庭预算在同一晚摆上饭桌。	[{"type":"tag","target":"history","value":"education:school:32"},{"type":"add","target":"development.routeKnowledge","value":5},{"type":"add","target":"development.selfAdvocacy","value":2}]	无	无	无	三代理混排复核完成；已发现项已修正
beat_033		beat	employment	年龄 18—45；人物 []；门槛 {"all":[{"path":"education.status","op":"notIn","value":["notStarted","enrolled"]},{"path":"employment.status","op":"eq","value":"employed"}],"any":[],"none":[]}	工牌发下来时，照片还是入职那天拍的。	工牌发下来时，照片还是入职那天拍的。	[{"type":"add","target":"employment.experience","value":1},{"type":"add","target":"pressures.career","value":-1},{"type":"tag","target":"history","value":"employment:beat:0:0"}]	无	无	无	三代理混排复核完成；已发现项已修正
beat_034		beat	employment	年龄 21—58；人物 []；门槛 {"all":[{"path":"education.status","op":"notIn","value":["notStarted","enrolled"]},{"path":"employment.status","op":"eq","value":"employed"}],"any":[],"none":[]}	楼下早餐店记住了你几点打卡。	楼下早餐店记住了你几点打卡。	[{"type":"add","target":"employment.experience","value":1},{"type":"add","target":"pressures.career","value":-1}]	无	无	无	三代理混排复核完成；已发现项已修正
beat_035		beat	employment	年龄 21—62；人物 []；门槛 {"all":[{"path":"education.status","op":"notIn","value":["notStarted","enrolled"]},{"path":"employment.status","op":"eq","value":"employed"}],"any":[],"none":[]}	同事离职后，你们约过两次吃饭。	同事离职后，你们约过两次吃饭。	[{"type":"add","target":"employment.experience","value":1},{"type":"add","target":"pressures.career","value":-1}]	无	无	无	三代理混排复核完成；已发现项已修正
beat_036		beat	employment	年龄 22—58；人物 []；门槛 {"all":[{"path":"education.status","op":"notIn","value":["notStarted","enrolled"]},{"path":"employment.status","op":"eq","value":"employed"}],"any":[],"none":[]}	今年没换工作，工资也没怎么动。	今年没换工作，工资也没怎么动。	[{"type":"add","target":"employment.experience","value":1},{"type":"add","target":"pressures.career","value":-1},{"type":"tag","target":"history","value":"employment:beat:0:3"}]	无	无	无	三代理混排复核完成；已发现项已修正
beat_037		beat	employment	年龄 20—62；人物 []；门槛 {"all":[{"path":"education.status","op":"notIn","value":["notStarted","enrolled"]},{"path":"employment.status","op":"eq","value":"employed"}],"any":[],"none":[]}	新工位离空调近，下午总得穿外套。	新工位离空调近，下午总得穿外套。	[{"type":"add","target":"employment.experience","value":1},{"type":"add","target":"pressures.career","value":-1}]	无	无	无	三代理混排复核完成；已发现项已修正
beat_038		beat	employment	年龄 25—62；人物 []；门槛 {"all":[{"path":"education.status","op":"notIn","value":["notStarted","enrolled"]},{"path":"employment.status","op":"eq","value":"employed"}],"any":[],"none":[]}	排班表改了三次，你的周末落在周二。	排班表改了三次，你的周末落在周二。	[{"type":"add","target":"employment.experience","value":1},{"type":"add","target":"pressures.career","value":-1}]	无	无	无	三代理混排复核完成；已发现项已修正
beat_039		beat	employment	年龄 25—66；人物 []；门槛 {"all":[{"path":"education.status","op":"notIn","value":["notStarted","enrolled"]},{"path":"employment.status","op":"eq","value":"employed"}],"any":[],"none":[]}	团建照片发进群，第二天没人再点开。	团建照片发进群，第二天没人再点开。	[{"type":"add","target":"employment.experience","value":1},{"type":"add","target":"pressures.career","value":-1},{"type":"tag","target":"history","value":"employment:beat:0:6"}]	无	无	无	三代理混排复核完成；已发现项已修正
beat_040		beat	employment	年龄 55—72；人物 []；门槛 {"all":[{"path":"education.status","op":"notIn","value":["notStarted","enrolled"]},{"path":"employment.status","op":"eq","value":"employed"}],"any":[],"none":[]}	工资到账那天，几笔固定开销也刚好扣走。	工资到账那天，几笔固定开销也刚好扣走。	[{"type":"add","target":"employment.experience","value":1},{"type":"add","target":"pressures.career","value":-1}]	无	无	无	三代理混排复核完成；已发现项已修正
beat_041		beat	employment	年龄 18—45；人物 []；门槛 {"all":[{"path":"education.status","op":"notIn","value":["notStarted","enrolled"]},{"path":"employment.status","op":"eq","value":"employed"}],"any":[],"none":[]}	主管换了头像，催进度的语气没变。	主管换了头像，催进度的语气没变。	[{"type":"add","target":"employment.experience","value":1},{"type":"add","target":"pressures.career","value":-1}]	无	无	无	三代理混排复核完成；已发现项已修正
beat_042		beat	employment	年龄 21—58；人物 []；门槛 {"all":[{"path":"education.status","op":"notIn","value":["notStarted","enrolled"]},{"path":"employment.status","op":"eq","value":"employed"}],"any":[],"none":[]}	你终于记住了会议室投影仪怎么开。	你终于记住了会议室投影仪怎么开。	[{"type":"add","target":"employment.experience","value":1},{"type":"add","target":"pressures.career","value":-1},{"type":"tag","target":"history","value":"employment:beat:1:1"}]	无	无	无	三代理混排复核完成；已发现项已修正
beat_043		beat	employment	年龄 21—62；人物 []；门槛 {"all":[{"path":"education.status","op":"notIn","value":["notStarted","enrolled"]},{"path":"employment.status","op":"eq","value":"employed"}],"any":[],"none":[]}	新同事问年假，群里安静了半分钟。	新同事问年假，群里安静了半分钟。	[{"type":"add","target":"employment.experience","value":1},{"type":"add","target":"pressures.career","value":-1}]	无	无	无	三代理混排复核完成；已发现项已修正
beat_044		beat	employment	年龄 22—58；人物 []；门槛 {"all":[{"path":"education.status","op":"notIn","value":["notStarted","enrolled"]},{"path":"employment.status","op":"eq","value":"employed"}],"any":[],"none":[]}	公司送了保温杯，杯身印着奋斗者。	公司送了保温杯，杯身印着奋斗者。	[{"type":"add","target":"employment.experience","value":1},{"type":"add","target":"pressures.career","value":-1}]	无	无	无	三代理混排复核完成；已发现项已修正
beat_045		beat	employment	年龄 20—62；人物 []；门槛 {"all":[{"path":"education.status","op":"notIn","value":["notStarted","enrolled"]},{"path":"employment.status","op":"eq","value":"employed"}],"any":[],"none":[]}	迟到一分钟要说明，加班两小时不用。	迟到一分钟要说明，加班两小时不用。	[{"type":"add","target":"employment.experience","value":1},{"type":"add","target":"pressures.career","value":-1},{"type":"tag","target":"history","value":"employment:beat:1:4"}]	无	无	无	三代理混排复核完成；已发现项已修正
beat_046		beat	employment	年龄 25—62；人物 []；门槛 {"all":[{"path":"education.status","op":"notIn","value":["notStarted","enrolled"]},{"path":"employment.status","op":"eq","value":"employed"}],"any":[],"none":[]}	大家轮流说建议，最后按原方案执行。	大家轮流说建议，最后按原方案执行。	[{"type":"add","target":"employment.experience","value":1},{"type":"add","target":"pressures.career","value":-1}]	无	无	无	三代理混排复核完成；已发现项已修正
beat_047		beat	employment	年龄 25—66；人物 []；门槛 {"all":[{"path":"education.status","op":"notIn","value":["notStarted","enrolled"]},{"path":"employment.status","op":"eq","value":"employed"}],"any":[],"none":[]}	你在厕所隔间听见领导谈优化名单。	你在厕所隔间听见领导谈优化名单。	[{"type":"add","target":"employment.experience","value":1},{"type":"add","target":"pressures.career","value":-1}]	无	无	无	三代理混排复核完成；已发现项已修正
beat_048		beat	employment	年龄 55—72；人物 []；门槛 {"all":[{"path":"education.status","op":"notIn","value":["notStarted","enrolled"]},{"path":"employment.status","op":"eq","value":"employed"}],"any":[],"none":[]}	调休申请通过时，原定周末已经过去。	调休申请通过时，原定周末已经过去。	[{"type":"add","target":"employment.experience","value":1},{"type":"add","target":"pressures.career","value":-1},{"type":"tag","target":"history","value":"employment:beat:1:7"}]	无	无	无	三代理混排复核完成；已发现项已修正
beat_049		beat	employment	年龄 18—45；人物 []；门槛 {"all":[{"path":"education.status","op":"notIn","value":["notStarted","enrolled"]},{"path":"employment.status","op":"eq","value":"employed"}],"any":[],"none":[]}	绩效面谈先聊成长，最后只涨了称呼。	绩效面谈先聊成长，最后只涨了称呼。	[{"type":"add","target":"employment.experience","value":1},{"type":"add","target":"pressures.career","value":4}]	无	无	无	三代理混排复核完成；已发现项已修正
beat_050		beat	employment	年龄 21—58；人物 []；门槛 {"all":[{"path":"education.status","op":"notIn","value":["notStarted","enrolled"]},{"path":"employment.status","op":"eq","value":"employed"}],"any":[],"none":[]}	离职同事退群后，表情包还留在收藏。	离职同事退群后，表情包还留在收藏。	[{"type":"add","target":"employment.experience","value":1},{"type":"add","target":"pressures.career","value":4}]	无	无	无	三代理混排复核完成；已发现项已修正
beat_051		beat	employment	年龄 21—62；人物 []；门槛 {"all":[{"path":"education.status","op":"notIn","value":["notStarted","enrolled"]},{"path":"employment.status","op":"eq","value":"employed"}],"any":[],"none":[]}	HR说工资保密，部门群却公开排名。	HR说工资保密，部门群却公开排名。	[{"type":"add","target":"employment.experience","value":1},{"type":"add","target":"pressures.career","value":4},{"type":"tag","target":"history","value":"employment:beat:2:2"}]	无	无	无	三代理混排复核完成；已发现项已修正
beat_052		beat	employment	年龄 22—58；人物 []；门槛 {"all":[{"path":"education.status","op":"notIn","value":["notStarted","enrolled"]},{"path":"employment.status","op":"eq","value":"employed"}],"any":[],"none":[]}	合同写双休，排班表把周六算机动。	合同写双休，排班表把周六算机动。	[{"type":"add","target":"employment.experience","value":1},{"type":"add","target":"pressures.career","value":4}]	无	无	无	三代理混排复核完成；已发现项已修正
beat_053		beat	employment	年龄 20—62；人物 []；门槛 {"all":[{"path":"education.status","op":"notIn","value":["notStarted","enrolled"]},{"path":"employment.status","op":"eq","value":"employed"}],"any":[],"none":[]}	客户晚上十一点发来一句“在吗”。	客户晚上十一点发来一句“在吗”。	[{"type":"add","target":"employment.experience","value":1},{"type":"add","target":"pressures.career","value":4}]	无	无	无	三代理混排复核完成；已发现项已修正
beat_054		beat	employment	年龄 25—62；人物 []；门槛 {"all":[{"path":"education.status","op":"notIn","value":["notStarted","enrolled"]},{"path":"employment.status","op":"eq","value":"employed"}],"any":[],"none":[]}	主管让你“自愿报名”周末支援。	主管让你“自愿报名”周末支援。	[{"type":"add","target":"employment.experience","value":1},{"type":"add","target":"pressures.career","value":4},{"type":"tag","target":"history","value":"employment:beat:2:5"}]	无	无	无	三代理混排复核完成；已发现项已修正
beat_055		beat	employment	年龄 25—66；人物 []；门槛 {"all":[{"path":"education.status","op":"notIn","value":["notStarted","enrolled"]},{"path":"employment.status","op":"eq","value":"employed"}],"any":[],"none":[]}	报销单退回三次，每次理由都不一样。	报销单退回三次，每次理由都不一样。	[{"type":"add","target":"employment.experience","value":1},{"type":"add","target":"pressures.career","value":4}]	无	无	无	三代理混排复核完成；已发现项已修正
beat_056		beat	employment	年龄 55—72；人物 []；门槛 {"all":[{"path":"education.status","op":"notIn","value":["notStarted","enrolled"]},{"path":"employment.status","op":"eq","value":"employed"}],"any":[],"none":[]}	组织优化后，两个人接了五个人的活。	组织优化后，两个人接了五个人的活。	[{"type":"add","target":"employment.experience","value":1},{"type":"add","target":"pressures.career","value":4}]	无	无	无	三代理混排复核完成；已发现项已修正
beat_057		beat	employment	年龄 18—45；人物 []；门槛 {"all":[{"path":"education.status","op":"notIn","value":["notStarted","enrolled"]},{"path":"employment.status","op":"eq","value":"employed"}],"any":[],"none":[]}	招聘时说扁平，出错时层级全回来了。	招聘时说扁平，出错时层级全回来了。	[{"type":"add","target":"employment.experience","value":1},{"type":"add","target":"pressures.career","value":7},{"type":"tag","target":"history","value":"employment:beat:3:0"}]	无	无	无	三代理混排复核完成；已发现项已修正
beat_058		beat	employment	年龄 21—58；人物 []；门槛 {"all":[{"path":"education.status","op":"notIn","value":["notStarted","enrolled"]},{"path":"employment.status","op":"eq","value":"employed"}],"any":[],"none":[]}	公司搬远了，通勤每天多出九十分钟。	公司搬远了，通勤每天多出九十分钟。	[{"type":"add","target":"employment.experience","value":1},{"type":"add","target":"pressures.career","value":7}]	无	无	无	三代理混排复核完成；已发现项已修正
beat_059		beat	employment	年龄 21—62；人物 []；门槛 {"all":[{"path":"education.status","op":"notIn","value":["notStarted","enrolled"]},{"path":"employment.status","op":"eq","value":"employed"}],"any":[],"none":[]}	项目延期，负责人名单上只有你的名字。	项目延期，负责人名单上只有你的名字。	[{"type":"add","target":"employment.experience","value":1},{"type":"add","target":"pressures.career","value":7}]	无	无	无	三代理混排复核完成；已发现项已修正
beat_060		beat	employment	年龄 22—58；人物 []；门槛 {"all":[{"path":"education.status","op":"notIn","value":["notStarted","enrolled"]},{"path":"employment.status","op":"eq","value":"employed"}],"any":[],"none":[]}	工资晚发半个月，财务让大家再理解一下。	工资晚发半个月，财务让大家再理解一下。	[{"type":"add","target":"employment.experience","value":1},{"type":"add","target":"pressures.career","value":7},{"type":"tag","target":"history","value":"employment:beat:3:3"}]	无	无	无	三代理混排复核完成；已发现项已修正
beat_061		beat	employment	年龄 20—62；人物 []；门槛 {"all":[{"path":"education.status","op":"notIn","value":["notStarted","enrolled"]},{"path":"employment.status","op":"eq","value":"employed"}],"any":[],"none":[]}	裁员邮件发出前，门禁先刷不开了。	裁员邮件发出前，门禁先刷不开了。	[{"type":"add","target":"employment.experience","value":1},{"type":"add","target":"pressures.career","value":7}]	无	无	无	三代理混排复核完成；已发现项已修正
beat_062		beat	employment	年龄 25—62；人物 []；门槛 {"all":[{"path":"education.status","op":"notIn","value":["notStarted","enrolled"]},{"path":"employment.status","op":"eq","value":"employed"}],"any":[],"none":[]}	体检报告建议休息，排班表已经排到下月。	体检报告建议休息，排班表已经排到下月。	[{"type":"add","target":"employment.experience","value":1},{"type":"add","target":"pressures.career","value":7}]	无	无	无	三代理混排复核完成；已发现项已修正
beat_063		beat	employment	年龄 25—66；人物 []；门槛 {"all":[{"path":"education.status","op":"notIn","value":["notStarted","enrolled"]},{"path":"employment.status","op":"eq","value":"employed"}],"any":[],"none":[]}	部门撤掉那天，你的工牌还能刷到下午。	部门撤掉那天，你的工牌还能刷到下午。	[{"type":"add","target":"employment.experience","value":1},{"type":"add","target":"pressures.career","value":7},{"type":"tag","target":"history","value":"employment:beat:3:6"}]	无	无	无	三代理混排复核完成；已发现项已修正
beat_064		beat	employment	年龄 55—72；人物 []；门槛 {"all":[{"path":"education.status","op":"notIn","value":["notStarted","enrolled"]},{"path":"employment.status","op":"eq","value":"employed"}],"any":[],"none":[]}	社保记录少了一段，人事让你在截止日前补齐材料。	社保记录少了一段，人事让你在截止日前补齐材料。	[{"type":"add","target":"employment.experience","value":1},{"type":"add","target":"pressures.career","value":7}]	无	无	无	三代理混排复核完成；已发现项已修正
beat_065		beat	public	年龄 18—42；人物 []；门槛 {"all":[{"path":"education.level","op":"gte","value":3},{"path":"employment.employerType","op":"eq","value":"public"}],"any":[],"none":[]}	报名表打印两份，一份装订，一份留着补材料。	报名表打印两份，一份装订，一份留着补材料。	[{"type":"add","target":"employment.publicExperience","value":1},{"type":"add","target":"pressures.career","value":2},{"type":"tag","target":"history","value":"public:beat:0:0"}]	无	无	无	三代理混排复核完成；已发现项已修正
beat_066		beat	public	年龄 18—45；人物 []；门槛 {"all":[{"path":"education.level","op":"gte","value":3},{"path":"employment.employerType","op":"eq","value":"public"}],"any":[],"none":[]}	窗口八点半开，你提前十分钟排在第三个。	窗口八点半开，你提前十分钟排在第三个。	[{"type":"add","target":"employment.publicExperience","value":1},{"type":"add","target":"pressures.career","value":2}]	无	无	无	三代理混排复核完成；已发现项已修正
beat_067		beat	public	年龄 20—48；人物 []；门槛 {"all":[{"path":"education.level","op":"gte","value":3},{"path":"employment.employerType","op":"eq","value":"public"}],"any":[],"none":[]}	工位上的茶叶换过几次，搪瓷杯一直没换。	工位上的茶叶换过几次，搪瓷杯一直没换。	[{"type":"add","target":"employment.publicExperience","value":1},{"type":"add","target":"pressures.career","value":2}]	无	无	无	三代理混排复核完成；已发现项已修正
beat_068		beat	public	年龄 20—62；人物 []；门槛 {"all":[{"path":"education.level","op":"gte","value":3},{"path":"employment.employerType","op":"eq","value":"public"}],"any":[],"none":[]}	值班表贴到月底，你圈出了自己的两个周末。	值班表贴到月底，你圈出了自己的两个周末。	[{"type":"add","target":"employment.publicExperience","value":1},{"type":"add","target":"pressures.career","value":2},{"type":"tag","target":"history","value":"public:beat:0:3"}]	无	无	无	三代理混排复核完成；已发现项已修正
beat_069		beat	public	年龄 25—58；人物 []；门槛 {"all":[{"path":"education.level","op":"gte","value":3},{"path":"employment.employerType","op":"eq","value":"public"}],"any":[],"none":[]}	借调的人又续了半年，桌上的东西仍没搬完。	借调的人又续了半年，桌上的东西仍没搬完。	[{"type":"add","target":"employment.publicExperience","value":1},{"type":"add","target":"pressures.career","value":2}]	无	无	无	三代理混排复核完成；已发现项已修正
beat_070		beat	public	年龄 25—62；人物 []；门槛 {"all":[{"path":"education.level","op":"gte","value":3},{"path":"employment.employerType","op":"eq","value":"public"}],"any":[],"none":[]}	文件传到你手里时，前面已经签了七个名字。	文件传到你手里时，前面已经签了七个名字。	[{"type":"add","target":"employment.publicExperience","value":1},{"type":"add","target":"pressures.career","value":2}]	无	无	无	三代理混排复核完成；已发现项已修正
beat_071		beat	public	年龄 25—62；人物 []；门槛 {"all":[{"path":"education.level","op":"gte","value":3},{"path":"employment.employerType","op":"eq","value":"public"}],"any":[],"none":[]}	食堂师傅记得你不要香菜，不记得你在哪个科。	食堂师傅记得你不要香菜，不记得你在哪个科。	[{"type":"add","target":"employment.publicExperience","value":1},{"type":"add","target":"pressures.career","value":2},{"type":"tag","target":"history","value":"public:beat:0:6"}]	无	无	无	三代理混排复核完成；已发现项已修正
beat_072		beat	public	年龄 55—72；人物 []；门槛 {"all":[{"path":"education.level","op":"gte","value":3},{"path":"employment.employerType","op":"eq","value":"public"}],"any":[],"none":[]}	今年考核仍是合格，评语只改了一个词。	今年考核仍是合格，评语只改了一个词。	[{"type":"add","target":"employment.publicExperience","value":1},{"type":"add","target":"pressures.career","value":2}]	无	无	无	三代理混排复核完成；已发现项已修正
beat_073		beat	public	年龄 18—42；人物 []；门槛 {"all":[{"path":"education.level","op":"gte","value":3},{"path":"employment.employerType","op":"eq","value":"public"}],"any":[],"none":[]}	退休同事回来办事，门卫还认得他的旧车。	退休同事回来办事，门卫还认得他的旧车。	[{"type":"add","target":"employment.publicExperience","value":1},{"type":"add","target":"pressures.career","value":2}]	无	无	无	三代理混排复核完成；已发现项已修正
beat_074		beat	public	年龄 18—45；人物 []；门槛 {"all":[{"path":"education.level","op":"gte","value":3},{"path":"employment.employerType","op":"eq","value":"public"}],"any":[],"none":[]}	社区群每天有人问同一个证明去哪里开。	社区群每天有人问同一个证明去哪里开。	[{"type":"add","target":"employment.publicExperience","value":1},{"type":"add","target":"pressures.career","value":2},{"type":"tag","target":"history","value":"public:beat:1:1"}]	无	无	无	三代理混排复核完成；已发现项已修正
beat_075		beat	public	年龄 20—48；人物 []；门槛 {"all":[{"path":"education.level","op":"gte","value":3},{"path":"employment.employerType","op":"eq","value":"public"}],"any":[],"none":[]}	会议说精简材料，散会后又补发两张表。	会议说精简材料，散会后又补发两张表。	[{"type":"add","target":"employment.publicExperience","value":1},{"type":"add","target":"pressures.career","value":2}]	无	无	无	三代理混排复核完成；已发现项已修正
beat_076		beat	public	年龄 20—62；人物 []；门槛 {"all":[{"path":"education.level","op":"gte","value":3},{"path":"employment.employerType","op":"eq","value":"public"}],"any":[],"none":[]}	群里通知自愿值守，接龙很快排到了你。	群里通知自愿值守，接龙很快排到了你。	[{"type":"add","target":"employment.publicExperience","value":1},{"type":"add","target":"pressures.career","value":2}]	无	无	无	三代理混排复核完成；已发现项已修正
beat_077		beat	public	年龄 25—58；人物 []；门槛 {"all":[{"path":"education.level","op":"gte","value":3},{"path":"employment.employerType","op":"eq","value":"public"}],"any":[],"none":[]}	窗口写一次办结，复印店却知道要跑几趟。	窗口写一次办结，复印店却知道要跑几趟。	[{"type":"add","target":"employment.publicExperience","value":1},{"type":"add","target":"pressures.career","value":2},{"type":"tag","target":"history","value":"public:beat:1:4"}]	无	无	无	三代理混排复核完成；已发现项已修正
beat_078		beat	public	年龄 25—62；人物 []；门槛 {"all":[{"path":"education.level","op":"gte","value":3},{"path":"employment.employerType","op":"eq","value":"public"}],"any":[],"none":[]}	同事说借调很快结束，纸箱已经用了两年。	同事说借调很快结束，纸箱已经用了两年。	[{"type":"add","target":"employment.publicExperience","value":1},{"type":"add","target":"pressures.career","value":2}]	无	无	无	三代理混排复核完成；已发现项已修正
beat_079		beat	public	年龄 25—62；人物 []；门槛 {"all":[{"path":"education.level","op":"gte","value":3},{"path":"employment.employerType","op":"eq","value":"public"}],"any":[],"none":[]}	培训讲服务群众，签到退场都要刷脸。	培训讲服务群众，签到退场都要刷脸。	[{"type":"add","target":"employment.publicExperience","value":1},{"type":"add","target":"pressures.career","value":2}]	无	无	无	三代理混排复核完成；已发现项已修正
beat_080		beat	public	年龄 55—72；人物 []；门槛 {"all":[{"path":"education.level","op":"gte","value":3},{"path":"employment.employerType","op":"eq","value":"public"}],"any":[],"none":[]}	领导让大家畅所欲言，记录员先合上了本子。	领导让大家畅所欲言，记录员先合上了本子。	[{"type":"add","target":"employment.publicExperience","value":1},{"type":"add","target":"pressures.career","value":2},{"type":"tag","target":"history","value":"public:beat:1:7"}]	无	无	无	三代理混排复核完成；已发现项已修正
beat_081		beat	public	年龄 18—42；人物 []；门槛 {"all":[{"path":"education.level","op":"gte","value":3},{"path":"employment.employerType","op":"eq","value":"public"}],"any":[],"none":[]}	文件标题改了三遍，正文只换了发布日期。	文件标题改了三遍，正文只换了发布日期。	[{"type":"add","target":"employment.publicExperience","value":1},{"type":"add","target":"pressures.career","value":2}]	无	无	无	三代理混排复核完成；已发现项已修正
beat_082		beat	public	年龄 18—45；人物 []；门槛 {"all":[{"path":"education.level","op":"gte","value":3},{"path":"employment.employerType","op":"eq","value":"public"}],"any":[],"none":[]}	退休欢送会刚散，返聘表就递到了桌上。	退休欢送会刚散，返聘表就递到了桌上。	[{"type":"add","target":"employment.publicExperience","value":1},{"type":"add","target":"pressures.career","value":2}]	无	无	无	三代理混排复核完成；已发现项已修正
beat_083		beat	public	年龄 20—48；人物 []；门槛 {"all":[{"path":"education.level","op":"gte","value":3},{"path":"employment.employerType","op":"eq","value":"public"}],"any":[],"none":[]}	资格审查说经历不连续，要原单位重新盖章。	资格审查说经历不连续，要原单位重新盖章。	[{"type":"add","target":"employment.publicExperience","value":1},{"type":"add","target":"pressures.career","value":2},{"type":"tag","target":"history","value":"public:beat:2:2"}]	无	无	无	三代理混排复核完成；已发现项已修正
beat_084		beat	public	年龄 20—62；人物 []；门槛 {"all":[{"path":"education.level","op":"gte","value":3},{"path":"employment.employerType","op":"eq","value":"public"}],"any":[],"none":[]}	群众来回跑了两趟，系统仍显示材料未上传。	群众来回跑了两趟，系统仍显示材料未上传。	[{"type":"add","target":"employment.publicExperience","value":1},{"type":"add","target":"pressures.career","value":2}]	无	无	无	三代理混排复核完成；已发现项已修正
beat_085		beat	public	年龄 25—58；人物 []；门槛 {"all":[{"path":"education.level","op":"gte","value":3},{"path":"employment.employerType","op":"eq","value":"public"}],"any":[],"none":[]}	熟人把身份证号发来，只说麻烦帮忙看看。	熟人把身份证号发来，只说麻烦帮忙看看。	[{"type":"add","target":"employment.publicExperience","value":1},{"type":"add","target":"pressures.career","value":2}]	无	无	无	三代理混排复核完成；已发现项已修正
beat_086		beat	public	年龄 25—62；人物 []；门槛 {"all":[{"path":"education.level","op":"gte","value":3},{"path":"employment.employerType","op":"eq","value":"public"}],"any":[],"none":[]}	你在基层干了三年，调动表还停在待研究。	你在基层干了三年，调动表还停在待研究。	[{"type":"add","target":"employment.publicExperience","value":1},{"type":"add","target":"pressures.career","value":2},{"type":"tag","target":"history","value":"public:beat:2:5"}]	无	无	无	三代理混排复核完成；已发现项已修正
beat_087		beat	public	年龄 25—62；人物 []；门槛 {"all":[{"path":"education.level","op":"gte","value":3},{"path":"employment.employerType","op":"eq","value":"public"}],"any":[],"none":[]}	投诉电话点了你的名字，流程却不是你定的。	投诉电话点了你的名字，流程却不是你定的。	[{"type":"add","target":"employment.publicExperience","value":1},{"type":"add","target":"pressures.career","value":2}]	无	无	无	三代理混排复核完成；已发现项已修正
beat_088		beat	public	年龄 55—72；人物 []；门槛 {"all":[{"path":"education.level","op":"gte","value":3},{"path":"employment.employerType","op":"eq","value":"public"}],"any":[],"none":[]}	借调通知没写期限，原岗位也没有替你保留。	借调通知没写期限，原岗位也没有替你保留。	[{"type":"add","target":"employment.publicExperience","value":1},{"type":"add","target":"pressures.career","value":2}]	无	无	无	三代理混排复核完成；已发现项已修正
beat_089		beat	public	年龄 18—42；人物 []；门槛 {"all":[{"path":"education.level","op":"gte","value":3},{"path":"employment.employerType","op":"eq","value":"public"}],"any":[],"none":[]}	考核材料要写创新，日常工作却不能出一点差错。	考核材料要写创新，日常工作却不能出一点差错。	[{"type":"add","target":"employment.publicExperience","value":1},{"type":"add","target":"pressures.career","value":6},{"type":"tag","target":"history","value":"public:beat:3:0"}]	无	无	无	三代理混排复核完成；已发现项已修正
beat_090		beat	public	年龄 18—45；人物 []；门槛 {"all":[{"path":"education.level","op":"gte","value":3},{"path":"employment.employerType","op":"eq","value":"public"}],"any":[],"none":[]}	入职材料里一段缴费记录对不上，档案室让你补原单位的证明。	入职材料里一段缴费记录对不上，档案室让你补原单位的证明。	[{"type":"add","target":"employment.publicExperience","value":1},{"type":"add","target":"pressures.career","value":6}]	无	无	无	三代理混排复核完成；已发现项已修正
beat_091		beat	public	年龄 20—48；人物 []；门槛 {"all":[{"path":"education.level","op":"gte","value":3},{"path":"employment.employerType","op":"eq","value":"public"}],"any":[],"none":[]}	汛情值守开始后，你连续三晚睡在办公室。	汛情值守开始后，你连续三晚睡在办公室。	[{"type":"add","target":"employment.publicExperience","value":1},{"type":"add","target":"pressures.career","value":6}]	无	无	无	三代理混排复核完成；已发现项已修正
beat_092		beat	public	年龄 20—62；人物 []；门槛 {"all":[{"path":"education.level","op":"gte","value":3},{"path":"employment.employerType","op":"eq","value":"public"}],"any":[],"none":[]}	舆情截图传开时，完整的办理记录还没调出来。	舆情截图传开时，完整的办理记录还没调出来。	[{"type":"add","target":"employment.publicExperience","value":1},{"type":"add","target":"pressures.career","value":6},{"type":"tag","target":"history","value":"public:beat:3:3"}]	无	无	无	三代理混排复核完成；已发现项已修正
beat_093		beat	public	年龄 25—58；人物 []；门槛 {"all":[{"path":"education.level","op":"gte","value":3},{"path":"employment.employerType","op":"eq","value":"public"}],"any":[],"none":[]}	晋升名单公示，你的基层年限被算少了半年。	晋升名单公示，你的基层年限被算少了半年。	[{"type":"add","target":"employment.publicExperience","value":1},{"type":"add","target":"pressures.career","value":6}]	无	无	无	三代理混排复核完成；已发现项已修正
beat_094		beat	public	年龄 25—62；人物 []；门槛 {"all":[{"path":"education.level","op":"gte","value":3},{"path":"employment.employerType","op":"eq","value":"public"}],"any":[],"none":[]}	一次待遇核算少计了工作年限，复核期限只剩五个工作日。	一次待遇核算少计了工作年限，复核期限只剩五个工作日。	[{"type":"add","target":"employment.publicExperience","value":1},{"type":"add","target":"pressures.career","value":6}]	无	无	无	三代理混排复核完成；已发现项已修正
beat_095		beat	public	年龄 25—62；人物 []；门槛 {"all":[{"path":"education.level","op":"gte","value":3},{"path":"employment.employerType","op":"eq","value":"public"}],"any":[],"none":[]}	你第一次坐进窗口，玻璃外已经排了二十多个人。	你第一次坐进窗口，玻璃外已经排了二十多个人。	[{"type":"add","target":"employment.publicExperience","value":1},{"type":"add","target":"pressures.career","value":6},{"type":"tag","target":"history","value":"public:beat:3:6"}]	无	无	无	三代理混排复核完成；已发现项已修正
beat_096		beat	public	年龄 55—72；人物 []；门槛 {"all":[{"path":"education.level","op":"gte","value":3},{"path":"employment.employerType","op":"eq","value":"public"}],"any":[],"none":[]}	轮岗交接那天，你把经办章和未办清单交给了接班的人。	轮岗交接那天，你把经办章和未办清单交给了接班的人。	[{"type":"add","target":"employment.publicExperience","value":1},{"type":"add","target":"pressures.career","value":6}]	无	无	无	三代理混排复核完成；已发现项已修正
beat_097		beat	remote	年龄 20—65；人物 []；门槛 {"all":[{"path":"capabilities.portableSkill","op":"gte","value":1}],"any":[{"path":"employment.arrangement","op":"in","value":["remote","hybrid"]},{"path":"mobility.mode","op":"in","value":["domesticNomad","overseasNomad"]}],"none":[]}	早会结束时，楼下卖豆浆的刚开始收摊。	早会结束时，楼下卖豆浆的刚开始收摊。	[{"type":"add","target":"mobility.platformDependence","value":1},{"type":"add","target":"pressures.loneliness","value":-1},{"type":"tag","target":"history","value":"remote:beat:0:0"}]	无	无	无	三代理混排复核完成；已发现项已修正
beat_098		beat	remote	年龄 22—70；人物 []；门槛 {"all":[{"path":"capabilities.portableSkill","op":"gte","value":1}],"any":[{"path":"employment.arrangement","op":"in","value":["remote","hybrid"]},{"path":"mobility.mode","op":"in","value":["domesticNomad","overseasNomad"]}],"none":[]}	你换了三家民宿，视频背景一直是同一面白墙。	你换了三家民宿，视频背景一直是同一面白墙。	[{"type":"add","target":"mobility.platformDependence","value":1},{"type":"add","target":"pressures.loneliness","value":-1}]	无	无	无	三代理混排复核完成；已发现项已修正
beat_099		beat	remote	年龄 22—72；人物 []；门槛 {"all":[{"path":"capabilities.portableSkill","op":"gte","value":1}],"any":[{"path":"employment.arrangement","op":"in","value":["remote","hybrid"]},{"path":"mobility.mode","op":"in","value":["domesticNomad","overseasNomad"]}],"none":[]}	客户头像亮着，所在地已经过了凌晨。	客户头像亮着，所在地已经过了凌晨。	[{"type":"add","target":"mobility.platformDependence","value":1},{"type":"add","target":"pressures.loneliness","value":-1}]	无	无	无	三代理混排复核完成；已发现项已修正
beat_100		beat	remote	年龄 23—70；人物 []；门槛 {"all":[{"path":"capabilities.portableSkill","op":"gte","value":1}],"any":[{"path":"employment.arrangement","op":"in","value":["remote","hybrid"]},{"path":"mobility.mode","op":"in","value":["domesticNomad","overseasNomad"]}],"none":[]}	快递送到门口，你正好在会议里开着麦。	快递送到门口，你正好在会议里开着麦。	[{"type":"add","target":"mobility.platformDependence","value":1},{"type":"add","target":"pressures.loneliness","value":-1},{"type":"tag","target":"history","value":"remote:beat:0:3"}]	无	无	无	三代理混排复核完成；已发现项已修正
beat_101		beat	remote	年龄 23—72；人物 []；门槛 {"all":[{"path":"capabilities.portableSkill","op":"gte","value":1}],"any":[{"path":"employment.arrangement","op":"in","value":["remote","hybrid"]},{"path":"mobility.mode","op":"in","value":["domesticNomad","overseasNomad"]}],"none":[]}	共享办公位按天续费，窗边总比插座先被占。	共享办公位按天续费，窗边总比插座先被占。	[{"type":"add","target":"mobility.platformDependence","value":1},{"type":"add","target":"pressures.loneliness","value":-1}]	无	无	无	三代理混排复核完成；已发现项已修正
beat_102		beat	remote	年龄 25—78；人物 []；门槛 {"all":[{"path":"capabilities.portableSkill","op":"gte","value":1}],"any":[{"path":"employment.arrangement","op":"in","value":["remote","hybrid"]},{"path":"mobility.mode","op":"in","value":["domesticNomad","overseasNomad"]}],"none":[]}	今年没去办公室，工牌仍放在抽屉最里面。	今年没去办公室，工牌仍放在抽屉最里面。	[{"type":"add","target":"mobility.platformDependence","value":1},{"type":"add","target":"pressures.loneliness","value":-1}]	无	无	无	三代理混排复核完成；已发现项已修正
beat_103		beat	remote	年龄 25—80；人物 []；门槛 {"all":[{"path":"capabilities.portableSkill","op":"gte","value":1}],"any":[{"path":"employment.arrangement","op":"in","value":["remote","hybrid"]},{"path":"mobility.mode","op":"in","value":["domesticNomad","overseasNomad"]}],"none":[]}	项目群散了以后，几个人又建了一个闲聊群。	项目群散了以后，几个人又建了一个闲聊群。	[{"type":"add","target":"mobility.platformDependence","value":1},{"type":"add","target":"pressures.loneliness","value":-1},{"type":"tag","target":"history","value":"remote:beat:0:6"}]	无	无	无	三代理混排复核完成；已发现项已修正
beat_104		beat	remote	年龄 28—82；人物 []；门槛 {"all":[{"path":"capabilities.portableSkill","op":"gte","value":1}],"any":[{"path":"employment.arrangement","op":"in","value":["remote","hybrid"]},{"path":"mobility.mode","op":"in","value":["domesticNomad","overseasNomad"]}],"none":[]}	民宿网速够开会，热水却只够洗十分钟。	民宿网速够开会，热水却只够洗十分钟。	[{"type":"add","target":"mobility.platformDependence","value":1},{"type":"add","target":"pressures.loneliness","value":-1}]	无	无	无	三代理混排复核完成；已发现项已修正
beat_105		beat	remote	年龄 20—65；人物 []；门槛 {"all":[{"path":"capabilities.portableSkill","op":"gte","value":1}],"any":[{"path":"employment.arrangement","op":"in","value":["remote","hybrid"]},{"path":"mobility.mode","op":"in","value":["domesticNomad","overseasNomad"]}],"none":[]}	收入从三个平台来，账单也分散在三个后台。	收入从三个平台来，账单也分散在三个后台。	[{"type":"add","target":"mobility.platformDependence","value":1},{"type":"add","target":"pressures.loneliness","value":2}]	无	无	无	三代理混排复核完成；已发现项已修正
beat_106		beat	remote	年龄 22—70；人物 []；门槛 {"all":[{"path":"capabilities.portableSkill","op":"gte","value":1}],"any":[{"path":"employment.arrangement","op":"in","value":["remote","hybrid"]},{"path":"mobility.mode","op":"in","value":["domesticNomad","overseasNomad"]}],"none":[]}	你在日历上标出周末，客户只看见在线状态。	你在日历上标出周末，客户只看见在线状态。	[{"type":"add","target":"mobility.platformDependence","value":1},{"type":"add","target":"pressures.loneliness","value":2},{"type":"tag","target":"history","value":"remote:beat:1:1"}]	无	无	无	三代理混排复核完成；已发现项已修正
beat_107		beat	remote	年龄 22—72；人物 []；门槛 {"all":[{"path":"capabilities.portableSkill","op":"gte","value":1}],"any":[{"path":"employment.arrangement","op":"in","value":["remote","hybrid"]},{"path":"mobility.mode","op":"in","value":["domesticNomad","overseasNomad"]}],"none":[]}	视频会议卡住时，你的表情停在最严肃一帧。	视频会议卡住时，你的表情停在最严肃一帧。	[{"type":"add","target":"mobility.platformDependence","value":1},{"type":"add","target":"pressures.loneliness","value":2}]	无	无	无	三代理混排复核完成；已发现项已修正
beat_108		beat	remote	年龄 23—70；人物 []；门槛 {"all":[{"path":"capabilities.portableSkill","op":"gte","value":1}],"any":[{"path":"employment.arrangement","op":"in","value":["remote","hybrid"]},{"path":"mobility.mode","op":"in","value":["domesticNomad","overseasNomad"]}],"none":[]}	客户说时间灵活，默认灵活的是你的凌晨。	客户说时间灵活，默认灵活的是你的凌晨。	[{"type":"add","target":"mobility.platformDependence","value":1},{"type":"add","target":"pressures.loneliness","value":2}]	无	无	无	三代理混排复核完成；已发现项已修正
beat_109		beat	remote	年龄 23—72；人物 []；门槛 {"all":[{"path":"capabilities.portableSkill","op":"gte","value":1}],"any":[{"path":"employment.arrangement","op":"in","value":["remote","hybrid"]},{"path":"mobility.mode","op":"in","value":["domesticNomad","overseasNomad"]}],"none":[]}	民宿老板问你来旅游，还是来屋里上班。	民宿老板问你来旅游，还是来屋里上班。	[{"type":"add","target":"mobility.platformDependence","value":1},{"type":"add","target":"pressures.loneliness","value":2},{"type":"tag","target":"history","value":"remote:beat:1:4"}]	无	无	无	三代理混排复核完成；已发现项已修正
beat_110		beat	remote	年龄 25—78；人物 []；门槛 {"all":[{"path":"capabilities.portableSkill","op":"gte","value":1}],"any":[{"path":"employment.arrangement","op":"in","value":["remote","hybrid"]},{"path":"mobility.mode","op":"in","value":["domesticNomad","overseasNomad"]}],"none":[]}	平台祝你创作愉快，随后下调了这月分成。	平台祝你创作愉快，随后下调了这月分成。	[{"type":"add","target":"mobility.platformDependence","value":1},{"type":"add","target":"pressures.loneliness","value":2}]	无	无	无	三代理混排复核完成；已发现项已修正
beat_111		beat	remote	年龄 25—80；人物 []；门槛 {"all":[{"path":"capabilities.portableSkill","op":"gte","value":1}],"any":[{"path":"employment.arrangement","op":"in","value":["remote","hybrid"]},{"path":"mobility.mode","op":"in","value":["domesticNomad","overseasNomad"]}],"none":[]}	线上团建玩了两小时，所有人都在等结束按钮。	线上团建玩了两小时，所有人都在等结束按钮。	[{"type":"add","target":"mobility.platformDependence","value":1},{"type":"add","target":"pressures.loneliness","value":2}]	无	无	无	三代理混排复核完成；已发现项已修正
beat_112		beat	remote	年龄 28—82；人物 []；门槛 {"all":[{"path":"capabilities.portableSkill","op":"gte","value":1}],"any":[{"path":"employment.arrangement","op":"in","value":["remote","hybrid"]},{"path":"mobility.mode","op":"in","value":["domesticNomad","overseasNomad"]}],"none":[]}	你发了休假状态，消息前缀仍写着不急。	你发了休假状态，消息前缀仍写着不急。	[{"type":"add","target":"mobility.platformDependence","value":1},{"type":"add","target":"pressures.loneliness","value":2},{"type":"tag","target":"history","value":"remote:beat:1:7"}]	无	无	无	三代理混排复核完成；已发现项已修正
beat_113		beat	remote	年龄 20—65；人物 []；门槛 {"all":[{"path":"capabilities.portableSkill","op":"gte","value":1}],"any":[{"path":"employment.arrangement","op":"in","value":["remote","hybrid"]},{"path":"mobility.mode","op":"in","value":["domesticNomad","overseasNomad"]}],"none":[]}	咖啡店换了密码，你在开会前点了第二杯。	咖啡店换了密码，你在开会前点了第二杯。	[{"type":"add","target":"mobility.platformDependence","value":5},{"type":"add","target":"pressures.loneliness","value":2}]	无	无	无	三代理混排复核完成；已发现项已修正
beat_114		beat	remote	年龄 22—70；人物 []；门槛 {"all":[{"path":"capabilities.portableSkill","op":"gte","value":1},{"path":"mobility.mode","op":"eq","value":"overseasNomad"}],"any":[{"path":"employment.arrangement","op":"in","value":["remote","hybrid"]},{"path":"mobility.mode","op":"in","value":["domesticNomad","overseasNomad"]}],"none":[]}	签证表问固定住址，你写了上个月的民宿。	签证表问固定住址，你写了上个月的民宿。	[{"type":"add","target":"mobility.platformDependence","value":5},{"type":"add","target":"pressures.loneliness","value":2}]	无	无	无	三代理混排复核完成；已发现项已修正
beat_115		beat	remote	年龄 22—72；人物 []；门槛 {"all":[{"path":"capabilities.portableSkill","op":"gte","value":1}],"any":[{"path":"employment.arrangement","op":"in","value":["remote","hybrid"]},{"path":"mobility.mode","op":"in","value":["domesticNomad","overseasNomad"]}],"none":[]}	客户临时改时区，交付时间却没有跟着改。	客户临时改时区，交付时间却没有跟着改。	[{"type":"add","target":"mobility.platformDependence","value":5},{"type":"add","target":"pressures.loneliness","value":2},{"type":"tag","target":"history","value":"remote:beat:2:2"}]	无	无	无	三代理混排复核完成；已发现项已修正
beat_116		beat	remote	年龄 23—70；人物 []；门槛 {"all":[{"path":"capabilities.portableSkill","op":"gte","value":1}],"any":[{"path":"employment.arrangement","op":"in","value":["remote","hybrid"]},{"path":"mobility.mode","op":"in","value":["domesticNomad","overseasNomad"]}],"none":[]}	平台抽成涨了，旧客户的联系方式仍不能导出。	平台抽成涨了，旧客户的联系方式仍不能导出。	[{"type":"add","target":"mobility.platformDependence","value":5},{"type":"add","target":"pressures.loneliness","value":2}]	无	无	无	三代理混排复核完成；已发现项已修正
beat_117		beat	remote	年龄 23—72；人物 []；门槛 {"all":[{"path":"capabilities.portableSkill","op":"gte","value":1}],"any":[{"path":"employment.arrangement","op":"in","value":["remote","hybrid"]},{"path":"mobility.mode","op":"in","value":["domesticNomad","overseasNomad"]}],"none":[]}	房东不让注册办公地址，合同已经等着盖章。	房东不让注册办公地址，合同已经等着盖章。	[{"type":"add","target":"mobility.platformDependence","value":5},{"type":"add","target":"pressures.loneliness","value":2}]	无	无	无	三代理混排复核完成；已发现项已修正
beat_118		beat	remote	年龄 25—78；人物 []；门槛 {"all":[{"path":"capabilities.portableSkill","op":"gte","value":1}],"any":[{"path":"employment.arrangement","op":"in","value":["remote","hybrid"]},{"path":"mobility.mode","op":"in","value":["domesticNomad","overseasNomad"]}],"none":[]}	海外款到账少了一截，中间行费用没人解释。	海外款到账少了一截，中间行费用没人解释。	[{"type":"add","target":"mobility.platformDependence","value":5},{"type":"add","target":"pressures.loneliness","value":2},{"type":"tag","target":"history","value":"remote:beat:2:5"}]	无	无	无	三代理混排复核完成；已发现项已修正
beat_119		beat	remote	年龄 25—80；人物 []；门槛 {"all":[{"path":"capabilities.portableSkill","op":"gte","value":1}],"any":[{"path":"employment.arrangement","op":"in","value":["remote","hybrid"]},{"path":"mobility.mode","op":"in","value":["domesticNomad","overseasNomad"]}],"none":[]}	网断了半小时，客户按失联扣掉一天费用。	网断了半小时，客户按失联扣掉一天费用。	[{"type":"add","target":"mobility.platformDependence","value":5},{"type":"add","target":"pressures.loneliness","value":2}]	无	无	无	三代理混排复核完成；已发现项已修正
beat_120		beat	remote	年龄 28—82；人物 []；门槛 {"all":[{"path":"capabilities.portableSkill","op":"gte","value":1}],"any":[{"path":"employment.arrangement","op":"in","value":["remote","hybrid"]},{"path":"mobility.mode","op":"in","value":["domesticNomad","overseasNomad"]}],"none":[]}	算法改版后，熟客也搜不到你的主页。	算法改版后，熟客也搜不到你的主页。	[{"type":"add","target":"mobility.platformDependence","value":5},{"type":"add","target":"pressures.loneliness","value":2}]	无	无	无	三代理混排复核完成；已发现项已修正
beat_121		beat	remote	年龄 20—65；人物 []；门槛 {"all":[{"path":"capabilities.portableSkill","op":"gte","value":1}],"any":[{"path":"employment.arrangement","op":"in","value":["remote","hybrid"]},{"path":"mobility.mode","op":"in","value":["domesticNomad","overseasNomad"]}],"none":[]}	长期在线让你接到更多活，也没人知道你几点下班。	长期在线让你接到更多活，也没人知道你几点下班。	[{"type":"add","target":"mobility.platformDependence","value":1},{"type":"add","target":"pressures.loneliness","value":6},{"type":"tag","target":"history","value":"remote:beat:3:0"}]	无	无	无	三代理混排复核完成；已发现项已修正
beat_122		beat	remote	年龄 22—70；人物 []；门槛 {"all":[{"path":"capabilities.portableSkill","op":"gte","value":1},{"path":"mobility.mode","op":"eq","value":"overseasNomad"}],"any":[{"path":"employment.arrangement","op":"in","value":["remote","hybrid"]},{"path":"mobility.mode","op":"in","value":["domesticNomad","overseasNomad"]}],"none":[]}	签证快到期，正在做的项目还要三个月才结款。	签证快到期，正在做的项目还要三个月才结款。	[{"type":"add","target":"mobility.platformDependence","value":1},{"type":"add","target":"pressures.loneliness","value":6}]	无	无	无	三代理混排复核完成；已发现项已修正
beat_123		beat	remote	年龄 22—72；人物 []；门槛 {"all":[{"path":"capabilities.portableSkill","op":"gte","value":1},{"path":"mobility.mode","op":"eq","value":"overseasNomad"}],"any":[{"path":"employment.arrangement","op":"in","value":["remote","hybrid"]},{"path":"mobility.mode","op":"in","value":["domesticNomad","overseasNomad"]}],"none":[]}	汇率连跌三个月，到账收入不够原来的住宿开销。	汇率连跌三个月，到账收入不够原来的住宿开销。	[{"type":"add","target":"mobility.platformDependence","value":1},{"type":"add","target":"pressures.loneliness","value":6}]	无	无	无	三代理混排复核完成；已发现项已修正
beat_124		beat	remote	年龄 23—70；人物 []；门槛 {"all":[{"path":"capabilities.portableSkill","op":"gte","value":1}],"any":[{"path":"employment.arrangement","op":"in","value":["remote","hybrid"]},{"path":"mobility.mode","op":"in","value":["domesticNomad","overseasNomad"]}],"none":[]}	最大客户突然停单，你的项目看板一夜空了大半。	最大客户突然停单，你的项目看板一夜空了大半。	[{"type":"add","target":"mobility.platformDependence","value":1},{"type":"add","target":"pressures.loneliness","value":6},{"type":"tag","target":"history","value":"remote:beat:3:3"}]	无	无	无	三代理混排复核完成；已发现项已修正
beat_125		beat	remote	年龄 23—72；人物 []；门槛 {"all":[{"path":"capabilities.portableSkill","op":"gte","value":1}],"any":[{"path":"employment.arrangement","op":"in","value":["remote","hybrid"]},{"path":"mobility.mode","op":"in","value":["domesticNomad","overseasNomad"]}],"none":[]}	旅居途中电脑坏了，备份停在两周以前。	旅居途中电脑坏了，备份停在两周以前。	[{"type":"add","target":"mobility.platformDependence","value":1},{"type":"add","target":"pressures.loneliness","value":6}]	无	无	无	三代理混排复核完成；已发现项已修正
beat_126		beat	remote	年龄 25—78；人物 []；门槛 {"all":[{"path":"capabilities.portableSkill","op":"gte","value":1}],"any":[{"path":"employment.arrangement","op":"in","value":["remote","hybrid"]},{"path":"mobility.mode","op":"in","value":["domesticNomad","overseasNomad"]}],"none":[]}	时差工作拖到天亮，体检提醒你连续复查。	时差工作拖到天亮，体检提醒你连续复查。	[{"type":"add","target":"mobility.platformDependence","value":1},{"type":"add","target":"pressures.loneliness","value":6}]	无	无	无	三代理混排复核完成；已发现项已修正
beat_127		beat	remote	年龄 25—80；人物 []；门槛 {"all":[{"path":"capabilities.portableSkill","op":"gte","value":1}],"any":[{"path":"employment.arrangement","op":"in","value":["remote","hybrid"]},{"path":"mobility.mode","op":"in","value":["domesticNomad","overseasNomad"]}],"none":[]}	你第一次只带一只箱子，去另一座城继续上班。	你第一次只带一只箱子，去另一座城继续上班。	[{"type":"add","target":"mobility.platformDependence","value":1},{"type":"add","target":"pressures.loneliness","value":6},{"type":"tag","target":"history","value":"remote:beat:3:6"}]	无	无	无	三代理混排复核完成；已发现项已修正
beat_128		beat	remote	年龄 28—82；人物 []；门槛 {"all":[{"path":"capabilities.portableSkill","op":"gte","value":1}],"any":[{"path":"employment.arrangement","op":"in","value":["remote","hybrid"]},{"path":"mobility.mode","op":"in","value":["domesticNomad","overseasNomad"]}],"none":[]}	平台封号邮件到达时，五年的客户记录也打不开了。	平台封号邮件到达时，五年的客户记录也打不开了。	[{"type":"add","target":"mobility.platformDependence","value":1},{"type":"add","target":"pressures.loneliness","value":6}]	无	无	无	三代理混排复核完成；已发现项已修正
beat_129		beat	business	年龄 24—55；人物 []；门槛 {"all":[{"path":"finance.available","op":"gte","value":5000},{"path":"business.status","op":"in","value":["testing","operating"]}],"any":[],"none":[]}	早上卷帘门拉起时，隔壁店还没有开灯。	早上卷帘门拉起时，隔壁店还没有开灯。	[{"type":"add","target":"business.operatingSkill","value":1},{"type":"add","target":"finance.cash","value":1800},{"type":"tag","target":"history","value":"business:beat:0:0"}]	无	无	无	三代理混排复核完成；已发现项已修正
beat_130		beat	business	年龄 24—58；人物 []；门槛 {"all":[{"path":"finance.available","op":"gte","value":5000},{"path":"business.status","op":"in","value":["testing","operating"]}],"any":[],"none":[]}	收款码换了新贴纸，旧的一角还露在下面。	收款码换了新贴纸，旧的一角还露在下面。	[{"type":"add","target":"business.operatingSkill","value":1},{"type":"add","target":"finance.cash","value":1800}]	无	无	无	三代理混排复核完成；已发现项已修正
beat_131		beat	business	年龄 24—58；人物 []；门槛 {"all":[{"path":"finance.available","op":"gte","value":5000},{"path":"business.status","op":"in","value":["testing","operating"]}],"any":[],"none":[]}	供应商又发来价目表，常用那款涨了两块。	供应商又发来价目表，常用那款涨了两块。	[{"type":"add","target":"business.operatingSkill","value":1},{"type":"add","target":"finance.cash","value":1800}]	无	无	无	三代理混排复核完成；已发现项已修正
beat_132		beat	business	年龄 28—68；人物 []；门槛 {"all":[{"path":"finance.available","op":"gte","value":5000},{"path":"business.status","op":"in","value":["testing","operating"]}],"any":[],"none":[]}	月底盘库存，少的总是最不起眼的小东西。	月底盘库存，少的总是最不起眼的小东西。	[{"type":"add","target":"business.operatingSkill","value":1},{"type":"add","target":"finance.cash","value":1800},{"type":"tag","target":"history","value":"business:beat:0:3"}]	无	无	无	三代理混排复核完成；已发现项已修正
beat_133		beat	business	年龄 29—70；人物 []；门槛 {"all":[{"path":"finance.available","op":"gte","value":5000},{"path":"business.status","op":"in","value":["testing","operating"]}],"any":[],"none":[]}	熟客进门不看菜单，照旧点了原来那份。	熟客进门不看菜单，照旧点了原来那份。	[{"type":"add","target":"business.operatingSkill","value":1},{"type":"add","target":"finance.cash","value":1800}]	无	无	无	三代理混排复核完成；已发现项已修正
beat_134		beat	business	年龄 30—72；人物 []；门槛 {"all":[{"path":"finance.available","op":"gte","value":5000},{"path":"business.status","op":"in","value":["testing","operating"]}],"any":[],"none":[]}	下雨天没什么客人，你擦了两遍门口的水。	下雨天没什么客人，你擦了两遍门口的水。	[{"type":"add","target":"business.operatingSkill","value":1},{"type":"add","target":"finance.cash","value":1800}]	无	无	无	三代理混排复核完成；已发现项已修正
beat_135		beat	business	年龄 38—80；人物 []；门槛 {"all":[{"path":"finance.available","op":"gte","value":5000},{"path":"business.status","op":"in","value":["testing","operating"]}],"any":[],"none":[]}	平台到账晚一天，房租仍按合同日期扣。	平台到账晚一天，房租仍按合同日期扣。	[{"type":"add","target":"business.operatingSkill","value":1},{"type":"add","target":"finance.cash","value":1800},{"type":"tag","target":"history","value":"business:beat:0:6"}]	无	无	无	三代理混排复核完成；已发现项已修正
beat_136		beat	business	年龄 39—82；人物 []；门槛 {"all":[{"path":"finance.available","op":"gte","value":5000},{"path":"business.status","op":"in","value":["testing","operating"]}],"any":[],"none":[]}	你学会自己修打印机，也会换门锁电池。	你学会自己修打印机，也会换门锁电池。	[{"type":"add","target":"business.operatingSkill","value":1},{"type":"add","target":"finance.cash","value":1800}]	无	无	无	三代理混排复核完成；已发现项已修正
beat_137		beat	business	年龄 24—55；人物 []；门槛 {"all":[{"path":"finance.available","op":"gte","value":5000},{"path":"business.status","op":"in","value":["testing","operating"]}],"any":[],"none":[]}	员工请假时，你又站回最熟悉的那个位置。	员工请假时，你又站回最熟悉的那个位置。	[{"type":"add","target":"business.operatingSkill","value":2},{"type":"add","target":"finance.cash","value":-4500}]	无	无	无	三代理混排复核完成；已发现项已修正
beat_138		beat	business	年龄 24—58；人物 []；门槛 {"all":[{"path":"finance.available","op":"gte","value":5000},{"path":"business.status","op":"in","value":["testing","operating"]}],"any":[],"none":[]}	年底流水看着不少，真正剩下的要另算。	年底流水看着不少，真正剩下的要另算。	[{"type":"add","target":"business.operatingSkill","value":2},{"type":"add","target":"finance.cash","value":-4500},{"type":"tag","target":"history","value":"business:beat:1:1"}]	无	无	无	三代理混排复核完成；已发现项已修正
beat_139		beat	business	年龄 24—58；人物 []；门槛 {"all":[{"path":"finance.available","op":"gte","value":5000},{"path":"business.status","op":"in","value":["testing","operating"]}],"any":[],"none":[]}	总部说全程扶持，第一次答复是请看手册。	总部说全程扶持，第一次答复是请看手册。	[{"type":"add","target":"business.operatingSkill","value":2},{"type":"add","target":"finance.cash","value":-4500}]	无	无	无	三代理混排复核完成；已发现项已修正
beat_140		beat	business	年龄 28—68；人物 []；门槛 {"all":[{"path":"finance.available","op":"gte","value":5000},{"path":"business.status","op":"in","value":["testing","operating"]}],"any":[],"none":[]}	开业花篮摆满门口，送花的人很少来消费。	开业花篮摆满门口，送花的人很少来消费。	[{"type":"add","target":"business.operatingSkill","value":2},{"type":"add","target":"finance.cash","value":-4500}]	无	无	无	三代理混排复核完成；已发现项已修正
beat_141		beat	business	年龄 29—70；人物 []；门槛 {"all":[{"path":"finance.available","op":"gte","value":5000},{"path":"business.status","op":"in","value":["testing","operating"]}],"any":[],"none":[]}	探店博主说真实体验，脚本先发来三页。	探店博主说真实体验，脚本先发来三页。	[{"type":"add","target":"business.operatingSkill","value":2},{"type":"add","target":"finance.cash","value":-4500},{"type":"tag","target":"history","value":"business:beat:1:4"}]	无	无	无	三代理混排复核完成；已发现项已修正
beat_142		beat	business	年龄 30—72；人物 []；门槛 {"all":[{"path":"finance.available","op":"gte","value":5000},{"path":"business.status","op":"in","value":["testing","operating"]}],"any":[],"none":[]}	顾客问有没有优惠，你刚贴上成本上涨通知。	顾客问有没有优惠，你刚贴上成本上涨通知。	[{"type":"add","target":"business.operatingSkill","value":2},{"type":"add","target":"finance.cash","value":-4500}]	无	无	无	三代理混排复核完成；已发现项已修正
beat_143		beat	business	年龄 38—80；人物 []；门槛 {"all":[{"path":"finance.available","op":"gte","value":5000},{"path":"business.status","op":"in","value":["testing","operating"]}],"any":[],"none":[]}	员工大会只有三个人，仍做了签到和合影。	员工大会只有三个人，仍做了签到和合影。	[{"type":"add","target":"business.operatingSkill","value":2},{"type":"add","target":"finance.cash","value":-4500}]	无	无	无	三代理混排复核完成；已发现项已修正
beat_144		beat	business	年龄 39—82；人物 []；门槛 {"all":[{"path":"finance.available","op":"gte","value":5000},{"path":"business.status","op":"in","value":["testing","operating"]}],"any":[],"none":[]}	加盟群宣布重大利好，内容是新一轮进货。	加盟群宣布重大利好，内容是新一轮进货。	[{"type":"add","target":"business.operatingSkill","value":2},{"type":"add","target":"finance.cash","value":-4500},{"type":"tag","target":"history","value":"business:beat:1:7"}]	无	无	无	三代理混排复核完成；已发现项已修正
beat_145		beat	business	年龄 24—55；人物 []；门槛 {"all":[{"path":"finance.available","op":"gte","value":5000},{"path":"business.status","op":"in","value":["testing","operating"]}],"any":[],"none":[]}	朋友说一定捧场，后来每次都问能不能免单。	朋友说一定捧场，后来每次都问能不能免单。	[{"type":"add","target":"business.operatingSkill","value":2},{"type":"add","target":"finance.cash","value":-4500}]	无	无	无	三代理混排复核完成；已发现项已修正
beat_146		beat	business	年龄 24—58；人物 []；门槛 {"all":[{"path":"finance.available","op":"gte","value":5000},{"path":"business.status","op":"in","value":["testing","operating"]}],"any":[],"none":[]}	你把老板写在名片上，催款电话仍叫你小张。	你把老板写在名片上，催款电话仍叫你小张。	[{"type":"add","target":"business.operatingSkill","value":2},{"type":"add","target":"finance.cash","value":-4500}]	无	无	无	三代理混排复核完成；已发现项已修正
beat_147		beat	business	年龄 24—58；人物 []；门槛 {"all":[{"path":"finance.available","op":"gte","value":5000},{"path":"business.status","op":"in","value":["testing","operating"]}],"any":[],"none":[]}	房东要涨租，合同里那条优先续租没有写价格。	房东要涨租，合同里那条优先续租没有写价格。	[{"type":"add","target":"business.operatingSkill","value":2},{"type":"add","target":"finance.cash","value":-4500},{"type":"tag","target":"history","value":"business:beat:2:2"}]	无	无	无	三代理混排复核完成；已发现项已修正
beat_148		beat	business	年龄 28—68；人物 []；门槛 {"all":[{"path":"finance.available","op":"gte","value":5000},{"path":"business.status","op":"in","value":["testing","operating"]}],"any":[],"none":[]}	强制采购送来一批货，保质期只剩三个月。	强制采购送来一批货，保质期只剩三个月。	[{"type":"add","target":"business.operatingSkill","value":2},{"type":"add","target":"finance.cash","value":-4500}]	无	无	无	三代理混排复核完成；已发现项已修正
beat_149		beat	business	年龄 29—70；人物 []；门槛 {"all":[{"path":"finance.available","op":"gte","value":5000},{"path":"business.status","op":"in","value":["testing","operating"]}],"any":[],"none":[]}	平台活动要求全店打折，补贴结算要等下季度。	平台活动要求全店打折，补贴结算要等下季度。	[{"type":"add","target":"business.operatingSkill","value":2},{"type":"add","target":"finance.cash","value":-4500}]	无	无	无	三代理混排复核完成；已发现项已修正
beat_150		beat	business	年龄 30—72；人物 []；门槛 {"all":[{"path":"finance.available","op":"gte","value":5000},{"path":"business.status","op":"in","value":["testing","operating"]}],"any":[],"none":[]}	员工工资该发了，大客户的尾款还没到账。	员工工资该发了，大客户的尾款还没到账。	[{"type":"add","target":"business.operatingSkill","value":2},{"type":"add","target":"finance.cash","value":-4500},{"type":"tag","target":"history","value":"business:beat:2:5"}]	无	无	无	三代理混排复核完成；已发现项已修正
beat_151		beat	business	年龄 38—80；人物 []；门槛 {"all":[{"path":"finance.available","op":"gte","value":5000},{"path":"business.status","op":"in","value":["testing","operating"]}],"any":[],"none":[]}	同款店开到街对面，开业价正好低于你的成本。	同款店开到街对面，开业价正好低于你的成本。	[{"type":"add","target":"business.operatingSkill","value":2},{"type":"add","target":"finance.cash","value":-4500}]	无	无	无	三代理混排复核完成；已发现项已修正
beat_152		beat	business	年龄 39—82；人物 []；门槛 {"all":[{"path":"finance.available","op":"gte","value":5000},{"path":"business.status","op":"in","value":["testing","operating"]}],"any":[],"none":[]}	税务提醒少一张票，供应商已经换了联系人。	税务提醒少一张票，供应商已经换了联系人。	[{"type":"add","target":"business.operatingSkill","value":2},{"type":"add","target":"finance.cash","value":-4500}]	无	无	无	三代理混排复核完成；已发现项已修正
beat_153		beat	business	年龄 24—55；人物 []；门槛 {"all":[{"path":"finance.available","op":"gte","value":5000},{"path":"business.status","op":"in","value":["testing","operating"]}],"any":[],"none":[]}	投资人催增长，仓库里却压着上季度的库存。	投资人催增长，仓库里却压着上季度的库存。	[{"type":"add","target":"business.operatingSkill","value":2},{"type":"add","target":"finance.cash","value":-12000},{"type":"tag","target":"history","value":"business:beat:3:0"}]	无	无	无	三代理混排复核完成；已发现项已修正
beat_154		beat	business	年龄 24—58；人物 []；门槛 {"all":[{"path":"finance.available","op":"gte","value":5000},{"path":"business.status","op":"in","value":["testing","operating"]}],"any":[],"none":[]}	总部换了品牌名，旧招牌要你自己花钱拆。	总部换了品牌名，旧招牌要你自己花钱拆。	[{"type":"add","target":"business.operatingSkill","value":2},{"type":"add","target":"finance.cash","value":-12000}]	无	无	无	三代理混排复核完成；已发现项已修正
beat_155		beat	business	年龄 24—58；人物 []；门槛 {"all":[{"path":"finance.available","op":"gte","value":5000},{"path":"business.status","op":"in","value":["testing","operating"]}],"any":[],"none":[]}	连续三个月亏损，账上只够再发一次工资。	连续三个月亏损，账上只够再发一次工资。	[{"type":"add","target":"business.operatingSkill","value":2},{"type":"add","target":"finance.cash","value":-12000}]	无	无	无	三代理混排复核完成；已发现项已修正
beat_156		beat	business	年龄 28—68；人物 []；门槛 {"all":[{"path":"finance.available","op":"gte","value":5000},{"path":"business.status","op":"in","value":["testing","operating"]}],"any":[],"none":[]}	食品抽检出问题，争议批次已经卖出去一半。	食品抽检出问题，争议批次已经卖出去一半。	[{"type":"add","target":"business.operatingSkill","value":2},{"type":"add","target":"finance.cash","value":-12000},{"type":"tag","target":"history","value":"business:beat:3:3"}]	无	无	无	三代理混排复核完成；已发现项已修正
beat_157		beat	business	年龄 29—70；人物 []；门槛 {"all":[{"path":"finance.available","op":"gte","value":5000},{"path":"business.status","op":"in","value":["testing","operating"]}],"any":[],"none":[]}	一台关键设备突然停工，维修和停业损失同时压到账上。	一台关键设备突然停工，维修和停业损失同时压到账上。	[{"type":"add","target":"business.operatingSkill","value":2},{"type":"add","target":"finance.cash","value":-12000}]	无	无	无	三代理混排复核完成；已发现项已修正
beat_158		beat	business	年龄 30—72；人物 []；门槛 {"all":[{"path":"finance.available","op":"gte","value":5000},{"path":"business.status","op":"in","value":["testing","operating"]}],"any":[],"none":[]}	扩张款还没到账，第二家店已经开始算房租。	扩张款还没到账，第二家店已经开始算房租。	[{"type":"add","target":"business.operatingSkill","value":2},{"type":"add","target":"finance.cash","value":-12000}]	无	无	无	三代理混排复核完成；已发现项已修正
beat_159		beat	business	年龄 38—80；人物 []；门槛 {"all":[{"path":"finance.available","op":"gte","value":5000},{"path":"business.status","op":"in","value":["testing","operating"]}],"any":[],"none":[]}	你第一次拉开自己的卷帘门，门外一个客人也没有。	你第一次拉开自己的卷帘门，门外一个客人也没有。	[{"type":"add","target":"business.operatingSkill","value":2},{"type":"add","target":"finance.cash","value":-12000},{"type":"tag","target":"history","value":"business:beat:3:6"}]	无	无	无	三代理混排复核完成；已发现项已修正
beat_160		beat	business	年龄 39—82；人物 []；门槛 {"all":[{"path":"finance.available","op":"gte","value":5000},{"path":"business.status","op":"in","value":["testing","operating"]}],"any":[],"none":[]}	打烊后，你把松动的招牌拆下维修，螺丝和新报价装了满满一袋。	打烊后，你把松动的招牌拆下维修，螺丝和新报价装了满满一袋。	[{"type":"add","target":"business.operatingSkill","value":2},{"type":"add","target":"finance.cash","value":-12000}]	无	无	无	三代理混排复核完成；已发现项已修正
beat_161		beat	leisure	年龄 18—55；人物 []；门槛 {"all":[{"path":"activity.mode","op":"in","value":["sabbatical","leisure"]}],"any":[],"none":[]}	工作日的菜市场比周末安静，你慢慢挑完了菜。	工作日的菜市场比周末安静，你慢慢挑完了菜。	[{"type":"add","target":"desires.freedom.fulfillment","value":2},{"type":"add","target":"capabilities.employability","value":-1},{"type":"tag","target":"history","value":"leisure:beat:0:0"}]	无	无	无	三代理混排复核完成；已发现项已修正
beat_162		beat	leisure	年龄 18—55；人物 []；门槛 {"all":[{"path":"activity.mode","op":"in","value":["sabbatical","leisure"]}],"any":[],"none":[]}	闹钟关掉以后，你还是在原来的时间醒来。	闹钟关掉以后，你还是在原来的时间醒来。	[{"type":"add","target":"desires.freedom.fulfillment","value":2},{"type":"add","target":"capabilities.employability","value":-1}]	无	无	无	三代理混排复核完成；已发现项已修正
beat_163		beat	leisure	年龄 20—60；人物 []；门槛 {"all":[{"path":"activity.mode","op":"in","value":["sabbatical","leisure"]}],"any":[],"none":[]}	社保提醒发来，你把缴费日记进了日历。	社保提醒发来，你把缴费日记进了日历。	[{"type":"add","target":"desires.freedom.fulfillment","value":2},{"type":"add","target":"capabilities.employability","value":-1}]	无	无	无	三代理混排复核完成；已发现项已修正
beat_164		beat	leisure	年龄 20—62；人物 []；门槛 {"all":[{"path":"activity.mode","op":"in","value":["sabbatical","leisure"]}],"any":[],"none":[]}	楼下早餐店第一次知道你不赶时间。	楼下早餐店第一次知道你不赶时间。	[{"type":"add","target":"desires.freedom.fulfillment","value":2},{"type":"add","target":"capabilities.employability","value":-1},{"type":"tag","target":"history","value":"leisure:beat:0:3"}]	无	无	无	三代理混排复核完成；已发现项已修正
beat_165		beat	leisure	年龄 20—62；人物 []；门槛 {"all":[{"path":"activity.mode","op":"in","value":["sabbatical","leisure"]}],"any":[],"none":[]}	朋友午休时回消息，你正准备出门散步。	朋友午休时回消息，你正准备出门散步。	[{"type":"add","target":"desires.freedom.fulfillment","value":2},{"type":"add","target":"capabilities.employability","value":-1}]	无	无	无	三代理混排复核完成；已发现项已修正
beat_166		beat	leisure	年龄 22—65；人物 []；门槛 {"all":[{"path":"activity.mode","op":"in","value":["sabbatical","leisure"]}],"any":[],"none":[]}	今年没有新的工牌，旧电脑倒清干净了。	今年没有新的工牌，旧电脑倒清干净了。	[{"type":"add","target":"desires.freedom.fulfillment","value":2},{"type":"add","target":"capabilities.employability","value":-1}]	无	无	无	三代理混排复核完成；已发现项已修正
beat_167		beat	leisure	年龄 24—68；人物 []；门槛 {"all":[{"path":"activity.mode","op":"in","value":["sabbatical","leisure"]}],"any":[],"none":[]}	你学会做两道菜，也把一盆花养活了。	你学会做两道菜，也把一盆花养活了。	[{"type":"add","target":"desires.freedom.fulfillment","value":2},{"type":"add","target":"capabilities.employability","value":-1},{"type":"tag","target":"history","value":"leisure:beat:0:6"}]	无	无	无	三代理混排复核完成；已发现项已修正
beat_168		beat	leisure	年龄 25—72；人物 []；门槛 {"all":[{"path":"activity.mode","op":"in","value":["sabbatical","leisure"]}],"any":[],"none":[]}	亲戚又问近况，你仍说最近在休息。	亲戚又问近况，你仍说最近在休息。	[{"type":"add","target":"desires.freedom.fulfillment","value":2},{"type":"add","target":"capabilities.employability","value":-1}]	无	无	无	三代理混排复核完成；已发现项已修正
beat_169		beat	leisure	年龄 18—55；人物 []；门槛 {"all":[{"path":"activity.mode","op":"in","value":["sabbatical","leisure"]}],"any":[],"none":[]}	存款每月少一点，睡眠倒慢慢补了回来。	存款每月少一点，睡眠倒慢慢补了回来。	[{"type":"add","target":"desires.freedom.fulfillment","value":1},{"type":"add","target":"capabilities.employability","value":-1}]	无	无	无	三代理混排复核完成；已发现项已修正
beat_170		beat	leisure	年龄 18—55；人物 []；门槛 {"all":[{"path":"activity.mode","op":"in","value":["sabbatical","leisure"]}],"any":[],"none":[]}	周一和周日的区别，只剩小区垃圾车的时间。	周一和周日的区别，只剩小区垃圾车的时间。	[{"type":"add","target":"desires.freedom.fulfillment","value":1},{"type":"add","target":"capabilities.employability","value":-1},{"type":"tag","target":"history","value":"leisure:beat:1:1"}]	无	无	无	三代理混排复核完成；已发现项已修正
beat_171		beat	leisure	年龄 20—60；人物 []；门槛 {"all":[{"path":"activity.mode","op":"in","value":["sabbatical","leisure"]}],"any":[],"none":[]}	招聘软件祝你工作顺利，你已经半年没上班。	招聘软件祝你工作顺利，你已经半年没上班。	[{"type":"add","target":"desires.freedom.fulfillment","value":1},{"type":"add","target":"capabilities.employability","value":-1}]	无	无	无	三代理混排复核完成；已发现项已修正
beat_172		beat	leisure	年龄 20—62；人物 []；门槛 {"all":[{"path":"activity.mode","op":"in","value":["sabbatical","leisure"]}],"any":[],"none":[]}	朋友羡慕你自由，聊完又赶回去开会。	朋友羡慕你自由，聊完又赶回去开会。	[{"type":"add","target":"desires.freedom.fulfillment","value":1},{"type":"add","target":"capabilities.employability","value":-1}]	无	无	无	三代理混排复核完成；已发现项已修正
beat_173		beat	leisure	年龄 20—62；人物 []；门槛 {"all":[{"path":"activity.mode","op":"in","value":["sabbatical","leisure"]}],"any":[],"none":[]}	亲戚介绍岗位，开头总是先干着再说。	亲戚介绍岗位，开头总是先干着再说。	[{"type":"add","target":"desires.freedom.fulfillment","value":1},{"type":"add","target":"capabilities.employability","value":-1},{"type":"tag","target":"history","value":"leisure:beat:1:4"}]	无	无	无	三代理混排复核完成；已发现项已修正
beat_174		beat	leisure	年龄 22—65；人物 []；门槛 {"all":[{"path":"activity.mode","op":"in","value":["sabbatical","leisure"]}],"any":[],"none":[]}	你制定了完美作息，第一天就睡到中午。	你制定了完美作息，第一天就睡到中午。	[{"type":"add","target":"desires.freedom.fulfillment","value":1},{"type":"add","target":"capabilities.employability","value":-1}]	无	无	无	三代理混排复核完成；已发现项已修正
beat_175		beat	leisure	年龄 24—68；人物 []；门槛 {"all":[{"path":"activity.mode","op":"in","value":["sabbatical","leisure"]}],"any":[],"none":[]}	家庭群问最近忙什么，你打了又删掉三行。	家庭群问最近忙什么，你打了又删掉三行。	[{"type":"add","target":"desires.freedom.fulfillment","value":1},{"type":"add","target":"capabilities.employability","value":-1}]	无	无	无	三代理混排复核完成；已发现项已修正
beat_176		beat	leisure	年龄 25—72；人物 []；门槛 {"all":[{"path":"activity.mode","op":"in","value":["sabbatical","leisure"]}],"any":[],"none":[]}	以前没空看的剧，现在也没有立刻打开。	以前没空看的剧，现在也没有立刻打开。	[{"type":"add","target":"desires.freedom.fulfillment","value":1},{"type":"add","target":"capabilities.employability","value":-1},{"type":"tag","target":"history","value":"leisure:beat:1:7"}]	无	无	无	三代理混排复核完成；已发现项已修正
beat_177		beat	leisure	年龄 18—55；人物 []；门槛 {"all":[{"path":"activity.mode","op":"in","value":["sabbatical","leisure"]}],"any":[],"none":[]}	邻居以为你居家办公，见面总夸行业灵活。	邻居以为你居家办公，见面总夸行业灵活。	[{"type":"add","target":"desires.freedom.fulfillment","value":1},{"type":"add","target":"capabilities.employability","value":-1}]	无	无	无	三代理混排复核完成；已发现项已修正
beat_178		beat	leisure	年龄 18—55；人物 []；门槛 {"all":[{"path":"activity.mode","op":"in","value":["sabbatical","leisure"]}],"any":[],"none":[]}	朋友约工作日晚饭，临时加班的还是他。	朋友约工作日晚饭，临时加班的还是他。	[{"type":"add","target":"desires.freedom.fulfillment","value":1},{"type":"add","target":"capabilities.employability","value":-1}]	无	无	无	三代理混排复核完成；已发现项已修正
beat_179		beat	leisure	年龄 20—60；人物 []；门槛 {"all":[{"path":"activity.mode","op":"in","value":["sabbatical","leisure"]}],"any":[],"none":[]}	空窗期越写越长，面试总从这一段问起。	空窗期越写越长，面试总从这一段问起。	[{"type":"add","target":"desires.freedom.fulfillment","value":1},{"type":"add","target":"capabilities.employability","value":-1},{"type":"tag","target":"history","value":"leisure:beat:2:2"}]	无	无	无	三代理混排复核完成；已发现项已修正
beat_180		beat	leisure	年龄 20—62；人物 []；门槛 {"all":[{"path":"activity.mode","op":"in","value":["sabbatical","leisure"]}],"any":[],"none":[]}	家里愿意给钱，也开始过问你每天几点起床。	家里愿意给钱，也开始过问你每天几点起床。	[{"type":"add","target":"desires.freedom.fulfillment","value":1},{"type":"add","target":"capabilities.employability","value":-1}]	无	无	无	三代理混排复核完成；已发现项已修正
beat_181		beat	leisure	年龄 20—62；人物 []；门槛 {"all":[{"path":"activity.mode","op":"in","value":["sabbatical","leisure"]}],"any":[],"none":[]}	社保断缴提醒和几笔固定开销在同一天到达。	社保断缴提醒和几笔固定开销在同一天到达。	[{"type":"add","target":"desires.freedom.fulfillment","value":1},{"type":"add","target":"capabilities.employability","value":-1}]	无	无	无	三代理混排复核完成；已发现项已修正
beat_182		beat	leisure	年龄 22—65；人物 [{"slot":"partner","relation":"partner","alive":true,"personIdPath":"relationships.activePartnerId","optional":false}]；门槛 {"all":[{"path":"activity.mode","op":"in","value":["sabbatical","leisure"]}],"any":[],"none":[]}	伴侣承担更多开支，家务也默认落到你身上。	伴侣承担更多开支，家务也默认落到你身上。	[{"type":"add","target":"desires.freedom.fulfillment","value":1},{"type":"add","target":"capabilities.employability","value":-1},{"type":"tag","target":"history","value":"leisure:beat:2:5"}]	无	无	人物	三代理混排复核完成；已发现项已修正
beat_183		beat	leisure	年龄 24—68；人物 []；门槛 {"all":[{"path":"activity.mode","op":"in","value":["sabbatical","leisure"]}],"any":[],"none":[]}	原定的三天活动临时取消，空出来的时间反而不知道怎么放。	原定的三天活动临时取消，空出来的时间反而不知道怎么放。	[{"type":"add","target":"desires.freedom.fulfillment","value":1},{"type":"add","target":"capabilities.employability","value":-1}]	无	无	无	三代理混排复核完成；已发现项已修正
beat_184		beat	leisure	年龄 25—72；人物 []；门槛 {"all":[{"path":"activity.mode","op":"in","value":["sabbatical","leisure"]}],"any":[],"none":[]}	预算里没有大额消费，小钱仍把存款慢慢磨薄。	预算里没有大额消费，小钱仍把存款慢慢磨薄。	[{"type":"add","target":"desires.freedom.fulfillment","value":1},{"type":"add","target":"capabilities.employability","value":-1}]	无	无	无	三代理混排复核完成；已发现项已修正
beat_185		beat	leisure	年龄 18—55；人物 []；门槛 {"all":[{"path":"activity.mode","op":"in","value":["sabbatical","leisure"]}],"any":[],"none":[]}	简历投出去后，对方先问能不能接受降薪。	简历投出去后，对方先问能不能接受降薪。	[{"type":"add","target":"desires.freedom.fulfillment","value":1},{"type":"add","target":"capabilities.employability","value":-3},{"type":"tag","target":"history","value":"leisure:beat:3:0"}]	无	无	无	三代理混排复核完成；已发现项已修正
beat_186		beat	leisure	年龄 18—55；人物 []；门槛 {"all":[{"path":"activity.mode","op":"in","value":["sabbatical","leisure"]}],"any":[],"none":[]}	休息久了，重新坐满八小时比想象中更难。	休息久了，重新坐满八小时比想象中更难。	[{"type":"add","target":"desires.freedom.fulfillment","value":1},{"type":"add","target":"capabilities.employability","value":-3}]	无	无	无	三代理混排复核完成；已发现项已修正
beat_187		beat	leisure	年龄 20—60；人物 []；门槛 {"all":[{"path":"activity.mode","op":"in","value":["sabbatical","leisure"]}],"any":[],"none":[]}	存款只够三个月，下一份收入还没有影子。	存款只够三个月，下一份收入还没有影子。	[{"type":"add","target":"desires.freedom.fulfillment","value":1},{"type":"add","target":"capabilities.employability","value":-3}]	无	无	无	三代理混排复核完成；已发现项已修正
beat_188		beat	leisure	年龄 20—62；人物 []；门槛 {"all":[{"path":"activity.mode","op":"in","value":["sabbatical","leisure"]}],"any":[],"none":[]}	家里停止转账那天，缴费单已经堆到月底。	家里停止转账那天，缴费单已经堆到月底。	[{"type":"add","target":"desires.freedom.fulfillment","value":1},{"type":"add","target":"capabilities.employability","value":-3},{"type":"tag","target":"history","value":"leisure:beat:3:3"}]	无	无	无	三代理混排复核完成；已发现项已修正
beat_189		beat	leisure	年龄 20—62；人物 []；门槛 {"all":[{"path":"activity.mode","op":"in","value":["sabbatical","leisure"]}],"any":[],"none":[]}	昼夜彻底颠倒，你连续一周没在白天出门。	昼夜彻底颠倒，你连续一周没在白天出门。	[{"type":"add","target":"desires.freedom.fulfillment","value":1},{"type":"add","target":"capabilities.employability","value":-3}]	无	无	无	三代理混排复核完成；已发现项已修正
beat_190		beat	leisure	年龄 22—65；人物 []；门槛 {"all":[{"path":"activity.mode","op":"in","value":["sabbatical","leisure"]}],"any":[],"none":[]}	一场急病花掉大半备用金，社保刚好断着。	一场急病花掉大半备用金，社保刚好断着。	[{"type":"add","target":"desires.freedom.fulfillment","value":1},{"type":"add","target":"capabilities.employability","value":-3}]	无	无	无	三代理混排复核完成；已发现项已修正
beat_191		beat	leisure	年龄 24—68；人物 []；门槛 {"all":[{"path":"activity.mode","op":"in","value":["sabbatical","leisure"]}],"any":[],"none":[]}	你交回工牌那天，没有给自己定下一份工作的日期。	你交回工牌那天，没有给自己定下一份工作的日期。	[{"type":"add","target":"desires.freedom.fulfillment","value":1},{"type":"add","target":"capabilities.employability","value":-3},{"type":"tag","target":"history","value":"leisure:beat:3:6"}]	无	无	无	三代理混排复核完成；已发现项已修正
beat_192		beat	leisure	年龄 25—72；人物 []；门槛 {"all":[{"path":"activity.mode","op":"in","value":["sabbatical","leisure"]}],"any":[],"none":[]}	一次必须早起办事的早晨，闹钟响起时像隔了很多年。	一次必须早起办事的早晨，闹钟响起时像隔了很多年。	[{"type":"add","target":"desires.freedom.fulfillment","value":1},{"type":"add","target":"capabilities.employability","value":-3}]	无	无	无	三代理混排复核完成；已发现项已修正
beat_193		beat	partnership	年龄 16—55；人物 [{"slot":"partner","relation":"partner","alive":true,"personIdPath":"relationships.activePartnerId","optional":false}]；门槛 {"all":[{"path":"relationships.partnerStatus","op":"in","value":["dating","partnered","married"]}],"any":[],"none":[]}	你们晚饭后各看各的手机，脚碰在一起。	你们晚饭后各看各的手机，脚碰在一起。	[{"type":"add","target":"relationships.partnerBond","value":2},{"type":"add","target":"pressures.family","value":-1},{"type":"tag","target":"history","value":"partnership:beat:0:0"}]	无	无	无	三代理混排复核完成；已发现项已修正
beat_194		beat	partnership	年龄 17—58；人物 [{"slot":"partner","relation":"partner","alive":true,"statusAny":["dating","partnered","married"],"optional":false}]；门槛 {"all":[{"path":"relationships.partnerStatus","op":"in","value":["dating","partnered","married"]}],"any":[],"none":[]}	冰箱门上贴着谁都忘了买的洗衣液。	冰箱门上贴着谁都忘了买的洗衣液。	[{"type":"add","target":"relationships.partnerBond","value":2},{"type":"add","target":"pressures.family","value":-1}]	无	无	无	三代理混排复核完成；已发现项已修正
beat_195		beat	partnership	年龄 20—72；人物 [{"slot":"partner","relation":"partner","alive":true,"statusAny":["dating","partnered"],"optional":false}]；门槛 {"all":[{"path":"relationships.partnerStatus","op":"in","value":["dating","partnered","married"]}],"any":[],"none":[]}	对方学会了点你常吃的那家外卖。	对方学会了点你常吃的那家外卖。	[{"type":"add","target":"relationships.partnerBond","value":2},{"type":"add","target":"pressures.family","value":-1}]	无	无	无	三代理混排复核完成；已发现项已修正
beat_196		beat	partnership	年龄 21—74；人物 [{"slot":"partner","relation":"partner","alive":true,"statusAny":["partnered","married"],"optional":false}]；门槛 {"all":[{"path":"relationships.partnerStatus","op":"in","value":["dating","partnered","married"]}],"any":[],"none":[]}	今年纪念日赶上工作日，只吃了顿家常饭。	今年纪念日赶上工作日，只吃了顿家常饭。	[{"type":"add","target":"relationships.partnerBond","value":2},{"type":"add","target":"pressures.family","value":-1},{"type":"tag","target":"history","value":"partnership:beat:0:3"}]	无	无	无	三代理混排复核完成；已发现项已修正
beat_197		beat	partnership	年龄 22—75；人物 [{"slot":"partner","relation":"partner","alive":true,"statusAny":["dating","partnered","married"],"optional":false}]；门槛 {"all":[{"path":"relationships.partnerStatus","op":"in","value":["dating","partnered","married"]}],"any":[],"none":[]}	双方父母第一次在同一个群里发早安。	双方父母第一次在同一个群里发早安。	[{"type":"add","target":"relationships.partnerBond","value":2},{"type":"add","target":"pressures.family","value":-1}]	无	无	人物	三代理混排复核完成；已发现项已修正
beat_198		beat	partnership	年龄 23—77；人物 [{"slot":"partner","relation":"partner","alive":true,"statusAny":["partnered","married","separated"],"optional":false}]；门槛 {"all":[{"path":"relationships.partnerStatus","op":"in","value":["dating","partnered","married"]}],"any":[],"none":[]}	搬家时，你们为一只旧锅争了十分钟。	搬家时，你们为一只旧锅争了十分钟。	[{"type":"add","target":"relationships.partnerBond","value":2},{"type":"add","target":"pressures.family","value":-1}]	无	无	无	三代理混排复核完成；已发现项已修正
beat_199		beat	partnership	年龄 30—80；人物 [{"slot":"partner","relation":"partner","alive":true,"statusAny":["divorced","separated"],"optional":false}]；门槛 {"all":[{"path":"relationships.partnerStatus","op":"in","value":["dating","partnered","married"]}],"any":[],"none":[]}	共同账户每月进钱，偶尔也忘记记一笔。	共同账户每月进钱，偶尔也忘记记一笔。	[{"type":"add","target":"relationships.partnerBond","value":2},{"type":"add","target":"pressures.family","value":-1},{"type":"tag","target":"history","value":"partnership:beat:0:6"}]	无	无	无	三代理混排复核完成；已发现项已修正
beat_200		beat	partnership	年龄 31—82；人物 [{"slot":"partner","relation":"partner","alive":true,"statusAny":["dating","partnered","married"],"optional":false}]；门槛 {"all":[{"path":"relationships.partnerStatus","op":"in","value":["dating","partnered","married"]}],"any":[],"none":[]}	吵过的事没有全解决，但第二天仍有人买早餐。	吵过的事没有全解决，但第二天仍有人买早餐。	[{"type":"add","target":"relationships.partnerBond","value":2},{"type":"add","target":"pressures.family","value":-1}]	无	无	无	三代理混排复核完成；已发现项已修正
beat_201		beat	partnership	年龄 16—55；人物 [{"slot":"partner","relation":"partner","alive":true,"personIdPath":"relationships.activePartnerId","optional":false}]；门槛 {"all":[{"path":"relationships.partnerStatus","op":"in","value":["dating","partnered","married"]}],"any":[],"none":[]}	朋友散去后，你们一起收拾桌上的杯子。	朋友散去后，你们一起收拾桌上的杯子。	[{"type":"add","target":"relationships.partnerBond","value":3},{"type":"add","target":"pressures.family","value":-1}]	无	无	无	三代理混排复核完成；已发现项已修正
beat_202		beat	partnership	年龄 17—58；人物 [{"slot":"partner","relation":"partner","alive":true,"statusAny":["dating","partnered","married"],"optional":false}]；门槛 {"all":[{"path":"relationships.partnerStatus","op":"in","value":["dating","partnered","married"]}],"any":[],"none":[]}	周末散步的路线，还是绕过那家旧超市。	周末散步的路线，还是绕过那家旧超市。	[{"type":"add","target":"relationships.partnerBond","value":3},{"type":"add","target":"pressures.family","value":-1},{"type":"tag","target":"history","value":"partnership:beat:1:1"}]	无	无	无	三代理混排复核完成；已发现项已修正
beat_203		beat	partnership	年龄 20—72；人物 [{"slot":"partner","relation":"partner","alive":true,"statusAny":["dating","partnered"],"optional":false}]；门槛 {"all":[{"path":"relationships.partnerStatus","op":"in","value":["dating","partnered","married"]}],"any":[],"none":[]}	第一次见家长，所有人都说随便吃点。	第一次见家长，所有人都说随便吃点。	[{"type":"add","target":"relationships.partnerBond","value":3},{"type":"add","target":"pressures.family","value":-1}]	无	无	无	三代理混排复核完成；已发现项已修正
beat_204		beat	partnership	年龄 21—74；人物 [{"slot":"partner","relation":"partner","alive":true,"statusAny":["partnered","married"],"optional":false}]；门槛 {"all":[{"path":"relationships.partnerStatus","op":"in","value":["dating","partnered","married"]}],"any":[],"none":[]}	合照选了半小时，最后还是用了第一张。	合照选了半小时，最后还是用了第一张。	[{"type":"add","target":"relationships.partnerBond","value":3},{"type":"add","target":"pressures.family","value":-1}]	无	无	无	三代理混排复核完成；已发现项已修正
beat_205		beat	partnership	年龄 22—75；人物 [{"slot":"partner","relation":"partner","alive":true,"statusAny":["dating","partnered","married"],"optional":false}]；门槛 {"all":[{"path":"relationships.partnerStatus","op":"in","value":["dating","partnered","married"]}],"any":[],"none":[]}	婚礼群讨论简办，消息很快刷到九十九条。	婚礼群讨论简办，消息很快刷到九十九条。	[{"type":"add","target":"relationships.partnerBond","value":3},{"type":"add","target":"pressures.family","value":-1},{"type":"tag","target":"history","value":"partnership:beat:1:4"}]	无	无	无	三代理混排复核完成；已发现项已修正
beat_206		beat	partnership	年龄 23—77；人物 [{"slot":"partner","relation":"partner","alive":true,"statusAny":["partnered","married","separated"],"optional":false}]；门槛 {"all":[{"path":"relationships.partnerStatus","op":"in","value":["dating","partnered","married"]}],"any":[],"none":[]}	对方说没生气，洗碗声却比平时响。	对方说没生气，洗碗声却比平时响。	[{"type":"add","target":"relationships.partnerBond","value":3},{"type":"add","target":"pressures.family","value":-1}]	无	无	无	三代理混排复核完成；已发现项已修正
beat_207		beat	partnership	年龄 30—80；人物 [{"slot":"partner","relation":"partner","alive":true,"statusAny":["divorced","separated"],"optional":false}]；门槛 {"all":[{"path":"relationships.partnerStatus","op":"in","value":["dating","partnered","married"]}],"any":[],"none":[]}	你们共享定位后，先发现彼此都爱绕路。	你们共享定位后，先发现彼此都爱绕路。	[{"type":"add","target":"relationships.partnerBond","value":3},{"type":"add","target":"pressures.family","value":-1}]	无	无	无	三代理混排复核完成；已发现项已修正
beat_208		beat	partnership	年龄 31—82；人物 [{"slot":"partner","relation":"partner","alive":true,"statusAny":["dating","partnered","married"],"optional":false}]；门槛 {"all":[{"path":"relationships.partnerStatus","op":"in","value":["dating","partnered","married"]}],"any":[],"none":[]}	亲戚问什么时候结婚，你们同时低头夹菜。	亲戚问什么时候结婚，你们同时低头夹菜。	[{"type":"add","target":"relationships.partnerBond","value":3},{"type":"add","target":"pressures.family","value":-1},{"type":"tag","target":"history","value":"partnership:beat:1:7"}]	无	无	无	三代理混排复核完成；已发现项已修正
beat_209		beat	partnership	年龄 16—55；人物 [{"slot":"partner","relation":"partner","alive":true,"personIdPath":"relationships.activePartnerId","optional":false}]；门槛 {"all":[{"path":"relationships.partnerStatus","op":"in","value":["dating","partnered","married"]}],"any":[],"none":[]}	家庭群发错表情，解释比原消息长得多。	家庭群发错表情，解释比原消息长得多。	[{"type":"add","target":"relationships.partnerBond","value":-2},{"type":"add","target":"pressures.family","value":-1}]	无	无	无	三代理混排复核完成；已发现项已修正
beat_210		beat	partnership	年龄 17—58；人物 [{"slot":"partner","relation":"partner","alive":true,"statusAny":["dating","partnered","married"],"optional":false}]；门槛 {"all":[{"path":"relationships.partnerStatus","op":"in","value":["divorced","separated"]}],"any":[],"none":[]}	分开后共同会员到期，平台仍提醒一起续费。	分开后共同会员到期，平台仍提醒一起续费。	[{"type":"add","target":"relationships.partnerBond","value":-2},{"type":"add","target":"pressures.family","value":-1}]	无	无	无	三代理混排复核完成；已发现项已修正
beat_211		beat	partnership	年龄 20—72；人物 [{"slot":"partner","relation":"partner","alive":true,"statusAny":["dating","partnered"],"optional":false}]；门槛 {"all":[{"path":"relationships.partnerStatus","op":"in","value":["dating","partnered","married"]}],"any":[],"none":[]}	房租能省一半，家务却很难刚好一人一半。	房租能省一半，家务却很难刚好一人一半。	[{"type":"add","target":"relationships.partnerBond","value":-2},{"type":"add","target":"pressures.family","value":-1},{"type":"tag","target":"history","value":"partnership:beat:2:2"}]	无	无	无	三代理混排复核完成；已发现项已修正
beat_212		beat	partnership	年龄 21—74；人物 [{"slot":"partner","relation":"partner","alive":true,"statusAny":["partnered","married"],"optional":false}]；门槛 {"all":[{"path":"relationships.partnerStatus","op":"in","value":["dating","partnered","married"]}],"any":[],"none":[]}	共同账户少了一笔钱，对方只说晚点解释。	共同账户少了一笔钱，对方只说晚点解释。	[{"type":"add","target":"relationships.partnerBond","value":-2},{"type":"add","target":"pressures.family","value":-1}]	无	无	无	三代理混排复核完成；已发现项已修正
beat_213		beat	partnership	年龄 22—75；人物 [{"slot":"partner","relation":"partner","alive":true,"statusAny":["dating","partnered","married"],"optional":false}]；门槛 {"all":[{"path":"relationships.partnerStatus","op":"in","value":["dating","partnered","married"]}],"any":[],"none":[]}	工作调动来了，谁跟谁走成了新的问题。	工作调动来了，谁跟谁走成了新的问题。	[{"type":"add","target":"relationships.partnerBond","value":-2},{"type":"add","target":"pressures.family","value":-1}]	无	无	无	三代理混排复核完成；已发现项已修正
beat_214		beat	partnership	年龄 23—77；人物 [{"slot":"partner","relation":"partner","alive":true,"statusAny":["partnered","married","separated"],"optional":false}]；门槛 {"all":[{"path":"relationships.partnerStatus","op":"in","value":["dating","partnered","married"]}],"any":[],"none":[]}	双方父母都说不干涉，又各自给了一套意见。	双方父母都说不干涉，又各自给了一套意见。	[{"type":"add","target":"relationships.partnerBond","value":-2},{"type":"add","target":"pressures.family","value":-1},{"type":"tag","target":"history","value":"partnership:beat:2:5"}]	无	无	人物	三代理混排复核完成；已发现项已修正
beat_215		beat	partnership	年龄 30—80；人物 [{"slot":"partner","relation":"partner","alive":true,"statusAny":["divorced","separated"],"optional":false}]；门槛 {"all":[{"path":"relationships.partnerStatus","op":"in","value":["dating","partnered","married"]}],"any":[],"none":[]}	一个人想结婚，另一个只愿意继续住在一起。	一个人想结婚，另一个只愿意继续住在一起。	[{"type":"add","target":"relationships.partnerBond","value":-2},{"type":"add","target":"pressures.family","value":-1}]	无	无	无	三代理混排复核完成；已发现项已修正
beat_216		beat	partnership	年龄 31—82；人物 [{"slot":"partner","relation":"partner","alive":true,"statusAny":["dating","partnered","married"],"optional":false}]；门槛 {"all":[{"path":"relationships.partnerStatus","op":"in","value":["dating","partnered","married"]}],"any":[],"none":[]}	冷战第三天，物业费仍得有人先交。	冷战第三天，物业费仍得有人先交。	[{"type":"add","target":"relationships.partnerBond","value":-2},{"type":"add","target":"pressures.family","value":-1}]	无	无	无	三代理混排复核完成；已发现项已修正
beat_217		beat	partnership	年龄 16—55；人物 []；门槛 {"all":[{"path":"relationships.partnerStatus","op":"in","value":["divorced","separated"]}],"any":[],"none":[]}	分居以后，猫和押金都要决定归谁。	分居以后，猫和押金都要决定归谁。	[{"type":"add","target":"relationships.partnerBond","value":-6},{"type":"add","target":"pressures.family","value":5},{"type":"tag","target":"history","value":"partnership:beat:3:0"}]	无	无	无	三代理混排复核完成；已发现项已修正
beat_218		beat	partnership	年龄 17—58；人物 [{"slot":"partner","relation":"partner","alive":true,"statusAny":["dating","partnered","married"],"optional":false}]；门槛 {"all":[{"path":"relationships.partnerStatus","op":"in","value":["dating","partnered","married"]}],"any":[],"none":[]}	晚年照护说得容易，真请假时各有工作。	晚年照护说得容易，真请假时各有工作。	[{"type":"add","target":"relationships.partnerBond","value":-6},{"type":"add","target":"pressures.family","value":5}]	无	无	健康照护	三代理混排复核完成；已发现项已修正
beat_219		beat	partnership	年龄 20—72；人物 [{"slot":"partner","relation":"partner","alive":true,"statusAny":["dating","partnered"],"optional":false}]；门槛 {"all":[{"path":"relationships.partnerStatus","op":"in","value":["dating","partnered","married"]}],"any":[],"none":[]}	争吵惊动了邻居，第二天门口多了一张纸条。	争吵惊动了邻居，第二天门口多了一张纸条。	[{"type":"add","target":"relationships.partnerBond","value":-6},{"type":"add","target":"pressures.family","value":5}]	无	无	无	三代理混排复核完成；已发现项已修正
beat_220		beat	partnership	年龄 21—74；人物 [{"slot":"partner","relation":"partner","alive":true,"statusAny":["partnered","married"],"optional":false}]；门槛 {"all":[{"path":"relationships.partnerStatus","op":"in","value":["dating","partnered","married"]}],"any":[],"none":[]}	对方失业半年，共同账户开始只出不进。	对方失业半年，共同账户开始只出不进。	[{"type":"add","target":"relationships.partnerBond","value":-6},{"type":"add","target":"pressures.family","value":5},{"type":"tag","target":"history","value":"partnership:beat:3:3"}]	无	无	无	三代理混排复核完成；已发现项已修正
beat_221		beat	partnership	年龄 22—75；人物 [{"slot":"partner","relation":"partner","alive":true,"statusAny":["dating","partnered","married"],"optional":false}]；门槛 {"all":[{"path":"relationships.partnerStatus","op":"in","value":["dating","partnered","married"]}],"any":[],"none":[]}	病房签字时，登记关系忽然变得具体。	病房签字时，登记关系忽然变得具体。	[{"type":"add","target":"relationships.partnerBond","value":-6},{"type":"add","target":"pressures.family","value":5}]	无	无	无	三代理混排复核完成；已发现项已修正
beat_222		beat	partnership	年龄 23—77；人物 [{"slot":"partner","relation":"partner","alive":true,"statusAny":["partnered","married","separated"],"optional":false}]；门槛 {"all":[{"path":"housing.status","op":"eq","value":"mortgaged"},{"path":"relationships.partnerStatus","op":"in","value":["dating","partnered","married"]}],"any":[],"none":[]}	离婚协议摊在桌上，房贷还剩二十多年。	离婚协议摊在桌上，房贷还剩二十多年。	[{"type":"add","target":"relationships.partnerBond","value":-6},{"type":"add","target":"pressures.family","value":5}]	无	无	住房债务	三代理混排复核完成；已发现项已修正
beat_223		beat	partnership	年龄 30—80；人物 [{"slot":"partner","relation":"partner","alive":true,"statusAny":["divorced","separated"],"optional":false}]；门槛 {"all":[{"path":"relationships.partnerStatus","op":"in","value":["dating","partnered","married"]}],"any":[],"none":[]}	两把钥匙还挂在一起，但这次争吵后谁都没有带走。	两把钥匙还挂在一起，但这次争吵后谁都没有带走。	[{"type":"add","target":"relationships.partnerBond","value":-6},{"type":"add","target":"pressures.family","value":5},{"type":"tag","target":"history","value":"partnership:beat:3:6"}]	无	无	无	三代理混排复核完成；已发现项已修正
beat_224		beat	partnership	年龄 31—82；人物 [{"slot":"partner","relation":"partner","alive":true,"statusAny":["dating","partnered","married"],"optional":false}]；门槛 {"all":[{"path":"relationships.partnerStatus","op":"in","value":["divorced","separated"]}],"any":[],"none":[]}	多年共同生活结束后，搬走的人只带了一个箱子。	多年共同生活结束后，搬走的人只带了一个箱子。	[{"type":"add","target":"relationships.partnerBond","value":-6},{"type":"add","target":"pressures.family","value":5}]	无	无	无	三代理混排复核完成；已发现项已修正
beat_225		beat	children	年龄 20—50；人物 []；门槛 {"all":[{"path":"relationships.pregnancyStatus","op":"in","value":["confirmed","continued"]}],"any":[],"none":[]}	产检单夹进文件袋，下一次日期圈在月历上。	产检单夹进文件袋，下一次日期圈在月历上。	[{"type":"add","target":"relationships.childBond","value":2},{"type":"add","target":"pressures.family","value":2},{"type":"tag","target":"history","value":"children:beat:0:0"}]	无	无	无	三代理混排复核完成；已发现项已修正
beat_226		beat	children	年龄 21—52；人物 [{"slot":"child","relationAny":["child","adoptedChild","stepChild"],"alive":true,"ageMin":0,"ageMax":2,"optional":false}]；门槛 {"all":[{"path":"relationships.childCount","op":"gte","value":1}],"any":[],"none":[]}	奶瓶晾在窗边，你终于记住了半夜那顿的时间。	奶瓶晾在窗边，你终于记住了半夜那顿的时间。	[{"type":"add","target":"relationships.childBond","value":2},{"type":"add","target":"pressures.family","value":2}]	无	无	无	三代理混排复核完成；已发现项已修正
beat_227		beat	children	年龄 25—60；人物 [{"slot":"child","relationAny":["child","adoptedChild","stepChild"],"alive":true,"ageMin":3,"ageMax":6,"optional":false}]；门槛 {"all":[{"path":"relationships.childCount","op":"gte","value":1}],"any":[],"none":[]}	幼儿园接送群每天都有人发同一扇校门。	幼儿园接送群每天都有人发同一扇校门。	[{"type":"add","target":"relationships.childBond","value":2},{"type":"add","target":"pressures.family","value":2}]	无	无	无	三代理混排复核完成；已发现项已修正
beat_228		beat	children	年龄 26—62；人物 [{"slot":"child","relationAny":["child","adoptedChild","stepChild"],"alive":true,"ageMin":1,"ageMax":8,"optional":false}]；门槛 {"all":[{"path":"relationships.childCount","op":"gte","value":1}],"any":[],"none":[]}	孩子的鞋又小了，鞋底还没来得及磨旧。	孩子的鞋又小了，鞋底还没来得及磨旧。	[{"type":"add","target":"relationships.childBond","value":2},{"type":"add","target":"pressures.family","value":2},{"type":"tag","target":"history","value":"children:beat:0:3"}]	无	无	人物	三代理混排复核完成；已发现项已修正
beat_229		beat	children	年龄 27—64；人物 [{"slot":"child","relationAny":["child","adoptedChild","stepChild"],"alive":true,"ageMin":6,"ageMax":15,"optional":false}]；门槛 {"all":[{"path":"relationships.childCount","op":"gte","value":1}],"any":[],"none":[]}	家长会结束，老师只说最近有一点进步。	家长会结束，老师只说最近有一点进步。	[{"type":"add","target":"relationships.childBond","value":2},{"type":"add","target":"pressures.family","value":2}]	无	无	无	三代理混排复核完成；已发现项已修正
beat_230		beat	children	年龄 25—72；人物 [{"slot":"child","relationAny":["child","adoptedChild","stepChild"],"alive":true,"ageMin":4,"ageMax":12,"optional":false}]；门槛 {"all":[{"path":"relationships.childCount","op":"gte","value":1}],"any":[],"none":[]}	冰箱上贴着课程表，也贴着孩子画歪的太阳。	冰箱上贴着课程表，也贴着孩子画歪的太阳。	[{"type":"add","target":"relationships.childBond","value":2},{"type":"add","target":"pressures.family","value":2}]	无	无	人物	三代理混排复核完成；已发现项已修正
beat_231		beat	children	年龄 30—75；人物 [{"slot":"child","relationAny":["child","adoptedChild","stepChild"],"alive":true,"ageMin":6,"ageMax":15,"optional":false}]；门槛 {"all":[{"path":"relationships.childCount","op":"gte","value":1}],"any":[],"none":[]}	你学会在放学前十分钟结束手上的事情。	你学会在放学前十分钟结束手上的事情。	[{"type":"add","target":"relationships.childBond","value":2},{"type":"add","target":"pressures.family","value":2},{"type":"tag","target":"history","value":"children:beat:0:6"}]	无	无	无	三代理混排复核完成；已发现项已修正
beat_232		beat	children	年龄 31—77；人物 [{"slot":"child","relationAny":["child","adoptedChild","stepChild"],"alive":true,"ageMin":18,"ageMax":60,"optional":false}]；门槛 {"all":[{"path":"relationships.childCount","op":"gte","value":1}],"any":[],"none":[]}	成年孩子回家，仍顺手拿走你桌上的水果。	成年孩子回家，仍顺手拿走你桌上的水果。	[{"type":"add","target":"relationships.childBond","value":2},{"type":"add","target":"pressures.family","value":2}]	无	无	人物	三代理混排复核完成；已发现项已修正
beat_233		beat	children	年龄 20—50；人物 [{"slot":"child","relationAny":["child","adoptedChild","stepChild"],"alive":true,"ageMin":18,"ageMax":60,"optional":false}]；门槛 {"all":[{"path":"relationships.childCount","op":"gte","value":1}],"any":[],"none":[]}	家庭群不再晒作业，开始转发工作和租房信息。	家庭群不再晒作业，开始转发工作和租房信息。	[{"type":"add","target":"relationships.childBond","value":2},{"type":"add","target":"pressures.family","value":2}]	无	无	无	三代理混排复核完成；已发现项已修正
beat_234		beat	children	年龄 21—52；人物 [{"slot":"child","relationAny":["child","adoptedChild","stepChild"],"alive":true,"ageMin":25,"ageMax":70,"optional":false}]；门槛 {"all":[{"path":"relationships.childCount","op":"gte","value":1}],"any":[],"none":[]}	多年以后，孩子也提醒你按时去做体检。	多年以后，孩子也提醒你按时去做体检。	[{"type":"add","target":"relationships.childBond","value":2},{"type":"add","target":"pressures.family","value":2},{"type":"tag","target":"history","value":"children:beat:1:1"}]	无	无	人物	三代理混排复核完成；已发现项已修正
beat_235		beat	children	年龄 25—60；人物 [{"slot":"child","relationAny":["child","adoptedChild","stepChild"],"alive":true,"ageMin":6,"ageMax":15,"optional":false}]；门槛 {"all":[{"path":"relationships.childCount","op":"gte","value":1}],"any":[],"none":[]}	家长群通知不用回复，下面很快排满收到。	家长群通知不用回复，下面很快排满收到。	[{"type":"add","target":"relationships.childBond","value":2},{"type":"add","target":"pressures.family","value":2}]	无	无	无	三代理混排复核完成；已发现项已修正
beat_236		beat	children	年龄 26—62；人物 [{"slot":"child","relationAny":["child","adoptedChild","stepChild"],"alive":true,"ageMin":4,"ageMax":14,"optional":false}]；门槛 {"all":[{"path":"relationships.childCount","op":"gte","value":1}],"any":[],"none":[]}	兴趣班说尊重天性，试听课先测了八项能力。	兴趣班说尊重天性，试听课先测了八项能力。	[{"type":"add","target":"relationships.childBond","value":2},{"type":"add","target":"pressures.family","value":2}]	无	无	无	三代理混排复核完成；已发现项已修正
beat_237		beat	children	年龄 27—64；人物 [{"slot":"child","relationAny":["child","adoptedChild","stepChild"],"alive":true,"ageMin":6,"ageMax":18,"optional":false}]；门槛 {"all":[{"path":"relationships.childCount","op":"gte","value":1}],"any":[],"none":[]}	孩子问钱从哪里来，你先讲了一遍努力工作。	孩子问钱从哪里来，你先讲了一遍努力工作。	[{"type":"add","target":"relationships.childBond","value":2},{"type":"add","target":"pressures.family","value":2},{"type":"tag","target":"history","value":"children:beat:1:4"}]	无	无	人物	三代理混排复核完成；已发现项已修正
beat_238		beat	children	年龄 25—72；人物 [{"slot":"child","relationAny":["child","adoptedChild","stepChild"],"alive":true,"ageMin":6,"ageMax":18,"optional":false}]；门槛 {"all":[{"path":"relationships.childCount","op":"gte","value":1}],"any":[],"none":[]}	家长会上没人想卷，散会后都去问老师名额。	家长会上没人想卷，散会后都去问老师名额。	[{"type":"add","target":"relationships.childBond","value":2},{"type":"add","target":"pressures.family","value":2}]	无	无	无	三代理混排复核完成；已发现项已修正
beat_239		beat	children	年龄 30—75；人物 [{"slot":"child","relationAny":["child","adoptedChild","stepChild"],"alive":true,"ageMin":3,"ageMax":15,"optional":false}]；门槛 {"all":[{"path":"relationships.childCount","op":"gte","value":1}],"any":[],"none":[]}	祖辈说不惯孩子，口袋里仍装着糖。	祖辈说不惯孩子，口袋里仍装着糖。	[{"type":"add","target":"relationships.childBond","value":2},{"type":"add","target":"pressures.family","value":2}]	无	无	人物	三代理混排复核完成；已发现项已修正
beat_240		beat	children	年龄 31—77；人物 [{"slot":"child","relationAny":["child","adoptedChild","stepChild"],"alive":true,"ageMin":12,"ageMax":19,"optional":false}]；门槛 {"all":[{"path":"relationships.childCount","op":"gte","value":1}],"any":[],"none":[]}	青春期孩子把房门锁上，又忘了拿充电器。	青春期孩子把房门锁上，又忘了拿充电器。	[{"type":"add","target":"relationships.childBond","value":2},{"type":"add","target":"pressures.family","value":2},{"type":"tag","target":"history","value":"children:beat:1:7"}]	无	无	人物	三代理混排复核完成；已发现项已修正
beat_241		beat	children	年龄 20—50；人物 [{"slot":"child","relationAny":["child","adoptedChild","stepChild"],"alive":true,"ageMin":16,"ageMax":26,"optional":false}]；门槛 {"all":[{"path":"relationships.childCount","op":"gte","value":1}],"any":[],"none":[]}	毕业照里孩子站最后一排，你放大找了半天。	毕业照里孩子站最后一排，你放大找了半天。	[{"type":"add","target":"relationships.childBond","value":2},{"type":"add","target":"pressures.family","value":2}]	无	无	人物	三代理混排复核完成；已发现项已修正
beat_242		beat	children	年龄 21—52；人物 [{"slot":"child","relationAny":["child","adoptedChild","stepChild"],"alive":true,"ageMin":18,"ageMax":60,"optional":false}]；门槛 {"all":[{"path":"relationships.childCount","op":"gte","value":1}],"any":[],"none":[]}	成年孩子说自己做主，报平安仍只发一个到。	成年孩子说自己做主，报平安仍只发一个到。	[{"type":"add","target":"relationships.childBond","value":2},{"type":"add","target":"pressures.family","value":2}]	无	无	人物	三代理混排复核完成；已发现项已修正
beat_243		beat	children	年龄 25—60；人物 [{"slot":"child","relationAny":["child","adoptedChild","stepChild"],"alive":true,"ageMin":0,"ageMax":5,"optional":false}]；门槛 {"all":[{"path":"relationships.childCount","op":"gte","value":1}],"any":[],"none":[]}	谁请育儿假说了三次，排班表先替你做了决定。	谁请育儿假说了三次，排班表先替你做了决定。	[{"type":"add","target":"relationships.childBond","value":2},{"type":"add","target":"pressures.family","value":2},{"type":"tag","target":"history","value":"children:beat:2:2"}]	无	无	无	三代理混排复核完成；已发现项已修正
beat_244		beat	children	年龄 26—62；人物 [{"slot":"child","relationAny":["child","adoptedChild","stepChild"],"alive":true,"ageMin":0,"ageMax":12,"optional":false}]；门槛 {"all":[{"path":"relationships.childCount","op":"gte","value":1}],"any":[],"none":[]}	祖辈来帮忙，也把另一套养法一起带进了家。	祖辈来帮忙，也把另一套养法一起带进了家。	[{"type":"add","target":"relationships.childBond","value":2},{"type":"add","target":"pressures.family","value":2}]	无	无	无	三代理混排复核完成；已发现项已修正
beat_245		beat	children	年龄 27—64；人物 [{"slot":"child","relationAny":["child","adoptedChild","stepChild"],"alive":true,"ageMin":5,"ageMax":18,"optional":false}]；门槛 {"all":[{"path":"relationships.childCount","op":"gte","value":1}],"any":[],"none":[]}	学区房广告发来，首付正好超过全部积蓄。	学区房广告发来，首付正好超过全部积蓄。	[{"type":"add","target":"relationships.childBond","value":2},{"type":"add","target":"pressures.family","value":2}]	无	无	无	三代理混排复核完成；已发现项已修正
beat_246		beat	children	年龄 25—72；人物 [{"slot":"child","relationAny":["child","adoptedChild","stepChild"],"alive":true,"ageMin":6,"ageMax":18,"optional":false}]；门槛 {"all":[{"path":"relationships.childCount","op":"gte","value":1}],"any":[],"none":[]}	补课费涨了，孩子却说根本不想再去。	补课费涨了，孩子却说根本不想再去。	[{"type":"add","target":"relationships.childBond","value":2},{"type":"add","target":"pressures.family","value":2},{"type":"tag","target":"history","value":"children:beat:2:5"}]	无	无	人物	三代理混排复核完成；已发现项已修正
beat_247		beat	children	年龄 30—75；人物 [{"slot":"child","relationAny":["child","adoptedChild","stepChild"],"alive":true,"ageMin":12,"ageMax":19,"optional":false}]；门槛 {"all":[{"path":"relationships.childCount","op":"gte","value":1}],"any":[],"none":[]}	你想查看手机，孩子第一次明确说这是隐私。	你想查看手机，孩子第一次明确说这是隐私。	[{"type":"add","target":"relationships.childBond","value":2},{"type":"add","target":"pressures.family","value":2}]	无	无	人物	三代理混排复核完成；已发现项已修正
beat_248		beat	children	年龄 31—77；人物 [{"slot":"child","relationAny":["child","adoptedChild","stepChild"],"alive":true,"ageMin":15,"ageMax":25,"optional":false}]；门槛 {"all":[{"path":"relationships.childCount","op":"gte","value":1}],"any":[],"none":[]}	志愿表上的城市，和你希望他留下的地方不同。	志愿表上的城市，和你希望他留下的地方不同。	[{"type":"add","target":"relationships.childBond","value":2},{"type":"add","target":"pressures.family","value":2}]	无	无	无	三代理混排复核完成；已发现项已修正
beat_249		beat	children	年龄 20—50；人物 [{"slot":"child","relationAny":["child","adoptedChild","stepChild"],"alive":true,"ageMin":18,"ageMax":40,"optional":false}]；门槛 {"all":[{"path":"relationships.childCount","op":"gte","value":1}],"any":[],"none":[]}	成年孩子要创业，开口先问能不能借一笔钱。	成年孩子要创业，开口先问能不能借一笔钱。	[{"type":"add","target":"relationships.childBond","value":-4},{"type":"add","target":"pressures.family","value":6},{"type":"tag","target":"history","value":"children:beat:3:0"}]	无	无	人物	三代理混排复核完成；已发现项已修正
beat_250		beat	children	年龄 21—52；人物 [{"slot":"child","relationAny":["child","adoptedChild","stepChild"],"alive":true,"ageMin":0,"ageMax":18,"optional":false}]；门槛 {"all":[{"path":"relationships.childCount","op":"gte","value":1}],"any":[],"none":[]}	照护老人和接送孩子，又落在同一个下午。	照护老人和接送孩子，又落在同一个下午。	[{"type":"add","target":"relationships.childBond","value":-4},{"type":"add","target":"pressures.family","value":6}]	无	无	人物、健康照护	三代理混排复核完成；已发现项已修正
beat_251		beat	children	年龄 25—60；人物 [{"slot":"child","relationAny":["child","adoptedChild","stepChild"],"alive":true,"ageMin":0,"ageMax":18,"optional":false}]；门槛 {"all":[{"path":"relationships.childCount","op":"gte","value":1}],"any":[],"none":[]}	孩子体检指标异常，医生让你们尽快再做一次检查。	孩子体检指标异常，医生让你们尽快再做一次检查。	[{"type":"add","target":"relationships.childBond","value":-4},{"type":"add","target":"pressures.family","value":6}]	无	无	人物、职业资产	三代理混排复核完成；已发现项已修正
beat_252		beat	children	年龄 26—62；人物 [{"slot":"child","relationAny":["child","adoptedChild","stepChild"],"alive":true,"ageMin":0,"ageMax":18,"optional":false}]；门槛 {"all":[{"path":"relationships.childCount","op":"gte","value":1}],"any":[],"none":[]}	孩子突然住院，谁停下工作不再只是讨论。	孩子突然住院，谁停下工作不再只是讨论。	[{"type":"add","target":"relationships.childBond","value":-4},{"type":"add","target":"pressures.family","value":6},{"type":"tag","target":"history","value":"children:beat:3:3"}]	无	无	人物	三代理混排复核完成；已发现项已修正
beat_253		beat	children	年龄 27—64；人物 [{"slot":"child","relationAny":["child","adoptedChild","stepChild"],"alive":true,"ageMin":6,"ageMax":24,"optional":false}]；门槛 {"all":[{"path":"relationships.childCount","op":"gte","value":1}],"any":[],"none":[]}	学费缴费日到了，家里的贷款也在同周扣款。	学费缴费日到了，家里的贷款也在同周扣款。	[{"type":"add","target":"relationships.childBond","value":-4},{"type":"add","target":"pressures.family","value":6}]	无	无	无	三代理混排复核完成；已发现项已修正
beat_254		beat	children	年龄 25—72；人物 [{"slot":"child","relationAny":["child","adoptedChild","stepChild"],"alive":true,"ageMin":18,"ageMax":60,"optional":false}]；门槛 {"all":[{"path":"relationships.childCount","op":"gte","value":1}],"any":[],"none":[]}	多年疏远后，孩子只通过亲戚问你的近况。	多年疏远后，孩子只通过亲戚问你的近况。	[{"type":"add","target":"relationships.childBond","value":-4},{"type":"add","target":"pressures.family","value":6}]	无	无	人物	三代理混排复核完成；已发现项已修正
beat_255		beat	children	年龄 30—75；人物 [{"slot":"child","relationAny":["child","adoptedChild","stepChild"],"alive":true,"ageMin":0,"ageMax":2,"optional":false}]；门槛 {"all":[{"path":"relationships.childCount","op":"gte","value":1}],"any":[],"none":[]}	孩子来到家里的那天，所有人的作息重新开始。	孩子来到家里的那天，所有人的作息重新开始。	[{"type":"add","target":"relationships.childBond","value":-4},{"type":"add","target":"pressures.family","value":6},{"type":"tag","target":"history","value":"children:beat:3:6"}]	无	无	人物	三代理混排复核完成；已发现项已修正
beat_256		beat	children	年龄 31—77；人物 [{"slot":"child","relationAny":["child","adoptedChild","stepChild"],"alive":true,"ageMin":18,"ageMax":60,"optional":false}]；门槛 {"all":[{"path":"relationships.childCount","op":"gte","value":1}],"any":[],"none":[]}	成年孩子拖着行李离开，你没有再问几点回来。	成年孩子拖着行李离开，你没有再问几点回来。	[{"type":"add","target":"relationships.childBond","value":-4},{"type":"add","target":"pressures.family","value":6}]	无	无	人物	三代理混排复核完成；已发现项已修正
beat_257		beat	finance	年龄 18—65；人物 []；门槛 {"all":[{"path":"housing.status","op":"eq","value":"renting"}],"any":[],"none":[]}	工资到账后，房租在第二天自动扣走。	工资到账后，房租在第二天自动扣走。	[{"type":"add","target":"finance.cash","value":-1800},{"type":"add","target":"pressures.money","value":-1},{"type":"tag","target":"history","value":"finance:beat:0:0"}]	无	无	无	三代理混排复核完成；已发现项已修正
beat_258		beat	finance	年龄 20—70；人物 []；门槛 {"all":[{"path":"finance.totalDebt","op":"gte","value":1},{"path":"finance.totalDebt","op":"gte","value":1}],"any":[],"none":[]}	银行短信提醒，本月还款已经成功。	银行短信提醒，本月还款已经成功。	[{"type":"add","target":"finance.cash","value":-1800},{"type":"add","target":"pressures.money","value":-1}]	无	无	无	三代理混排复核完成；已发现项已修正
beat_259		beat	finance	年龄 20—70；人物 []；门槛 {"all":[],"any":[],"none":[]}	你把一张旧银行卡注销，余额只有几块钱。	你把一张旧银行卡注销，余额只有几块钱。	[{"type":"add","target":"finance.cash","value":-1800},{"type":"add","target":"pressures.money","value":-1}]	无	无	无	三代理混排复核完成；已发现项已修正
beat_260		beat	finance	年龄 22—72；人物 []；门槛 {"all":[{"path":"finance.totalDebt","op":"gte","value":1}],"any":[],"none":[]}	超市小票塞进钱包，月底才想起记账。	超市小票塞进钱包，月底才想起记账。	[{"type":"add","target":"finance.cash","value":-1800},{"type":"add","target":"pressures.money","value":-1},{"type":"tag","target":"history","value":"finance:beat:0:3"}]	无	无	无	三代理混排复核完成；已发现项已修正
beat_261		beat	finance	年龄 22—75；人物 []；门槛 {"all":[{"path":"housing.status","op":"eq","value":"renting"}],"any":[],"none":[]}	房东续租没涨价，只要求再签一年。	房东续租没涨价，只要求再签一年。	[{"type":"add","target":"finance.cash","value":-1800},{"type":"add","target":"pressures.money","value":-1}]	无	无	无	三代理混排复核完成；已发现项已修正
beat_262		beat	finance	年龄 25—78；人物 []；门槛 {"all":[{"path":"finance.hasArrears","op":"eq","value":true}],"any":[],"none":[]}	存款多了一点，离首付仍隔着很长的数字。	存款多了一点，离首付仍隔着很长的数字。	[{"type":"add","target":"finance.cash","value":-1800},{"type":"add","target":"pressures.money","value":-1}]	无	无	无	三代理混排复核完成；已发现项已修正
beat_263		beat	finance	年龄 25—82；人物 []；门槛 {"all":[{"path":"finance.hasArrears","op":"eq","value":true}],"any":[],"none":[]}	你补了一笔逾期款，征信报告上的记录还在。	你补了一笔逾期款，征信报告上的记录还在。	[{"type":"add","target":"finance.cash","value":-1800},{"type":"add","target":"pressures.money","value":-1},{"type":"tag","target":"history","value":"finance:beat:0:6"}]	无	无	无	三代理混排复核完成；已发现项已修正
beat_264		beat	finance	年龄 50—105；人物 []；门槛 {"all":[{"path":"finance.totalDebt","op":"gte","value":1}],"any":[],"none":[]}	家里寄来一张旧借条，字迹已经有些淡。	家里寄来一张旧借条，字迹已经有些淡。	[{"type":"add","target":"finance.cash","value":-1800},{"type":"add","target":"pressures.money","value":-1}]	无	无	无	三代理混排复核完成；已发现项已修正
beat_265		beat	finance	年龄 18—65；人物 []；门槛 {"all":[],"any":[],"none":[]}	一笔重复扣款核对后退了回来，到账短信只有几行字。	一笔重复扣款核对后退了回来，到账短信只有几行字。	[{"type":"add","target":"finance.cash","value":3500},{"type":"add","target":"pressures.money","value":-1}]	无	无	无	三代理混排复核完成；已发现项已修正
beat_266		beat	finance	年龄 20—70；人物 []；门槛 {"all":[{"path":"finance.totalDebt","op":"gte","value":1}],"any":[],"none":[]}	整理遗物时，存折和欠条放在同一个抽屉。	整理遗物时，存折和欠条放在同一个抽屉。	[{"type":"add","target":"finance.cash","value":3500},{"type":"add","target":"pressures.money","value":-1},{"type":"tag","target":"history","value":"finance:beat:1:1"}]	无	无	无	三代理混排复核完成；已发现项已修正
beat_267		beat	finance	年龄 20—70；人物 []；门槛 {"all":[],"any":[],"none":[]}	银行经理叫你贵宾，门槛是刚借够一笔钱。	银行经理叫你贵宾，门槛是刚借够一笔钱。	[{"type":"add","target":"finance.cash","value":3500},{"type":"add","target":"pressures.money","value":-1}]	无	无	无	三代理混排复核完成；已发现项已修正
beat_268		beat	finance	年龄 22—72；人物 []；门槛 {"all":[{"path":"finance.totalDebt","op":"gte","value":1}],"any":[],"none":[]}	亲戚说家里的钱不分你我，借条却不肯写。	亲戚说家里的钱不分你我，借条却不肯写。	[{"type":"add","target":"finance.cash","value":3500},{"type":"add","target":"pressures.money","value":-1}]	无	无	无	三代理混排复核完成；已发现项已修正
beat_269		beat	finance	年龄 22—75；人物 []；门槛 {"all":[],"any":[],"none":[]}	理财页面写稳健，亏损提示藏在下一页。	理财页面写稳健，亏损提示藏在下一页。	[{"type":"add","target":"finance.cash","value":3500},{"type":"add","target":"pressures.money","value":-1},{"type":"tag","target":"history","value":"finance:beat:1:4"}]	无	无	无	三代理混排复核完成；已发现项已修正
beat_270		beat	finance	年龄 25—78；人物 []；门槛 {"all":[{"path":"finance.hasArrears","op":"eq","value":true}],"any":[],"none":[]}	房产中介说最后一套，隔天又发来同一户型。	房产中介说最后一套，隔天又发来同一户型。	[{"type":"add","target":"finance.cash","value":3500},{"type":"add","target":"pressures.money","value":-1}]	无	无	无	三代理混排复核完成；已发现项已修正
beat_271		beat	finance	年龄 25—82；人物 []；门槛 {"all":[{"path":"finance.hasArrears","op":"eq","value":true}],"any":[],"none":[]}	账单说消费升级，你只记得买了很多小东西。	账单说消费升级，你只记得买了很多小东西。	[{"type":"add","target":"finance.cash","value":3500},{"type":"add","target":"pressures.money","value":-1}]	无	无	无	三代理混排复核完成；已发现项已修正
beat_272		beat	finance	年龄 50—105；人物 []；门槛 {"all":[{"path":"finance.totalDebt","op":"gte","value":1}],"any":[],"none":[]}	朋友劝你上车，他自己的房子还在等买家。	朋友劝你上车，他自己的房子还在等买家。	[{"type":"add","target":"finance.cash","value":3500},{"type":"add","target":"pressures.money","value":-1},{"type":"tag","target":"history","value":"finance:beat:1:7"}]	无	无	住房债务	三代理混排复核完成；已发现项已修正
beat_273		beat	finance	年龄 18—65；人物 []；门槛 {"all":[],"any":[],"none":[]}	陌生来电先问你最近好吗，然后开始核对身份证号。	陌生来电先问你最近好吗，然后开始核对身份证号。	[{"type":"add","target":"finance.cash","value":-6000},{"type":"add","target":"pressures.money","value":4}]	无	无	无	三代理混排复核完成；已发现项已修正
beat_274		beat	finance	年龄 20—70；人物 []；门槛 {"all":[{"path":"finance.totalDebt","op":"gte","value":1}],"any":[],"none":[]}	遗嘱刚谈到钱，亲戚群突然比平时热闹。	遗嘱刚谈到钱，亲戚群突然比平时热闹。	[{"type":"add","target":"finance.cash","value":-6000},{"type":"add","target":"pressures.money","value":4}]	无	无	无	三代理混排复核完成；已发现项已修正
beat_275		beat	finance	年龄 20—70；人物 []；门槛 {"all":[{"path":"housing.status","op":"eq","value":"renting"}],"any":[],"none":[]}	合同写可退押金，房东把解释改成了语音。	合同写可退押金，房东把解释改成了语音。	[{"type":"add","target":"finance.cash","value":-6000},{"type":"add","target":"pressures.money","value":4},{"type":"tag","target":"history","value":"finance:beat:2:2"}]	无	无	无	三代理混排复核完成；已发现项已修正
beat_276		beat	finance	年龄 22—72；人物 []；门槛 {"all":[{"path":"finance.totalDebt","op":"gte","value":1}],"any":[],"none":[]}	几笔还款排在同一周，最小还款加起来比想的更长。	几笔还款排在同一周，最小还款加起来比想的更长。	[{"type":"add","target":"finance.cash","value":-6000},{"type":"add","target":"pressures.money","value":4}]	无	无	无	三代理混排复核完成；已发现项已修正
beat_277		beat	finance	年龄 22—75；人物 []；门槛 {"all":[],"any":[],"none":[]}	分期看着每月不多，加起来超过了原价。	分期看着每月不多，加起来超过了原价。	[{"type":"add","target":"finance.cash","value":-6000},{"type":"add","target":"pressures.money","value":4}]	无	无	无	三代理混排复核完成；已发现项已修正
beat_278		beat	finance	年龄 25—78；人物 []；门槛 {"all":[{"path":"housing.status","op":"eq","value":"mortgaged"},{"path":"finance.mortgagePaymentStress","op":"eq","value":true},{"path":"finance.hasArrears","op":"eq","value":true}],"any":[],"none":[]}	利率上调以后，月供第一次超过收入三成。	利率上调以后，月供第一次超过收入三成。	[{"type":"add","target":"finance.cash","value":-6000},{"type":"add","target":"pressures.money","value":4},{"type":"tag","target":"history","value":"finance:beat:2:5"}]	无	无	无	三代理混排复核完成；已发现项已修正
beat_279		beat	finance	年龄 25—82；人物 []；门槛 {"all":[{"path":"finance.hasArrears","op":"eq","value":true}],"any":[],"none":[]}	逾期电话打到家里，你还没想好怎么解释。	逾期电话打到家里，你还没想好怎么解释。	[{"type":"add","target":"finance.cash","value":-6000},{"type":"add","target":"pressures.money","value":4}]	无	无	无	三代理混排复核完成；已发现项已修正
beat_280		beat	finance	年龄 50—105；人物 []；门槛 {"all":[{"path":"housing.status","op":"eq","value":"mortgaged"},{"path":"finance.totalDebt","op":"gte","value":1}],"any":[],"none":[]}	想卖的房一直无人出价，贷款仍每月照扣。	想卖的房一直无人出价，贷款仍每月照扣。	[{"type":"add","target":"finance.cash","value":-6000},{"type":"add","target":"pressures.money","value":4}]	无	无	无	三代理混排复核完成；已发现项已修正
beat_281		beat	finance	年龄 18—65；人物 []；门槛 {"all":[],"any":[],"none":[]}	一件必须马上处理的意外开销，把这个月的余量全部吃掉。	一件必须马上处理的意外开销，把这个月的余量全部吃掉。	[{"type":"add","target":"finance.cash","value":-15000},{"type":"add","target":"pressures.money","value":7},{"type":"tag","target":"history","value":"finance:beat:3:0"}]	无	无	无	三代理混排复核完成；已发现项已修正
beat_282		beat	finance	年龄 20—70；人物 []；门槛 {"all":[{"path":"finance.totalDebt","op":"gte","value":1}],"any":[],"none":[]}	几笔债在同一周到期，延后任何一笔都会新增费用。	几笔债在同一周到期，延后任何一笔都会新增费用。	[{"type":"add","target":"finance.cash","value":-15000},{"type":"add","target":"pressures.money","value":7}]	无	无	无	三代理混排复核完成；已发现项已修正
beat_283		beat	finance	年龄 20—70；人物 []；门槛 {"all":[],"any":[],"none":[]}	三张账单在同一周到期，账户余额没有给它们排好顺序。	三张账单在同一周到期，账户余额没有给它们排好顺序。	[{"type":"add","target":"finance.cash","value":-15000},{"type":"add","target":"pressures.money","value":7}]	无	无	无	三代理混排复核完成；已发现项已修正
beat_284		beat	finance	年龄 22—72；人物 []；门槛 {"all":[{"path":"finance.totalDebt","op":"gte","value":1}],"any":[],"none":[]}	四处周转撑了半年，费用已经超过本金下降。	四处周转撑了半年，费用已经超过本金下降。	[{"type":"add","target":"finance.cash","value":-15000},{"type":"add","target":"pressures.money","value":7},{"type":"tag","target":"history","value":"finance:beat:3:3"}]	无	无	无	三代理混排复核完成；已发现项已修正
beat_285		beat	finance	年龄 22—75；人物 []；门槛 {"all":[],"any":[],"none":[]}	正式文书寄到家门，邻居替你签收。	正式文书寄到家门，邻居替你签收。	[{"type":"add","target":"finance.cash","value":-15000},{"type":"add","target":"pressures.money","value":7}]	无	无	无	三代理混排复核完成；已发现项已修正
beat_286		beat	finance	年龄 25—78；人物 []；门槛 {"all":[{"path":"housing.status","op":"eq","value":"mortgaged"},{"path":"finance.enforcementStatus","op":"in","value":["active","consequence"]},{"path":"finance.hasArrears","op":"eq","value":true}],"any":[],"none":[]}	唯一住房准备拍卖，搬家日期没有等你选。	唯一住房准备拍卖，搬家日期没有等你选。	[{"type":"add","target":"finance.cash","value":-15000},{"type":"add","target":"pressures.money","value":7}]	无	无	住房债务	三代理混排复核完成；已发现项已修正
beat_287		beat	finance	年龄 25—82；人物 []；门槛 {"all":[{"path":"housing.status","op":"eq","value":"mortgaged"},{"path":"finance.hasArrears","op":"eq","value":true}],"any":[],"none":[]}	你第一次拿到房本，也第一次看清三十年贷款期限。	你第一次拿到房本，也第一次看清三十年贷款期限。	[{"type":"add","target":"finance.cash","value":-15000},{"type":"add","target":"pressures.money","value":7},{"type":"tag","target":"history","value":"finance:beat:3:6"}]	无	无	无	三代理混排复核完成；已发现项已修正
beat_288		beat	finance	年龄 50—105；人物 []；门槛 {"all":[{"path":"finance.totalDebt","op":"gte","value":1},{"path":"finance.totalDebt","op":"gte","value":1}],"any":[],"none":[]}	你转进一笔还款，本金按实际到账金额往下减了一截。	你转进一笔还款，本金按实际到账金额往下减了一截。	[{"type":"repayDebt","target":"finance.liabilities","value":15000},{"type":"add","target":"pressures.money","value":-2}]	无	无	无	三代理混排复核完成；已发现项已修正
beat_289		beat	health	年龄 0—5；人物 []；门槛 {"all":[],"any":[],"none":[]}	疫苗本盖章后，家里记下了下一针日期。	疫苗本盖章后，家里记下了下一针日期。	[{"type":"add","target":"capabilities.healthLiteracy","value":1},{"type":"add","target":"health.physical","value":1}]	无	无	无	三代理混排复核完成；已发现项已修正
beat_290		beat	health	年龄 6—15；人物 []；门槛 {"all":[],"any":[],"none":[]}	牙医用小镜子指出一颗需要认真刷的牙。	牙医用小镜子指出一颗需要认真刷的牙。	[{"type":"add","target":"capabilities.healthLiteracy","value":1},{"type":"add","target":"health.physical","value":1}]	无	无	无	三代理混排复核完成；已发现项已修正
beat_291		beat	health	年龄 10—22；人物 []；门槛 {"all":[],"any":[],"none":[]}	你把视力表最下面一排看错了两个。	你把视力表最下面一排看错了两个。	[{"type":"add","target":"capabilities.healthLiteracy","value":1}]	无	无	无	三代理混排复核完成；已发现项已修正
beat_292		beat	health	年龄 16—65；人物 []；门槛 {"all":[],"any":[],"none":[]}	午休后的一小圈路，让肩背松下来。	午休后的一小圈路，让肩背松下来。	[{"type":"add","target":"health.physical","value":1},{"type":"add","target":"pressures.body","value":-2}]	无	无	无	三代理混排复核完成；已发现项已修正
beat_293		beat	health	年龄 18—75；人物 []；门槛 {"all":[],"any":[],"none":[]}	连续睡足几晚后，闹钟第一次没那么刺耳。	连续睡足几晚后，闹钟第一次没那么刺耳。	[{"type":"add","target":"health.mental","value":1},{"type":"add","target":"pressures.body","value":-2}]	无	无	无	三代理混排复核完成；已发现项已修正
beat_294		beat	health	年龄 30—80；人物 []；门槛 {"all":[],"any":[],"none":[]}	常规体检的数字都落在不用追赶的范围里。	常规体检的数字都落在不用追赶的范围里。	[{"type":"add","target":"capabilities.healthLiteracy","value":1}]	无	无	无	三代理混排复核完成；已发现项已修正
beat_295		beat	health	年龄 50—95；人物 []；门槛 {"all":[],"any":[],"none":[]}	社区步道上，你找到不会逞强的速度。	社区步道上，你找到不会逞强的速度。	[{"type":"add","target":"health.physical","value":1},{"type":"add","target":"pressures.loneliness","value":-1}]	无	无	无	三代理混排复核完成；已发现项已修正
beat_296		beat	health	年龄 65—105；人物 []；门槛 {"all":[],"any":[],"none":[]}	浴室加了一根扶手，日常没有因此变小。	浴室加了一根扶手，日常没有因此变小。	[{"type":"add","target":"capabilities.careSkill","value":1},{"type":"add","target":"health.physical","value":1}]	无	无	无	三代理混排复核完成；已发现项已修正
beat_297		beat	health	年龄 0—8；人物 []；门槛 {"all":[{"path":"health.status","op":"in","value":["well","managed"]}],"any":[],"none":[]}	一场高烧退得慢，医生留下了复查日期。	一场高烧退得慢，医生留下了复查日期。	[{"type":"healthIncident","target":"health","value":13,"condition":"infection"}]	无	无	职业资产	三代理混排复核完成；已发现项已修正
beat_298		beat	health	年龄 8—25；人物 []；门槛 {"all":[{"path":"health.status","op":"in","value":["well","managed"]}],"any":[],"none":[]}	跑动时的一次扭伤，比平常多疼了几天。	跑动时的一次扭伤，比平常多疼了几天。	[{"type":"healthIncident","target":"health","value":12,"condition":"injury"}]	无	无	无	三代理混排复核完成；已发现项已修正
beat_299		beat	health	年龄 18—65；人物 []；门槛 {"all":[{"path":"health.status","op":"in","value":["well","managed"]}],"any":[{"path":"pressures.body","op":"gte","value":20},{"path":"health.physical","op":"lte","value":65}],"none":[]}	饭后反复的不适，终于让你预约了门诊。	饭后反复的不适，终于让你预约了门诊。	[{"type":"healthIncident","target":"health","value":14,"condition":"digestive"}]	无	无	无	三代理混排复核完成；已发现项已修正
beat_300		beat	health	年龄 20—65；人物 []；门槛 {"all":[{"path":"health.status","op":"in","value":["well","managed"]},{"path":"employment.arrangement","op":"eq","value":"splitShift"}],"any":[],"none":[]}	一次站起时的眩晕，让排班表停了下来。	一次站起时的眩晕，让排班表停了下来。	[{"type":"healthIncident","target":"health","value":16,"condition":"fatigue"}]	无	无	无	三代理混排复核完成；已发现项已修正
beat_301		beat	health	年龄 35—78；人物 []；门槛 {"all":[{"path":"health.status","op":"in","value":["well","managed"]}],"any":[],"none":[]}	体检单上一个箭头，需要几个月后再确认。	体检单上一个箭头，需要几个月后再确认。	[{"type":"healthIncident","target":"health","value":15,"condition":"screening"}]	无	无	无	三代理混排复核完成；已发现项已修正
beat_302		beat	health	年龄 16—75；人物 []；门槛 {"all":[{"path":"health.status","op":"in","value":["well","managed"]}],"any":[{"path":"pressures.career","op":"gte","value":35},{"path":"pressures.family","op":"gte","value":35},{"path":"pressures.money","op":"gte","value":35}],"none":[]}	失眠连续出现，白天开始漏掉熟悉的细节。	失眠连续出现，白天开始漏掉熟悉的细节。	[{"type":"healthIncident","target":"health","value":15,"condition":"sleep"}]	无	无	无	三代理混排复核完成；已发现项已修正
beat_303		beat	health	年龄 18—82；人物 []；门槛 {"all":[{"path":"health.status","op":"in","value":["well","managed"]}],"any":[],"none":[]}	一次意外擦伤没有按预期恢复，门诊建议复查。	一次意外擦伤没有按预期恢复，门诊建议复查。	[{"type":"healthIncident","target":"health","value":20,"condition":"accident"}]	无	无	无	三代理混排复核完成；已发现项已修正
beat_304		beat	health	年龄 60—105；人物 []；门槛 {"all":[{"path":"health.status","op":"in","value":["well","managed"]}],"any":[],"none":[]}	一次跌倒没有骨折，却改变了你走路的信心。	一次跌倒没有骨折，却改变了你走路的信心。	[{"type":"healthIncident","target":"health","value":18,"condition":"fall"}]	无	无	无	三代理混排复核完成；已发现项已修正
beat_305		beat	health	年龄 3—105；人物 []；门槛 {"all":[{"path":"health.status","op":"in","value":["monitoring","treating","recovering","managed","limited"]}],"any":[],"none":[]}	复查结果比上一次稳定，观察期可以缩短。	复查结果比上一次稳定，观察期可以缩短。	[{"type":"healthRecovery","target":"health","value":9}]	无	无	无	三代理混排复核完成；已发现项已修正
beat_306		beat	health	年龄 6—105；人物 []；门槛 {"all":[{"path":"health.status","op":"in","value":["monitoring","treating","recovering","managed","limited"]}],"any":[],"none":[]}	按时用药后，最影响日常的症状先退了。	按时用药后，最影响日常的症状先退了。	[{"type":"healthRecovery","target":"health","value":10}]	无	无	健康照护	三代理混排复核完成；已发现项已修正
beat_307		beat	health	年龄 8—105；人物 []；门槛 {"all":[{"path":"health.status","op":"in","value":["treating","recovering","limited"]}],"any":[],"none":[]}	康复师把训练动作减到你能长期做到的量。	康复师把训练动作减到你能长期做到的量。	[{"type":"healthRecovery","target":"health","value":12}]	无	无	无	三代理混排复核完成；已发现项已修正
beat_308		beat	health	年龄 12—105；人物 []；门槛 {"all":[{"path":"health.status","op":"in","value":["monitoring","treating","recovering","managed","limited"]}],"any":[],"none":[]}	你第一次完整记录了睡眠、疼痛和用药。	你第一次完整记录了睡眠、疼痛和用药。	[{"type":"add","target":"capabilities.healthLiteracy","value":2},{"type":"healthRecovery","target":"health","value":8}]	无	无	健康照护	三代理混排复核完成；已发现项已修正
beat_309		beat	health	年龄 16—105；人物 []；门槛 {"all":[{"path":"health.status","op":"in","value":["monitoring","treating","recovering"]}],"any":[],"none":[]}	请假单批下来后，身体终于得到连续的休息。	请假单批下来后，身体终于得到连续的休息。	[{"type":"healthRecovery","target":"health","value":11},{"type":"add","target":"pressures.career","value":2}]	无	无	无	三代理混排复核完成；已发现项已修正
beat_310		beat	health	年龄 18—105；人物 []；门槛 {"all":[{"path":"health.status","op":"in","value":["monitoring","treating","recovering","managed","limited"]}],"any":[],"none":[]}	家人学会了帮忙，而不是替你决定。	家人学会了帮忙，而不是替你决定。	[{"type":"healthRecovery","target":"health","value":8},{"type":"add","target":"relationships.originBond","value":2}]	无	无	无	三代理混排复核完成；已发现项已修正
beat_311		beat	health	年龄 25—105；人物 []；门槛 {"all":[{"path":"health.status","op":"in","value":["managed","limited","recovering"]}],"any":[],"none":[]}	辅助工具让一件困难的事重新可以独立完成。	辅助工具让一件困难的事重新可以独立完成。	[{"type":"healthRecovery","target":"health","value":7}]	无	无	无	三代理混排复核完成；已发现项已修正
beat_312		beat	health	年龄 45—105；人物 []；门槛 {"all":[{"path":"health.status","op":"in","value":["recovering","managed"]}],"any":[],"none":[]}	医生同意把复诊间隔从三个月延到半年。	医生同意把复诊间隔从三个月延到半年。	[{"type":"healthRecovery","target":"health","value":13,"resolve":true}]	无	无	职业资产	三代理混排复核完成；已发现项已修正
beat_313		beat	health	年龄 8—90；人物 []；门槛 {"all":[{"path":"health.status","op":"in","value":["monitoring","treating","recovering","managed","limited"]},{"path":"health.conditionSeverity","op":"gte","value":25}],"any":[],"none":[]}	复查数字突然恶化，原定计划被迫暂停。	复查数字突然恶化，原定计划被迫暂停。	[{"type":"healthIncident","target":"health","value":18,"condition":"setback"}]	无	无	无	三代理混排复核完成；已发现项已修正
beat_314		beat	health	年龄 16—90；人物 []；门槛 {"all":[{"path":"health.status","op":"in","value":["monitoring","treating","recovering","managed","limited"]},{"path":"health.conditionSeverity","op":"gte","value":35}],"any":[],"none":[]}	一次急诊把没有处理的问题全部摆到台面上。	一次急诊把没有处理的问题全部摆到台面上。	[{"type":"healthIncident","target":"health","value":24,"condition":"acute"}]	无	无	无	三代理混排复核完成；已发现项已修正
beat_315		beat	health	年龄 18—90；人物 []；门槛 {"all":[{"path":"health.status","op":"in","value":["treating","limited"]},{"path":"health.conditionSeverity","op":"gte","value":28}],"any":[],"none":[]}	治疗副作用让工作和日常必须重新排期。	治疗副作用让工作和日常必须重新排期。	[{"type":"add","target":"pressures.body","value":8},{"type":"add","target":"pressures.career","value":5}]	无	无	健康照护	三代理混排复核完成；已发现项已修正
beat_316		beat	health	年龄 18—95；人物 []；门槛 {"all":[{"path":"health.status","op":"in","value":["monitoring","treating","recovering","managed","limited"]},{"path":"pressures.body","op":"gte","value":60}],"any":[],"none":[]}	身体拒绝继续硬撑，你停下了几项责任。	身体拒绝继续硬撑，你停下了几项责任。	[{"type":"healthRecovery","target":"health","value":10},{"type":"add","target":"pressures.family","value":4}]	无	无	无	三代理混排复核完成；已发现项已修正
beat_317		beat	health	年龄 25—100；人物 []；门槛 {"all":[{"path":"health.status","op":"in","value":["recovering","limited"]},{"path":"health.conditionSeverity","op":"gte","value":20}],"any":[],"none":[]}	康复进入平台期，训练记录几个月没有变化。	康复进入平台期，训练记录几个月没有变化。	[{"type":"add","target":"pressures.body","value":5},{"type":"add","target":"health.mental","value":-3}]	无	无	无	三代理混排复核完成；已发现项已修正
beat_318		beat	health	年龄 35—105；人物 []；门槛 {"all":[{"path":"health.status","op":"in","value":["monitoring","treating"]},{"path":"health.conditionSeverity","op":"gte","value":22}],"any":[],"none":[]}	长期指标被确认需要管理，但不再等于失控。	长期指标被确认需要管理，但不再等于失控。	[{"type":"set","target":"health.status","value":"managed"},{"type":"add","target":"capabilities.healthLiteracy","value":2}]	无	无	无	三代理混排复核完成；已发现项已修正
beat_319		beat	health	年龄 55—105；人物 []；门槛 {"all":[{"path":"health.status","op":"in","value":["limited","managed"]},{"path":"health.careNeed","op":"gte","value":1}],"any":[],"none":[]}	正式照护接手了最消耗体力的那部分日常。	正式照护接手了最消耗体力的那部分日常。	[{"type":"healthRecovery","target":"health","value":9},{"type":"add","target":"pressures.family","value":-5}]	无	无	健康照护	三代理混排复核完成；已发现项已修正
beat_320		beat	health	年龄 65—105；人物 []；门槛 {"all":[{"path":"health.status","op":"in","value":["limited","managed"]},{"path":"health.conditionSeverity","op":"gte","value":30}],"any":[],"none":[]}	治疗方案不再追求回到从前，只保住还能做的事。	治疗方案不再追求回到从前，只保住还能做的事。	[{"type":"healthRecovery","target":"health","value":8},{"type":"add","target":"desires.body.fulfillment","value":2}]	无	无	健康照护	三代理混排复核完成；已发现项已修正
beat_321		beat	habits	年龄 18—70；人物 []；门槛 {"all":[{"path":"habits.type","op":"eq","value":"gambling"},{"path":"habits.stage","op":"in","value":["repeating","dependent"]},{"path":"habits.risk","op":"gte","value":1}],"any":[],"none":[]}	比分结束前，你又刷新了几次下注页面。	比分结束前，你又刷新了几次下注页面。	[{"type":"add","target":"habits.risk","value":1},{"type":"tag","target":"history","value":"habits:gambling:beat:0"},{"type":"add","target":"finance.cash","value":-1800},{"type":"add","target":"pressures.money","value":1}]	无	无	无	三代理混排复核完成；已发现项已修正
beat_322		beat	habits	年龄 18—72；人物 []；门槛 {"all":[{"path":"habits.type","op":"eq","value":"gambling"},{"path":"habits.stage","op":"in","value":["repeating"]},{"path":"habits.risk","op":"gte","value":1}],"any":[],"none":[]}	银行流水里出现了几笔同样收款方的小额转出。	银行流水里出现了几笔同样收款方的小额转出。	[{"type":"add","target":"habits.risk","value":0},{"type":"tag","target":"history","value":"habits:gambling:beat:1"},{"type":"add","target":"finance.cash","value":-300},{"type":"add","target":"pressures.money","value":1}]	无	无	无	三代理混排复核完成；已发现项已修正
beat_323		beat	habits	年龄 18—75；人物 []；门槛 {"all":[{"path":"habits.type","op":"eq","value":"gambling"},{"path":"habits.stage","op":"in","value":["dependent","uncontrolled"]},{"path":"habits.risk","op":"gte","value":1}],"any":[],"none":[]}	输掉的一笔钱被你记成"下一场再拿回来"。	输掉的一笔钱被你记成"下一场再拿回来"。	[{"type":"add","target":"habits.risk","value":2},{"type":"tag","target":"history","value":"habits:gambling:beat:2"},{"type":"add","target":"finance.cash","value":-3600},{"type":"add","target":"pressures.money","value":2}]	无	无	无	三代理混排复核完成；已发现项已修正
beat_324		beat	habits	年龄 20—78；人物 []；门槛 {"all":[{"path":"habits.type","op":"eq","value":"gambling"},{"path":"habits.stage","op":"in","value":["dependent","uncontrolled"]},{"path":"habits.risk","op":"gte","value":1}],"any":[],"none":[]}	房租到账后，你先算还能留下多少继续下注。	房租到账后，你先算还能留下多少继续下注。	[{"type":"add","target":"habits.risk","value":2},{"type":"tag","target":"history","value":"habits:gambling:beat:3"},{"type":"add","target":"finance.cash","value":-3600},{"type":"add","target":"pressures.money","value":2}]	无	无	无	三代理混排复核完成；已发现项已修正
beat_325		beat	habits	年龄 20—85；人物 []；门槛 {"all":[{"path":"habits.type","op":"eq","value":"gambling"},{"path":"habits.stage","op":"in","value":["treatment","recovery"]},{"path":"habits.risk","op":"gte","value":1}],"any":[],"none":[]}	支付限制拦住一笔冲动转账，你给治疗联系人发了消息。	支付限制拦住一笔冲动转账，你给治疗联系人发了消息。	[{"type":"add","target":"habits.risk","value":-4},{"type":"add","target":"health.mental","value":2},{"type":"tag","target":"history","value":"habits:gambling:recovery-beat"},{"type":"add","target":"pressures.money","value":-2}]	无	无	健康照护	三代理混排复核完成；已发现项已修正
beat_326		beat	habits	年龄 20—82；人物 []；门槛 {"all":[{"path":"habits.type","op":"eq","value":"gambling"},{"path":"habits.stage","op":"in","value":["uncontrolled","relapse"]},{"path":"habits.risk","op":"gte","value":1}],"any":[],"none":[]}	借款利息和新的损失在同一张表里继续增长。	借款利息和新的损失在同一张表里继续增长。	[{"type":"add","target":"habits.risk","value":4},{"type":"tag","target":"history","value":"habits:gambling:beat:5"},{"type":"add","target":"finance.cash","value":-7200},{"type":"add","target":"pressures.money","value":4}]	无	无	无	三代理混排复核完成；已发现项已修正
beat_327		beat	habits	年龄 22—90；人物 []；门槛 {"all":[{"path":"habits.type","op":"eq","value":"gambling"},{"path":"habits.stage","op":"in","value":["treatment","recovery"]},{"path":"habits.risk","op":"gte","value":1}],"any":[],"none":[]}	真实欠款逐笔核完，没有再用下一场比赛解释数字。	真实欠款逐笔核完，没有再用下一场比赛解释数字。	[{"type":"add","target":"habits.risk","value":-8},{"type":"add","target":"health.mental","value":4},{"type":"tag","target":"history","value":"habits:gambling:recovery-beat"},{"type":"add","target":"pressures.money","value":-4}]	无	无	住房债务	三代理混排复核完成；已发现项已修正
beat_328		beat	habits	年龄 18—72；人物 []；门槛 {"all":[{"path":"habits.type","op":"eq","value":"alcohol"},{"path":"habits.stage","op":"in","value":["exposed","repeating"]},{"path":"habits.risk","op":"gte","value":1}],"any":[],"none":[]}	聚餐散场后，你第一次把实际杯数记进手机。	聚餐散场后，你第一次把实际杯数记进手机。	[{"type":"add","target":"habits.risk","value":0},{"type":"tag","target":"history","value":"habits:alcohol:beat:7"},{"type":"add","target":"health.physical","value":-1},{"type":"add","target":"health.mental","value":0},{"type":"add","target":"pressures.body","value":1}]	无	无	无	三代理混排复核完成；已发现项已修正
beat_329		beat	habits	年龄 18—75；人物 []；门槛 {"all":[{"path":"habits.type","op":"eq","value":"alcohol"},{"path":"habits.stage","op":"in","value":["repeating"]},{"path":"habits.risk","op":"gte","value":1}],"any":[],"none":[]}	傍晚回到住处时，冰箱里的酒比晚饭更早被拿出来。	傍晚回到住处时，冰箱里的酒比晚饭更早被拿出来。	[{"type":"add","target":"habits.risk","value":1},{"type":"tag","target":"history","value":"habits:alcohol:beat:8"},{"type":"add","target":"health.physical","value":-1},{"type":"add","target":"health.mental","value":-1},{"type":"add","target":"pressures.body","value":1}]	无	无	健康照护	三代理混排复核完成；已发现项已修正
beat_330		beat	habits	年龄 20—78；人物 []；门槛 {"all":[{"path":"habits.type","op":"eq","value":"alcohol"},{"path":"habits.stage","op":"in","value":["dependent","uncontrolled"]},{"path":"habits.risk","op":"gte","value":1}],"any":[],"none":[]}	第二天要取消的安排写了三遍，真正原因始终没发出去。	第二天要取消的安排写了三遍，真正原因始终没发出去。	[{"type":"add","target":"habits.risk","value":2},{"type":"tag","target":"history","value":"habits:alcohol:beat:9"},{"type":"add","target":"health.physical","value":-2},{"type":"add","target":"health.mental","value":-2},{"type":"add","target":"pressures.body","value":2}]	无	无	无	三代理混排复核完成；已发现项已修正
beat_331		beat	habits	年龄 20—82；人物 []；门槛 {"all":[{"path":"habits.type","op":"eq","value":"alcohol"},{"path":"habits.stage","op":"in","value":["dependent","uncontrolled"]},{"path":"habits.risk","op":"gte","value":1}],"any":[],"none":[]}	水槽下多了几个被刻意藏起来的空瓶。	水槽下多了几个被刻意藏起来的空瓶。	[{"type":"add","target":"habits.risk","value":2},{"type":"tag","target":"history","value":"habits:alcohol:beat:10"},{"type":"add","target":"health.physical","value":-2},{"type":"add","target":"health.mental","value":-2},{"type":"add","target":"pressures.body","value":2}]	无	无	无	三代理混排复核完成；已发现项已修正
beat_332		beat	habits	年龄 20—88；人物 []；门槛 {"all":[{"path":"habits.type","op":"eq","value":"alcohol"},{"path":"habits.stage","op":"in","value":["treatment","recovery"]},{"path":"habits.risk","op":"gte","value":1}],"any":[],"none":[]}	门诊记录把饮酒、睡眠和停用的风险写在了同一页。	门诊记录把饮酒、睡眠和停用的风险写在了同一页。	[{"type":"add","target":"habits.risk","value":-4},{"type":"add","target":"health.mental","value":2},{"type":"tag","target":"history","value":"habits:alcohol:recovery-beat"},{"type":"add","target":"pressures.body","value":-2}]	无	无	健康照护	三代理混排复核完成；已发现项已修正
beat_333		beat	habits	年龄 22—85；人物 []；门槛 {"all":[{"path":"habits.type","op":"eq","value":"alcohol"},{"path":"habits.stage","op":"in","value":["uncontrolled","relapse"]},{"path":"habits.risk","op":"gte","value":1}],"any":[],"none":[]}	身体发抖的时候，你终于不再把停酒当成光靠意志的事。	身体发抖的时候，你终于不再把停酒当成光靠意志的事。	[{"type":"add","target":"habits.risk","value":4},{"type":"tag","target":"history","value":"habits:alcohol:beat:12"},{"type":"add","target":"health.physical","value":-4},{"type":"add","target":"health.mental","value":-4},{"type":"add","target":"pressures.body","value":4}]	无	无	健康照护	三代理混排复核完成；已发现项已修正
beat_334		beat	habits	年龄 22—95；人物 []；门槛 {"all":[{"path":"habits.type","op":"eq","value":"alcohol"},{"path":"habits.stage","op":"in","value":["recovery"]},{"path":"habits.risk","op":"gte","value":1}],"any":[],"none":[]}	聚餐上你提前走了。第二天约了一位熟人喝咖啡。	聚餐上你提前走了。第二天约了一位熟人喝咖啡。	[{"type":"add","target":"habits.risk","value":-8},{"type":"add","target":"health.mental","value":4},{"type":"tag","target":"history","value":"habits:alcohol:recovery-beat"},{"type":"add","target":"pressures.body","value":-4}]	无	无	无	三代理混排复核完成；已发现项已修正
beat_335		beat	habits	年龄 13—65；人物 []；门槛 {"all":[{"path":"habits.type","op":"eq","value":"gaming"},{"path":"habits.stage","op":"in","value":["exposed","repeating"]},{"path":"habits.risk","op":"gte","value":1}],"any":[],"none":[]}	语音房还亮着。该关的时间已经过了。	语音房还亮着。该关的时间已经过了。	[{"type":"add","target":"habits.risk","value":0},{"type":"tag","target":"history","value":"habits:gaming:beat:14"},{"type":"add","target":"health.mental","value":0},{"type":"add","target":"pressures.body","value":1},{"type":"add","target":"pressures.career","value":1},{"type":"add","target":"pressures.loneliness","value":1}]	无	无	无	三代理混排复核完成；已发现项已修正
beat_336		beat	habits	年龄 13—68；人物 []；门槛 {"all":[{"path":"habits.type","op":"eq","value":"gaming"},{"path":"habits.stage","op":"in","value":["repeating"]},{"path":"habits.risk","op":"gte","value":1}],"any":[],"none":[]}	闹钟响过两轮。你还在等下一局匹配。	闹钟响过两轮。你还在等下一局匹配。	[{"type":"add","target":"habits.risk","value":1},{"type":"tag","target":"history","value":"habits:gaming:beat:15"},{"type":"add","target":"health.mental","value":-1},{"type":"add","target":"pressures.body","value":1},{"type":"add","target":"pressures.career","value":1},{"type":"add","target":"pressures.loneliness","value":1}]	无	无	无	三代理混排复核完成；已发现项已修正
beat_337		beat	habits	年龄 16—72；人物 []；门槛 {"all":[{"path":"habits.type","op":"eq","value":"gaming"},{"path":"habits.stage","op":"in","value":["dependent","uncontrolled"]},{"path":"habits.risk","op":"gte","value":1}],"any":[],"none":[]}	该回的消息堆在另一块屏幕上。回得越来越晚。	该回的消息堆在另一块屏幕上。回得越来越晚。	[{"type":"add","target":"habits.risk","value":2},{"type":"tag","target":"history","value":"habits:gaming:beat:16"},{"type":"add","target":"health.mental","value":-2},{"type":"add","target":"pressures.body","value":2},{"type":"add","target":"pressures.career","value":2},{"type":"add","target":"pressures.loneliness","value":2}]	无	无	无	三代理混排复核完成；已发现项已修正
beat_338		beat	habits	年龄 16—75；人物 []；门槛 {"all":[{"path":"habits.type","op":"eq","value":"gaming"},{"path":"habits.stage","op":"in","value":["dependent","uncontrolled"]},{"path":"habits.risk","op":"gte","value":1}],"any":[],"none":[]}	朋友约见面。你只说临时忙，推掉了第三次。	朋友约见面。你只说临时忙，推掉了第三次。	[{"type":"add","target":"habits.risk","value":2},{"type":"tag","target":"history","value":"habits:gaming:beat:17"},{"type":"add","target":"health.mental","value":-2},{"type":"add","target":"pressures.body","value":2},{"type":"add","target":"pressures.career","value":2},{"type":"add","target":"pressures.loneliness","value":2}]	无	无	无	三代理混排复核完成；已发现项已修正
beat_339		beat	habits	年龄 16—82；人物 []；门槛 {"all":[{"path":"habits.type","op":"eq","value":"gaming"},{"path":"habits.stage","op":"in","value":["treatment","recovery"]},{"path":"habits.risk","op":"gte","value":1}],"any":[],"none":[]}	你和家里人把睡眠、日常责任和游戏时间重新排了一遍。	你和家里人把睡眠、日常责任和游戏时间重新排了一遍。	[{"type":"add","target":"habits.risk","value":-4},{"type":"add","target":"health.mental","value":2},{"type":"tag","target":"history","value":"habits:gaming:recovery-beat"},{"type":"add","target":"pressures.career","value":-2},{"type":"add","target":"pressures.loneliness","value":-2}]	无	无	无	三代理混排复核完成；已发现项已修正
beat_340		beat	habits	年龄 18—78；人物 []；门槛 {"all":[{"path":"habits.type","op":"eq","value":"gaming"},{"path":"habits.stage","op":"in","value":["uncontrolled","relapse"]},{"path":"habits.risk","op":"gte","value":1}],"any":[],"none":[]}	一项原定安排被你取消了。从下午一直打到了第二天早上。	一项原定安排被你取消了。从下午一直打到了第二天早上。	[{"type":"add","target":"habits.risk","value":4},{"type":"tag","target":"history","value":"habits:gaming:beat:19"},{"type":"add","target":"health.mental","value":-4},{"type":"add","target":"pressures.body","value":4},{"type":"add","target":"pressures.career","value":4},{"type":"add","target":"pressures.loneliness","value":4}]	无	无	无	三代理混排复核完成；已发现项已修正
beat_341		beat	habits	年龄 18—72；人物 []；门槛 {"all":[{"path":"habits.type","op":"eq","value":"shopping"},{"path":"habits.stage","op":"in","value":["exposed","repeating"]},{"path":"habits.risk","op":"gte","value":1}],"any":[],"none":[]}	退货标签打印出来的时候，门口又到了两个包裹。	退货标签打印出来的时候，门口又到了两个包裹。	[{"type":"add","target":"habits.risk","value":0},{"type":"tag","target":"history","value":"habits:shopping:beat:20"},{"type":"add","target":"finance.cash","value":-500},{"type":"add","target":"pressures.money","value":1},{"type":"add","target":"pressures.family","value":1}]	无	无	无	三代理混排复核完成；已发现项已修正
beat_342		beat	habits	年龄 18—75；人物 []；门槛 {"all":[{"path":"habits.type","op":"eq","value":"shopping"},{"path":"habits.stage","op":"in","value":["repeating","dependent"]},{"path":"habits.risk","op":"gte","value":1}],"any":[],"none":[]}	购物车刚清空。促销又把差不多的东西推回来了。	购物车刚清空。促销又把差不多的东西推回来了。	[{"type":"add","target":"habits.risk","value":2},{"type":"tag","target":"history","value":"habits:shopping:beat:21"},{"type":"add","target":"finance.cash","value":-3000},{"type":"add","target":"pressures.money","value":2},{"type":"add","target":"pressures.family","value":1}]	无	无	无	三代理混排复核完成；已发现项已修正
beat_343		beat	habits	年龄 20—80；人物 []；门槛 {"all":[{"path":"habits.type","op":"eq","value":"shopping"},{"path":"habits.stage","op":"in","value":["dependent","uncontrolled"]},{"path":"habits.risk","op":"gte","value":1}],"any":[],"none":[]}	几笔分期挤在发薪日。水电费被推到后面了。	几笔分期挤在发薪日。水电费被推到后面了。	[{"type":"add","target":"habits.risk","value":2},{"type":"tag","target":"history","value":"habits:shopping:beat:22"},{"type":"add","target":"finance.cash","value":-3000},{"type":"add","target":"pressures.money","value":2},{"type":"add","target":"pressures.family","value":1}]	无	无	无	三代理混排复核完成；已发现项已修正
beat_344		beat	habits	年龄 20—82；人物 []；门槛 {"all":[{"path":"habits.type","op":"eq","value":"shopping"},{"path":"habits.stage","op":"in","value":["dependent","uncontrolled"]},{"path":"habits.risk","op":"gte","value":1}],"any":[],"none":[]}	没拆的包裹被移进柜子。退货提醒却一直没有点开。	没拆的包裹被移进柜子。退货提醒却一直没有点开。	[{"type":"add","target":"habits.risk","value":2},{"type":"tag","target":"history","value":"habits:shopping:beat:23"},{"type":"add","target":"finance.cash","value":-3000},{"type":"add","target":"pressures.money","value":2},{"type":"add","target":"pressures.family","value":1}]	无	无	无	三代理混排复核完成；已发现项已修正
beat_345		beat	habits	年龄 20—85；人物 []；门槛 {"all":[{"path":"habits.type","op":"eq","value":"shopping"},{"path":"habits.stage","op":"in","value":["uncontrolled","relapse"]},{"path":"habits.risk","op":"gte","value":1}],"any":[],"none":[]}	退货期限过了。信用账单上留了全部金额。	退货期限过了。信用账单上留了全部金额。	[{"type":"add","target":"habits.risk","value":4},{"type":"tag","target":"history","value":"habits:shopping:beat:24"},{"type":"add","target":"finance.cash","value":-6000},{"type":"add","target":"pressures.money","value":4},{"type":"add","target":"pressures.family","value":3}]	无	无	无	三代理混排复核完成；已发现项已修正
beat_346		beat	habits	年龄 20—90；人物 []；门槛 {"all":[{"path":"habits.type","op":"eq","value":"shopping"},{"path":"habits.stage","op":"in","value":["treatment","recovery"]},{"path":"habits.risk","op":"gte","value":1}],"any":[],"none":[]}	你关了促销提醒。不是必要的东西——先写进一张清单，不放购物车。	你关了促销提醒。不是必要的东西——先写进一张清单，不放购物车。	[{"type":"add","target":"habits.risk","value":-8},{"type":"add","target":"health.mental","value":4},{"type":"tag","target":"history","value":"habits:shopping:recovery-beat"},{"type":"add","target":"pressures.money","value":-4}]	无	无	无	三代理混排复核完成；已发现项已修正
beat_347		beat	habits	年龄 16—78；人物 []；门槛 {"all":[{"path":"habits.type","op":"eq","value":"medication"},{"path":"habits.stage","op":"in","value":["exposed","repeating"]},{"path":"habits.risk","op":"gte","value":1}],"any":[],"none":[]}	药盒里剩的——比复诊日期快了一格。	药盒里剩的——比复诊日期快了一格。	[{"type":"add","target":"habits.risk","value":0},{"type":"tag","target":"history","value":"habits:medication:beat:26"},{"type":"add","target":"health.physical","value":0},{"type":"add","target":"health.mental","value":0},{"type":"add","target":"pressures.body","value":1}]	无	无	健康照护	三代理混排复核完成；已发现项已修正
beat_348		beat	habits	年龄 18—82；人物 []；门槛 {"all":[{"path":"habits.type","op":"eq","value":"medication"},{"path":"habits.stage","op":"in","value":["repeating","dependent"]},{"path":"habits.risk","op":"gte","value":1}],"any":[],"none":[]}	提前去拿药的时候，医生问了上次取药是哪天。	提前去拿药的时候，医生问了上次取药是哪天。	[{"type":"add","target":"habits.risk","value":2},{"type":"tag","target":"history","value":"habits:medication:beat:27"},{"type":"add","target":"health.physical","value":-2},{"type":"add","target":"health.mental","value":-2},{"type":"add","target":"pressures.body","value":2}]	无	无	健康照护、职业资产	三代理混排复核完成；已发现项已修正
beat_349		beat	habits	年龄 18—85；人物 []；门槛 {"all":[{"path":"habits.type","op":"eq","value":"medication"},{"path":"habits.stage","op":"in","value":["dependent","uncontrolled"]},{"path":"habits.risk","op":"gte","value":1}],"any":[],"none":[]}	为了撑过白天，你没按原来的时间和量吃。	为了撑过白天，你没按原来的时间和量吃。	[{"type":"add","target":"habits.risk","value":2},{"type":"tag","target":"history","value":"habits:medication:beat:28"},{"type":"add","target":"health.physical","value":-2},{"type":"add","target":"health.mental","value":-2},{"type":"add","target":"pressures.body","value":2}]	无	无	无	三代理混排复核完成；已发现项已修正
beat_350		beat	habits	年龄 18—92；人物 []；门槛 {"all":[{"path":"habits.type","op":"eq","value":"medication"},{"path":"habits.stage","op":"in","value":["treatment","recovery"]},{"path":"habits.risk","op":"gte","value":1}],"any":[],"none":[]}	复诊单上写了真实的用量、原来的病和下次调药的日期。	复诊单上写了真实的用量、原来的病和下次调药的日期。	[{"type":"add","target":"habits.risk","value":-4},{"type":"add","target":"health.mental","value":2},{"type":"tag","target":"history","value":"habits:medication:recovery-beat"},{"type":"add","target":"pressures.body","value":-2}]	无	无	健康照护	三代理混排复核完成；已发现项已修正
beat_351		beat	habits	年龄 18—95；人物 []；门槛 {"all":[{"path":"habits.type","op":"eq","value":"medication"},{"path":"habits.stage","op":"in","value":["treatment","recovery"]},{"path":"habits.risk","op":"gte","value":1}],"any":[],"none":[]}	慢慢调的日历没赶进度。只记了身体能受得住的变化。	慢慢调的日历没赶进度。只记了身体能受得住的变化。	[{"type":"add","target":"habits.risk","value":-4},{"type":"add","target":"health.mental","value":2},{"type":"tag","target":"history","value":"habits:medication:recovery-beat"},{"type":"add","target":"pressures.body","value":-2}]	无	无	无	三代理混排复核完成；已发现项已修正
beat_352		beat	habits	年龄 20—90；人物 []；门槛 {"all":[{"path":"habits.type","op":"eq","value":"medication"},{"path":"habits.stage","op":"in","value":["uncontrolled","relapse"]},{"path":"habits.risk","op":"gte","value":1}],"any":[],"none":[]}	自己回到原来用量以后，白天又被困倦打断了。	自己回到原来用量以后，白天又被困倦打断了。	[{"type":"add","target":"habits.risk","value":4},{"type":"tag","target":"history","value":"habits:medication:beat:31"},{"type":"add","target":"health.physical","value":-4},{"type":"add","target":"health.mental","value":-4},{"type":"add","target":"pressures.body","value":4}]	无	无	无	三代理混排复核完成；已发现项已修正
beat_353		beat	later	年龄 55—105；人物 []；门槛 {"all":[{"path":"later.retirement","op":"in","value":["retired","forced"]}],"any":[],"none":[]}	工作日的闹钟关掉以后，你花了几周才不在七点准时醒。	工作日的闹钟关掉以后，你花了几周才不在七点准时醒。	[{"type":"add","target":"desires.peace.fulfillment","value":2},{"type":"add","target":"relationships.network","value":1},{"type":"tag","target":"history","value":"later:beat:0:0"}]	无	无	无	三代理混排复核完成；已发现项已修正
beat_354		beat	later	年龄 60—105；人物 []；门槛 {"all":[],"any":[],"none":[]}	社区活动表贴在电梯里，你拍了一张。	社区活动表贴在电梯里，你拍了一张。	[{"type":"add","target":"desires.peace.fulfillment","value":2},{"type":"add","target":"relationships.network","value":1}]	无	无	无	三代理混排复核完成；已发现项已修正
beat_355		beat	later	年龄 55—105；人物 []；门槛 {"all":[{"path":"later.retirement","op":"in","value":["retired","forced"]}],"any":[],"none":[]}	工作群退掉以后，手机上午安静许多。	工作群退掉以后，手机上午安静许多。	[{"type":"add","target":"desires.peace.fulfillment","value":2},{"type":"add","target":"relationships.network","value":1}]	无	无	无	三代理混排复核完成；已发现项已修正
beat_356		beat	later	年龄 55—105；人物 []；门槛 {"all":[{"path":"employment.firstJobAge","op":"neq","value":null}],"any":[],"none":[]}	做过的那份工作偶尔还会出现在梦里，醒来却不用赶路。	做过的那份工作偶尔还会出现在梦里，醒来却不用赶路。	[{"type":"add","target":"desires.peace.fulfillment","value":2},{"type":"add","target":"relationships.network","value":1},{"type":"tag","target":"history","value":"later:beat:0:3"}]	无	无	无	三代理混排复核完成；已发现项已修正
beat_357		beat	later	年龄 60—105；人物 []；门槛 {"all":[],"any":[],"none":[]}	体检日期写在月历上，旁边是买菜清单。	体检日期写在月历上，旁边是买菜清单。	[{"type":"add","target":"desires.peace.fulfillment","value":2},{"type":"add","target":"relationships.network","value":1}]	无	无	无	三代理混排复核完成；已发现项已修正
beat_358		beat	later	年龄 60—105；人物 []；门槛 {"all":[],"any":[],"none":[]}	你学会用手机挂号，也会误点两次返回。	你学会用手机挂号，也会误点两次返回。	[{"type":"add","target":"desires.peace.fulfillment","value":2},{"type":"add","target":"relationships.network","value":1}]	无	无	无	三代理混排复核完成；已发现项已修正
beat_359		beat	later	年龄 60—105；人物 []；门槛 {"all":[],"any":[],"none":[]}	公园那条路修好了，长椅换了新的。	公园那条路修好了，长椅换了新的。	[{"type":"add","target":"desires.peace.fulfillment","value":2},{"type":"add","target":"relationships.network","value":1},{"type":"tag","target":"history","value":"later:beat:0:6"}]	无	无	无	三代理混排复核完成；已发现项已修正
beat_360		beat	later	年龄 60—105；人物 [{"slot":"child","relationAny":["child","adoptedChild","stepChild"],"alive":true,"optional":false}]；门槛 {"all":[],"any":[],"none":[]}	孩子来电话时，你刚把收音机声音调小。	孩子来电话时，你刚把收音机声音调小。	[{"type":"add","target":"desires.peace.fulfillment","value":2},{"type":"add","target":"relationships.network","value":1}]	无	无	人物	三代理混排复核完成；已发现项已修正
beat_361		beat	later	年龄 55—105；人物 []；门槛 {"all":[{"path":"later.retirement","op":"in","value":["semiRetired"]}],"any":[],"none":[]}	少量工作的合同按月续，工时和从前不同。	少量工作的合同按月续，工时和从前不同。	[{"type":"add","target":"desires.peace.fulfillment","value":1},{"type":"add","target":"relationships.network","value":1}]	无	无	无	三代理混排复核完成；已发现项已修正
beat_362		beat	later	年龄 60—105；人物 []；门槛 {"all":[],"any":[],"none":[]}	反诈讲座门口摆着小礼物，真正要听的内容藏在后半场。	反诈讲座门口摆着小礼物，真正要听的内容藏在后半场。	[{"type":"add","target":"desires.peace.fulfillment","value":1},{"type":"add","target":"relationships.network","value":1},{"type":"tag","target":"history","value":"later:beat:1:1"}]	无	无	无	三代理混排复核完成；已发现项已修正
beat_363		beat	later	年龄 55—105；人物 []；门槛 {"all":[],"any":[],"none":[]}	有人听说你白天有空，顺手把三件事都托了过来。	有人听说你白天有空，顺手把三件事都托了过来。	[{"type":"add","target":"desires.peace.fulfillment","value":1},{"type":"add","target":"relationships.network","value":1}]	无	无	无	三代理混排复核完成；已发现项已修正
beat_364		beat	later	年龄 60—105；人物 []；门槛 {"all":[{"path":"later.retirement","op":"in","value":["retired","semiRetired","forced"]}],"any":[],"none":[]}	短途旅行群出发前，把集合时间和退票规则说了三遍。	短途旅行群出发前，把集合时间和退票规则说了三遍。	[{"type":"add","target":"desires.peace.fulfillment","value":1},{"type":"add","target":"relationships.network","value":1}]	无	无	无	三代理混排复核完成；已发现项已修正
beat_365		beat	later	年龄 60—105；人物 []；门槛 {"all":[],"any":[],"none":[]}	广场舞音响很大，队伍仍分不清左右。	广场舞音响很大，队伍仍分不清左右。	[{"type":"add","target":"desires.peace.fulfillment","value":1},{"type":"add","target":"relationships.network","value":1},{"type":"tag","target":"history","value":"later:beat:1:4"}]	无	无	无	三代理混排复核完成；已发现项已修正
beat_366		beat	later	年龄 55—105；人物 []；门槛 {"all":[{"path":"employment.firstJobAge","op":"neq","value":null}],"any":[],"none":[]}	旧工作留下的号码忽然来电，你看了几秒才想起是谁。	旧工作留下的号码忽然来电，你看了几秒才想起是谁。	[{"type":"add","target":"desires.peace.fulfillment","value":1},{"type":"add","target":"relationships.network","value":1}]	无	无	无	三代理混排复核完成；已发现项已修正
beat_367		beat	later	年龄 60—105；人物 []；门槛 {"all":[{"path":"later.will","op":"neq","value":"none"}],"any":[],"none":[]}	遗嘱公证预约很难抢，弹窗广告倒先出现。	遗嘱公证预约很难抢，弹窗广告倒先出现。	[{"type":"add","target":"desires.peace.fulfillment","value":1},{"type":"add","target":"relationships.network","value":1}]	无	无	无	三代理混排复核完成；已发现项已修正
beat_368		beat	later	年龄 60—105；人物 [{"slot":"child","relationAny":["child","adoptedChild","stepChild"],"alive":true,"optional":false}]；门槛 {"all":[],"any":[],"none":[]}	紧急联系人改成孩子后，对方回了一个收到。	紧急联系人改成孩子后，对方回了一个收到。	[{"type":"add","target":"desires.peace.fulfillment","value":1},{"type":"add","target":"relationships.network","value":1},{"type":"tag","target":"history","value":"later:beat:1:7"}]	无	无	人物	三代理混排复核完成；已发现项已修正
beat_369		beat	later	年龄 60—105；人物 []；门槛 {"all":[{"path":"housing.status","op":"eq","value":"renting"}],"any":[],"none":[]}	房东发来续租消息，你先看了看下一年的预算。	房东发来续租消息，你先看了看下一年的预算。	[{"type":"add","target":"desires.peace.fulfillment","value":1},{"type":"add","target":"relationships.network","value":1}]	无	无	无	三代理混排复核完成；已发现项已修正
beat_370		beat	later	年龄 55—105；人物 []；门槛 {"all":[{"path":"employment.firstJobAge","op":"eq","value":null}],"any":[],"none":[]}	从没被工作日历管住过的人，也要重新回答：这段时间算什么。	从没被工作日历管住过的人，也要重新回答：这段时间算什么。	[{"type":"add","target":"desires.peace.fulfillment","value":1},{"type":"add","target":"relationships.network","value":1}]	无	无	无	三代理混排复核完成；已发现项已修正
beat_371		beat	later	年龄 60—105；人物 []；门槛 {"all":[],"any":[],"none":[]}	常去的小店换了招牌，你走过门口才发现已经停业。	常去的小店换了招牌，你走过门口才发现已经停业。	[{"type":"add","target":"desires.peace.fulfillment","value":1},{"type":"add","target":"relationships.network","value":1},{"type":"tag","target":"history","value":"later:beat:2:2"}]	无	无	无	三代理混排复核完成；已发现项已修正
beat_372		beat	later	年龄 55—105；人物 []；门槛 {"all":[{"path":"later.retirement","op":"in","value":["semiRetired"]}],"any":[],"none":[]}	合作方临时加了工时，你第一次直接说不接。	合作方临时加了工时，你第一次直接说不接。	[{"type":"add","target":"desires.peace.fulfillment","value":1},{"type":"add","target":"relationships.network","value":1}]	无	无	无	三代理混排复核完成；已发现项已修正
beat_373		beat	later	年龄 60—105；人物 [{"slot":"child","relationAny":["child","adoptedChild","stepChild"],"alive":true,"optional":false}]；门槛 {"all":[],"any":[],"none":[]}	孩子提起同住，你先问能不能保留一扇只由自己关的门。	孩子提起同住，你先问能不能保留一扇只由自己关的门。	[{"type":"add","target":"desires.peace.fulfillment","value":1},{"type":"add","target":"relationships.network","value":1}]	无	无	人物	三代理混排复核完成；已发现项已修正
beat_374		beat	later	年龄 60—105；人物 []；门槛 {"all":[],"any":[{"path":"health.careNeed","op":"gte","value":1},{"path":"health.status","op":"in","value":["treating","managed","limited"]},{"path":"later.care","op":"neq","value":"none"}],"none":[]}	陪诊预约要求填联系人，你先把哪些事需要帮忙说清楚。	陪诊预约要求填联系人，你先把哪些事需要帮忙说清楚。	[{"type":"add","target":"desires.peace.fulfillment","value":1},{"type":"add","target":"relationships.network","value":1},{"type":"tag","target":"history","value":"later:beat:2:5"}]	无	无	无	三代理混排复核完成；已发现项已修正
beat_375		beat	later	年龄 60—105；人物 [{"slot":"partner","relation":"partner","alive":true,"personIdPath":"relationships.activePartnerId","optional":false}]；门槛 {"all":[{"path":"relationships.partnerStatus","op":"in","value":["dating","partnered","married"]}],"any":[{"path":"health.careNeed","op":"gte","value":1},{"path":"health.status","op":"in","value":["treating","managed","limited"]},{"path":"later.care","op":"neq","value":"none"}],"none":[]}	伴侣记不清药名，你把药盒重新贴了标签。	伴侣记不清药名，你把药盒重新贴了标签。	[{"type":"add","target":"desires.peace.fulfillment","value":1},{"type":"add","target":"relationships.network","value":1}]	无	无	人物、健康照护	三代理混排复核完成；已发现项已修正
beat_376		beat	later	年龄 60—105；人物 []；门槛 {"all":[{"path":"later.will","op":"neq","value":"none"}],"any":[],"none":[]}	遗嘱里的旧账户注销了，文件又重做一遍。	遗嘱里的旧账户注销了，文件又重做一遍。	[{"type":"add","target":"desires.peace.fulfillment","value":1},{"type":"add","target":"relationships.network","value":1}]	无	无	无	三代理混排复核完成；已发现项已修正
beat_377		beat	later	年龄 60—105；人物 []；门槛 {"all":[],"any":[{"path":"health.careNeed","op":"gte","value":1},{"path":"health.status","op":"in","value":["treating","managed","limited"]},{"path":"later.care","op":"neq","value":"none"}],"none":[]}	淋浴凳送到以后，洗澡这件事又能由你自己慢慢完成。	淋浴凳送到以后，洗澡这件事又能由你自己慢慢完成。	[{"type":"add","target":"desires.peace.fulfillment","value":1},{"type":"add","target":"relationships.network","value":-3},{"type":"tag","target":"history","value":"later:beat:3:0"}]	无	无	无	三代理混排复核完成；已发现项已修正
beat_378		beat	later	年龄 60—105；人物 []；门槛 {"all":[],"any":[{"path":"health.careNeed","op":"gte","value":1},{"path":"health.status","op":"in","value":["treating","managed","limited"]},{"path":"later.care","op":"neq","value":"none"}],"none":[]}	照护账单涨了，你把本月能减的开支重新圈了一遍。	照护账单涨了，你把本月能减的开支重新圈了一遍。	[{"type":"add","target":"finance.cash","value":-3000},{"type":"add","target":"pressures.money","value":3}]	无	无	健康照护	三代理混排复核完成；已发现项已修正
beat_379		beat	later	年龄 60—105；人物 []；门槛 {"all":[],"any":[],"none":[]}	反诈电话来得及时，转账页面停在最后一步。	反诈电话来得及时，转账页面停在最后一步。	[{"type":"add","target":"capabilities.riskSense","value":1}]	无	无	无	三代理混排复核完成；已发现项已修正
beat_380		beat	later	年龄 60—105；人物 []；门槛 {"all":[{"path":"pressures.loneliness","op":"gte","value":30}],"any":[],"none":[]}	手机一整天都很热闹，却没有一句是你真想回的。	手机一整天都很热闹，却没有一句是你真想回的。	[{"type":"add","target":"desires.peace.fulfillment","value":1},{"type":"add","target":"relationships.network","value":-3},{"type":"tag","target":"history","value":"later:beat:3:3"}]	无	无	无	三代理混排复核完成；已发现项已修正
beat_381		beat	later	年龄 60—105；人物 []；门槛 {"all":[],"any":[{"path":"health.careNeed","op":"gte","value":1},{"path":"health.status","op":"in","value":["treating","managed","limited"]},{"path":"later.care","op":"neq","value":"none"}],"none":[]}	一张表要求授权签字，你把还能自己决定的部分逐项圈出来。	一张表要求授权签字，你把还能自己决定的部分逐项圈出来。	[{"type":"add","target":"desires.peace.fulfillment","value":1},{"type":"add","target":"relationships.network","value":-3}]	无	无	无	三代理混排复核完成；已发现项已修正
beat_382		beat	later	年龄 60—105；人物 []；门槛 {"all":[],"any":[{"path":"health.careNeed","op":"gte","value":1},{"path":"health.status","op":"in","value":["treating","managed","limited"]},{"path":"later.care","op":"neq","value":"none"}],"none":[]}	治疗讨论越说越快，你把自己的选择重新念了一遍。	治疗讨论越说越快，你把自己的选择重新念了一遍。	[{"type":"add","target":"desires.peace.fulfillment","value":1},{"type":"add","target":"relationships.network","value":-3}]	无	无	健康照护	三代理混排复核完成；已发现项已修正
beat_383		beat	later	年龄 65—105；人物 []；门槛 {"all":[],"any":[{"path":"health.conditionSeverity","op":"gte","value":35},{"path":"health.careNeed","op":"gte","value":1},{"path":"later.will","op":"in","value":["documented","partial"]},{"path":"legacy.medicalDirective","op":"neq","value":"none"}],"none":[]}	重要文件分散在几个抽屉里，你先写了一张位置清单。	重要文件分散在几个抽屉里，你先写了一张位置清单。	[{"type":"add","target":"desires.peace.fulfillment","value":1},{"type":"add","target":"relationships.network","value":-3},{"type":"tag","target":"history","value":"later:beat:3:6"}]	无	无	无	三代理混排复核完成；已发现项已修正
beat_384		beat	later	年龄 65—105；人物 []；门槛 {"all":[{"path":"health.status","op":"in","value":["treating","managed","limited"]}],"any":[],"none":[]}	治疗目标改成保住还能做的事，日历上的普通安排没有停。	治疗目标改成保住还能做的事，日历上的普通安排没有停。	[{"type":"add","target":"desires.peace.fulfillment","value":1},{"type":"add","target":"relationships.network","value":-3}]	无	无	健康照护	三代理混排复核完成；已发现项已修正
beat_409		beat	later	年龄 60—105；人物 []；门槛 {"all":[],"any":[],"none":[]}	买菜清单写到一半，你先把冰箱里快蔫的菜挪到最前面。	买菜清单写到一半，你先把冰箱里快蔫的菜挪到最前面。	[]	无	无	无	三代理混排复核完成；已发现项已修正
beat_410		beat	later	年龄 60—105；人物 []；门槛 {"all":[],"any":[],"none":[]}	自助机又让你扫一次码，你退回去找到了人工窗口的号码牌。	自助机又让你扫一次码，你退回去找到了人工窗口的号码牌。	[]	无	无	无	三代理混排复核完成；已发现项已修正
beat_411		beat	later	年龄 60—105；人物 []；门槛 {"all":[],"any":[],"none":[]}	常坐的那班车临时改道，你在站牌前多等了一会儿。	常坐的那班车临时改道，你在站牌前多等了一会儿。	[]	无	无	无	三代理混排复核完成；已发现项已修正
beat_412		beat	later	年龄 60—105；人物 []；门槛 {"all":[],"any":[],"none":[]}	水电账单到了，你把几个自动扣款的日期重新排开。	水电账单到了，你把几个自动扣款的日期重新排开。	[]	无	无	无	三代理混排复核完成；已发现项已修正
beat_413		beat	later	年龄 60—105；人物 []；门槛 {"all":[],"any":[],"none":[]}	验证码刚看清就过期了，你关掉页面，喝口水再来一遍。	验证码刚看清就过期了，你关掉页面，喝口水再来一遍。	[]	无	无	无	三代理混排复核完成；已发现项已修正
beat_414		beat	later	年龄 60—105；人物 []；门槛 {"all":[],"any":[],"none":[]}	线上课讲到一半卡住，你在纸上先写下了没听懂的地方。	线上课讲到一半卡住，你在纸上先写下了没听懂的地方。	[]	无	无	无	三代理混排复核完成；已发现项已修正
beat_415		beat	later	年龄 60—105；人物 []；门槛 {"all":[],"any":[],"none":[]}	手机弹出一串权限，你没有急着点同意，先逐项看了一遍。	手机弹出一串权限，你没有急着点同意，先逐项看了一遍。	[]	无	无	无	三代理混排复核完成；已发现项已修正
beat_416		beat	later	年龄 60—105；人物 []；门槛 {"all":[],"any":[],"none":[]}	图书馆的新机器认不出旧借书证，工作人员给了你一张手写号。	图书馆的新机器认不出旧借书证，工作人员给了你一张手写号。	[]	无	无	无	三代理混排复核完成；已发现项已修正
beat_417		beat	later	年龄 60—105；人物 []；门槛 {"all":[],"any":[],"none":[]}	早餐比昨天晚了一个钟头，煎蛋边缘反而刚好脆。	早餐比昨天晚了一个钟头，煎蛋边缘反而刚好脆。	[]	无	无	无	三代理混排复核完成；已发现项已修正
beat_418		beat	later	年龄 60—105；人物 []；门槛 {"all":[],"any":[],"none":[]}	一件颜色很亮的衣服挂在镜子前，你试了又试，还是买下了。	一件颜色很亮的衣服挂在镜子前，你试了又试，还是买下了。	[]	无	无	无	三代理混排复核完成；已发现项已修正
beat_419		beat	later	年龄 60—105；人物 []；门槛 {"all":[],"any":[],"none":[]}	数独本做到最后两格，你故意留到明天再填。	数独本做到最后两格，你故意留到明天再填。	[]	无	无	无	三代理混排复核完成；已发现项已修正
beat_420		beat	later	年龄 60—105；人物 []；门槛 {"all":[],"any":[],"none":[]}	下午忽然下雨，你把原来的安排取消，坐着听完了一整场。	下午忽然下雨，你把原来的安排取消，坐着听完了一整场。	[]	无	无	无	三代理混排复核完成；已发现项已修正
beat_421		beat	later	年龄 60—105；人物 []；门槛 {"all":[],"any":[],"none":[]}	一个人吃完饭，你没开电视，也不觉得屋里少了什么。	一个人吃完饭，你没开电视，也不觉得屋里少了什么。	[]	无	无	无	三代理混排复核完成；已发现项已修正
beat_422		beat	later	年龄 60—105；人物 []；门槛 {"all":[],"any":[],"none":[]}	活动室门开着，你在门口看了一会儿，决定今天只坐半小时。	活动室门开着，你在门口看了一会儿，决定今天只坐半小时。	[]	无	无	无	三代理混排复核完成；已发现项已修正
beat_423		beat	later	年龄 60—105；人物 []；门槛 {"all":[],"any":[],"none":[]}	有人劝你多参加活动，你笑着说今天想自己待着。	有人劝你多参加活动，你笑着说今天想自己待着。	[]	无	无	无	三代理混排复核完成；已发现项已修正
beat_424		beat	later	年龄 60—105；人物 []；门槛 {"all":[{"path":"pressures.loneliness","op":"gte","value":25}],"any":[],"none":[]}	周围说话声很多，你却找不到一句想接的话。	周围说话声很多，你却找不到一句想接的话。	[]	无	无	无	三代理混排复核完成；已发现项已修正
beat_425		beat	housing	年龄 6—15；人物 []；门槛 {"all":[{"path":"housing.arrangement","op":"eq","value":"originFamily"}],"any":[],"none":[]}	小时候，能摊开作业本的地方常常也是家里的饭桌。	小时候，能摊开作业本的地方常常也是家里的饭桌。	[{"type":"tag","target":"history","value":"housing:beat:0:0"}]	无	无	无	三代理混排复核完成；已发现项已修正
beat_426		beat	housing	年龄 8—18；人物 []；门槛 {"all":[{"path":"housing.arrangement","op":"eq","value":"originFamily"}],"any":[],"none":[]}	旧卧室的门关不关得上，家里每个人都有自己的说法。	旧卧室的门关不关得上，家里每个人都有自己的说法。	[]	无	无	无	三代理混排复核完成；已发现项已修正
beat_427		beat	housing	年龄 6—18；人物 []；门槛 {"all":[{"path":"originHousehold.context.housingStability","op":"lte","value":55}],"any":[],"none":[]}	搬家纸箱还没拆完，新的上学路线已经要背熟了。	搬家纸箱还没拆完，新的上学路线已经要背熟了。	[]	无	无	无	三代理混排复核完成；已发现项已修正
beat_428		beat	housing	年龄 6—18；人物 []；门槛 {"all":[{"path":"originHousehold.context.housingStability","op":"gte","value":60}],"any":[],"none":[]}	楼下那家店换过招牌，你还是认得回家的拐角。	楼下那家店换过招牌，你还是认得回家的拐角。	[{"type":"tag","target":"history","value":"housing:beat:0:3"}]	无	无	无	三代理混排复核完成；已发现项已修正
beat_429		beat	housing	年龄 17—30；人物 []；门槛 {"all":[{"path":"housing.arrangement","op":"eq","value":"dormitory"},{"path":"education.enrollmentRegion","op":"eq","value":"domestic"},{"path":"education.status","op":"eq","value":"enrolled"}],"any":[],"none":[]}	宿舍钥匙和校园卡拴在一起，丢一件就得跑两个窗口。	宿舍钥匙和校园卡拴在一起，丢一件就得跑两个窗口。	[]	无	无	无	三代理混排复核完成；已发现项已修正
beat_430		beat	housing	年龄 17—30；人物 []；门槛 {"all":[{"path":"housing.arrangement","op":"eq","value":"dormitory"},{"path":"education.enrollmentRegion","op":"eq","value":"domestic"},{"path":"education.status","op":"eq","value":"enrolled"}],"any":[],"none":[]}	熄灯以后，最亮的是几张床帘后面的手机。	熄灯以后，最亮的是几张床帘后面的手机。	[]	无	无	无	三代理混排复核完成；已发现项已修正
beat_431		beat	housing	年龄 17—30；人物 []；门槛 {"all":[{"path":"housing.arrangement","op":"eq","value":"dormitory"},{"path":"education.enrollmentRegion","op":"eq","value":"domestic"},{"path":"education.status","op":"eq","value":"enrolled"}],"any":[],"none":[]}	公共卫浴门口排起队，早八不会因此晚十分钟。	公共卫浴门口排起队，早八不会因此晚十分钟。	[{"type":"tag","target":"history","value":"housing:beat:0:6"}]	无	无	无	三代理混排复核完成；已发现项已修正
beat_432		beat	housing	年龄 17—30；人物 []；门槛 {"all":[{"path":"housing.arrangement","op":"eq","value":"dormitory"},{"path":"education.enrollmentRegion","op":"eq","value":"domestic"},{"path":"education.status","op":"eq","value":"enrolled"}],"any":[],"none":[]}	潮气从墙角返出来，报修单在群里接了好几次龙。	潮气从墙角返出来，报修单在群里接了好几次龙。	[]	无	无	无	三代理混排复核完成；已发现项已修正
beat_433		beat	housing	年龄 17—30；人物 []；门槛 {"all":[{"path":"education.status","op":"eq","value":"enrolled"},{"path":"housing.arrangement","op":"neq","value":"dormitory"}],"any":[],"none":[]}	最后一班回校的车开走后，你开始记住每条步行近路。	最后一班回校的车开走后，你开始记住每条步行近路。	[]	无	无	无	三代理混排复核完成；已发现项已修正
beat_434		beat	housing	年龄 17—32；人物 []；门槛 {"all":[{"path":"housing.region","op":"eq","value":"us"},{"path":"housing.arrangement","op":"eq","value":"dormitory"},{"path":"education.status","op":"eq","value":"enrolled"}],"any":[],"none":[]}	residence hall 的门卡能进楼，假期能不能留下要看另一封邮件。	residence hall 的门卡能进楼，假期能不能留下要看另一封邮件。	[{"type":"tag","target":"history","value":"housing:beat:1:1"}]	无	无	无	三代理混排复核完成；已发现项已修正
beat_435		beat	housing	年龄 17—32；人物 []；门槛 {"all":[{"path":"housing.region","op":"eq","value":"us"},{"path":"housing.arrangement","op":"in","value":["dormitory","shared"]},{"path":"education.status","op":"eq","value":"enrolled"}],"any":[],"none":[]}	室友协议写了安静时间，真正难谈的是谁又把朋友带回来。	室友协议写了安静时间，真正难谈的是谁又把朋友带回来。	[]	无	无	无	三代理混排复核完成；已发现项已修正
beat_436		beat	housing	年龄 17—32；人物 []；门槛 {"all":[{"path":"housing.region","op":"eq","value":"us"},{"path":"education.status","op":"eq","value":"enrolled"}],"any":[],"none":[]}	校内住宿费和学费出现在同一张账单上，截止日却各算各的。	校内住宿费和学费出现在同一张账单上，截止日却各算各的。	[]	无	无	无	三代理混排复核完成；已发现项已修正
beat_437		beat	housing	年龄 17—32；人物 []；门槛 {"all":[{"path":"housing.region","op":"eq","value":"europe"},{"path":"education.status","op":"eq","value":"enrolled"}],"any":[],"none":[]}	学生住房的候补号码往前动了两位，开学日动得更快。	学生住房的候补号码往前动了两位，开学日动得更快。	[{"type":"tag","target":"history","value":"housing:beat:1:4"}]	无	无	住房债务	三代理混排复核完成；已发现项已修正
beat_438		beat	housing	年龄 17—32；人物 []；门槛 {"all":[{"path":"housing.region","op":"eq","value":"europe"},{"path":"housing.arrangement","op":"eq","value":"shared"},{"path":"education.status","op":"eq","value":"enrolled"}],"any":[],"none":[]}	合租面谈先聊作息，再聊谁能给合同作担保。	合租面谈先聊作息，再聊谁能给合同作担保。	[]	无	无	住房债务	三代理混排复核完成；已发现项已修正
beat_439		beat	housing	年龄 17—32；人物 []；门槛 {"all":[{"path":"housing.region","op":"eq","value":"europe"},{"path":"housing.status","op":"eq","value":"renting"},{"path":"education.status","op":"eq","value":"enrolled"}],"any":[],"none":[]}	钥匙交到手里，押金回执上的当地词你又查了一遍。	钥匙交到手里，押金回执上的当地词你又查了一遍。	[]	无	无	无	三代理混排复核完成；已发现项已修正
beat_440		beat	housing	年龄 18—70；人物 []；门槛 {"all":[{"path":"housing.status","op":"eq","value":"renting"}],"any":[],"none":[]}	合同上的出租人姓名，终于和证件、收款账户对上了。	合同上的出租人姓名，终于和证件、收款账户对上了。	[{"type":"tag","target":"history","value":"housing:beat:1:7"}]	无	无	无	三代理混排复核完成；已发现项已修正
beat_441		beat	housing	年龄 18—70；人物 []；门槛 {"all":[{"path":"housing.status","op":"eq","value":"renting"}],"any":[],"none":[]}	退租清单拍了十几张照片，墙角那处旧印也单独留了一张。	退租清单拍了十几张照片，墙角那处旧印也单独留了一张。	[]	无	无	无	三代理混排复核完成；已发现项已修正
beat_442		beat	housing	年龄 20—68；人物 []；门槛 {"all":[{"path":"housing.status","op":"eq","value":"renting"},{"path":"housing.stability","op":"neq","value":"temporary"}],"any":[],"none":[]}	房东说准备卖房，续租的答复只肯在语音里给。	房东说准备卖房，续租的答复只肯在语音里给。	[]	无	无	无	三代理混排复核完成；已发现项已修正
beat_443		beat	housing	年龄 18—65；人物 []；门槛 {"all":[{"path":"housing.status","op":"eq","value":"renting"}],"any":[],"none":[]}	晚上再走一遍看房路线，白天没听见的车声全回来了。	晚上再走一遍看房路线，白天没听见的车声全回来了。	[{"type":"tag","target":"history","value":"housing:beat:2:2"}]	无	无	无	三代理混排复核完成；已发现项已修正
beat_444		beat	housing	年龄 18—60；人物 []；门槛 {"all":[{"path":"housing.arrangement","op":"eq","value":"shared"}],"any":[],"none":[]}	合租电费只差几十块，群里的消息却从账单翻到冰箱格。	合租电费只差几十块，群里的消息却从账单翻到冰箱格。	[]	无	无	无	三代理混排复核完成；已发现项已修正
beat_445		beat	housing	年龄 18—60；人物 []；门槛 {"all":[{"path":"housing.arrangement","op":"eq","value":"shared"}],"any":[],"none":[]}	清洁表贴在门后，谁忘了倒垃圾一眼就能看见。	清洁表贴在门后，谁忘了倒垃圾一眼就能看见。	[]	无	无	无	三代理混排复核完成；已发现项已修正
beat_446		beat	housing	年龄 20—75；人物 []；门槛 {"all":[{"path":"housing.arrangement","op":"eq","value":"partner"}],"any":[],"none":[]}	备用钥匙交出去以后，谁先到家不再需要临时发消息。	备用钥匙交出去以后，谁先到家不再需要临时发消息。	[{"type":"tag","target":"history","value":"housing:beat:2:5"}]	无	无	无	三代理混排复核完成；已发现项已修正
beat_447		beat	housing	年龄 22—70；人物 []；门槛 {"all":[{"path":"housing.arrangement","op":"eq","value":"partner"},{"path":"housing.status","op":"eq","value":"renting"}],"any":[],"none":[]}	共同租约续不续，不能只拿一句“再看看”拖过去。	共同租约续不续，不能只拿一句“再看看”拖过去。	[]	无	无	无	三代理混排复核完成；已发现项已修正
beat_448		beat	housing	年龄 30—90；人物 []；门槛 {"all":[{"path":"housing.arrangement","op":"neq","value":"multigenerational"},{"path":"relationships.childCount","op":"gte","value":1}],"any":[],"none":[]}	家里谈到以后怎么照应，同住、住近一点和定期上门被分成了三行。	家里谈到以后怎么照应，同住、住近一点和定期上门被分成了三行。	[]	无	无	无	三代理混排复核完成；已发现项已修正
beat_449		beat	housing	年龄 25—85；人物 [{"slot":"child","relationAny":["child","adoptedChild","stepChild"],"alive":true,"ageMin":5,"ageMax":22,"optional":false}]；门槛 {"all":[{"path":"housing.arrangement","op":"eq","value":"multigenerational"},{"path":"relationships.childCount","op":"gte","value":1}],"any":[],"none":[]}	多代同住以后，早饭、洗澡和孩子写作业都在争同一段时间。	多代同住以后，早饭、洗澡和孩子写作业都在争同一段时间。	[{"type":"tag","target":"history","value":"housing:beat:3:0"}]	无	无	人物	三代理混排复核完成；已发现项已修正
beat_450		beat	housing	年龄 22—80；人物 []；门槛 {"all":[{"path":"relationships.partnerStatus","op":"eq","value":"separated"},{"path":"housing.arrangement","op":"eq","value":"partner"}],"any":[],"none":[]}	备用钥匙还在抽屉里，搬离日期和交接单却还没有定。	备用钥匙还在抽屉里，搬离日期和交接单却还没有定。	[]	无	无	无	三代理混排复核完成；已发现项已修正
beat_451		beat	housing	年龄 18—65；人物 []；门槛 {"all":[{"path":"housing.arrangement","op":"eq","value":"dormitory"},{"path":"employment.employerType","op":"eq","value":"public"}],"any":[],"none":[]}	单位宿舍的钥匙和工牌一起领，离职时也要一起交。	单位宿舍的钥匙和工牌一起领，离职时也要一起交。	[]	无	无	无	三代理混排复核完成；已发现项已修正
beat_452		beat	housing	年龄 20—70；人物 []；门槛 {"all":[{"path":"housing.stability","op":"eq","value":"stable"},{"path":"employment.arrangement","op":"in","value":["remote","hybrid"]}],"any":[],"none":[]}	书桌装好以后，视频里终于不再每周换一面墙。	书桌装好以后，视频里终于不再每周换一面墙。	[{"type":"tag","target":"history","value":"housing:beat:3:3"}]	无	无	无	三代理混排复核完成；已发现项已修正
beat_453		beat	housing	年龄 20—75；人物 []；门槛 {"all":[{"path":"housing.stability","op":"in","value":["conditional","temporary"]},{"path":"pressures.money","op":"gte","value":45}],"any":[],"none":[]}	收入降下来，搬家箱先装走了不再付得起的那部分生活。	收入降下来，搬家箱先装走了不再付得起的那部分生活。	[]	无	无	无	三代理混排复核完成；已发现项已修正
beat_454		beat	housing	年龄 55—105；人物 []；门槛 {"all":[{"path":"housing.accessibility","op":"eq","value":"adapted"}],"any":[],"none":[]}	浴室扶手装好后，洗澡不必每次先等另一个人有空。	浴室扶手装好后，洗澡不必每次先等另一个人有空。	[]	无	无	无	三代理混排复核完成；已发现项已修正
beat_455		beat	housing	年龄 60—105；人物 []；门槛 {"all":[{"path":"housing.accessibility","op":"eq","value":"standard"},{"path":"health.careNeed","op":"gte","value":1}],"any":[],"none":[]}	电梯又停了，你把当天要办的事按上下楼次数重新排。	电梯又停了，你把当天要办的事按上下楼次数重新排。	[{"type":"tag","target":"history","value":"housing:beat:3:6"}]	无	无	无	三代理混排复核完成；已发现项已修正
beat_456		beat	housing	年龄 60—105；人物 []；门槛 {"all":[{"path":"housing.arrangement","op":"eq","value":"service"}],"any":[],"none":[]}	住处离服务点近了，预约单上的时间终于不再全耗在路上。	住处离服务点近了，预约单上的时间终于不再全耗在路上。	[]	无	无	无	三代理混排复核完成；已发现项已修正
origin_context_2_strained_safe		beat	origin	年龄 2—2；人物 []；门槛 {"all":[{"path":"originHousehold.context.resourceTier","op":"eq","value":"strained"},{"path":"originHousehold.context.emotionalSafety","op":"gte","value":50}],"any":[],"none":[]}	婴儿的东西分装在旧纸盒里。你哭了，还是有人来。	婴儿的东西分装在旧纸盒里。你哭了，还是有人来。	[{"type":"add","target":"development.learningHabit","value":2},{"type":"add","target":"relationships.originBond","value":2},{"type":"tag","target":"history","value":"origin:2:strained_safe"}]	无	无	无	三代理混排复核完成；已发现项已修正
origin_context_2_strained_unsafe		beat	origin	年龄 2—2；人物 []；门槛 {"all":[{"path":"originHousehold.context.resourceTier","op":"eq","value":"strained"},{"path":"originHousehold.context.emotionalSafety","op":"lt","value":50}],"any":[],"none":[]}	大人吵得盖过了你的哭声。第二天没人解释昨晚怎么了。	大人吵得盖过了你的哭声。第二天没人解释昨晚怎么了。	[{"type":"add","target":"development.traumaLoad","value":8},{"type":"add","target":"health.mental","value":-3},{"type":"tag","target":"history","value":"origin:2:strained_unsafe"}]	无	无	无	三代理混排复核完成；已发现项已修正
origin_context_2_comfortable_present		beat	origin	年龄 2—2；人物 []；门槛 {"all":[{"path":"originHousehold.context.resourceTier","op":"eq","value":"comfortable"},{"path":"originHousehold.context.parentPresence","op":"gte","value":50},{"path":"originHousehold.context.emotionalSafety","op":"gte","value":55}],"any":[],"none":[]}	小床、绘本都备好了。每晚总有一个大人固定来陪你一会儿。	小床、绘本都备好了。每晚总有一个大人固定来陪你一会儿。	[{"type":"add","target":"development.learningHabit","value":4},{"type":"add","target":"relationships.originBond","value":3},{"type":"tag","target":"history","value":"origin:2:comfortable_present"}]	无	无	无	三代理混排复核完成；已发现项已修正
origin_context_2_comfortable_unsafe		beat	origin	年龄 2—2；人物 []；门槛 {"all":[{"path":"originHousehold.context.resourceTier","op":"eq","value":"comfortable"},{"path":"originHousehold.context.parentPresence","op":"gte","value":50},{"path":"originHousehold.context.emotionalSafety","op":"lt","value":55}],"any":[],"none":[]}	东西都是按清单买的。但你一哭，大人就说“又不听话了”。	东西都是按清单买的。但你一哭，大人就说“又不听话了”。	[{"type":"add","target":"development.traumaLoad","value":5},{"type":"add","target":"relationships.originBond","value":-2},{"type":"tag","target":"history","value":"origin:2:comfortable_unsafe"}]	无	无	无	三代理混排复核完成；已发现项已修正
origin_context_2_comfortable_absent		beat	origin	年龄 2—2；人物 []；门槛 {"all":[{"path":"originHousehold.context.resourceTier","op":"eq","value":"comfortable"},{"path":"originHousehold.context.parentPresence","op":"lt","value":50}],"any":[],"none":[]}	衣服和课从不缺。真正陪你睡着的人，常常换来换去。	衣服和课从不缺。真正陪你睡着的人，常常换来换去。	[{"type":"add","target":"development.traumaLoad","value":3},{"type":"add","target":"development.routeKnowledge","value":2},{"type":"tag","target":"history","value":"origin:2:comfortable_absent"}]	无	无	无	三代理混排复核完成；已发现项已修正
origin_context_2_stable		beat	origin	年龄 2—2；人物 []；门槛 {"all":[],"any":[],"none":[]}	家里给你腾了一个抽屉。照顾你的顺序，慢慢固定了下来。	家里给你腾了一个抽屉。照顾你的顺序，慢慢固定了下来。	[{"type":"add","target":"development.learningHabit","value":2},{"type":"add","target":"relationships.originBond","value":1},{"type":"tag","target":"history","value":"origin:2:stable"}]	无	无	无	三代理混排复核完成；已发现项已修正
origin_context_7_strained_safe		beat	origin	年龄 7—7；人物 []；门槛 {"all":[{"path":"originHousehold.context.resourceTier","op":"eq","value":"strained"},{"path":"originHousehold.context.emotionalSafety","op":"gte","value":50}],"any":[],"none":[]}	旧手机得轮着用。但写作业的时候，餐桌角上总给你留块地方。	旧手机得轮着用。但写作业的时候，餐桌角上总给你留块地方。	[{"type":"add","target":"development.learningHabit","value":3},{"type":"add","target":"development.careLoad","value":2},{"type":"tag","target":"history","value":"origin:7:strained_safe"}]	无	无	无	三代理混排复核完成；已发现项已修正
origin_context_7_strained_unsafe		beat	origin	年龄 7—7；人物 []；门槛 {"all":[{"path":"originHousehold.context.resourceTier","op":"eq","value":"strained"},{"path":"originHousehold.context.emotionalSafety","op":"lt","value":50}],"any":[],"none":[]}	缴费单在书包里揉了好几天。你没敢再问课外班的事。	缴费单在书包里揉了好几天。你没敢再问课外班的事。	[{"type":"add","target":"development.traumaLoad","value":7},{"type":"add","target":"development.selfAdvocacy","value":-3},{"type":"tag","target":"history","value":"origin:7:strained_unsafe"}]	无	无	无	三代理混排复核完成；已发现项已修正
origin_context_7_comfortable_present		beat	origin	年龄 7—7；人物 []；门槛 {"all":[{"path":"originHousehold.context.resourceTier","op":"eq","value":"comfortable"},{"path":"originHousehold.context.parentPresence","op":"gte","value":50},{"path":"originHousehold.context.emotionalSafety","op":"gte","value":55}],"any":[],"none":[]}	书桌、阅读和兴趣课——都能选。你说不想上的，有人听。	书桌、阅读和兴趣课——都能选。你说不想上的，有人听。	[{"type":"add","target":"development.learningHabit","value":5},{"type":"add","target":"development.selfAdvocacy","value":4},{"type":"tag","target":"history","value":"origin:7:comfortable_present"}]	无	无	无	三代理混排复核完成；已发现项已修正
origin_context_7_comfortable_unsafe		beat	origin	年龄 7—7；人物 []；门槛 {"all":[{"path":"originHousehold.context.resourceTier","op":"eq","value":"comfortable"},{"path":"originHousehold.context.parentPresence","op":"gte","value":50},{"path":"originHousehold.context.emotionalSafety","op":"lt","value":55}],"any":[],"none":[]}	桌子、台灯、辅导课一样不少。但错一道，追问就从分数一直追到“你到底行不行”。	桌子、台灯、辅导课一样不少。但错一道，追问就从分数一直追到“你到底行不行”。	[{"type":"add","target":"development.learningHabit","value":3},{"type":"add","target":"development.traumaLoad","value":6},{"type":"add","target":"development.selfAdvocacy","value":-3},{"type":"tag","target":"history","value":"origin:7:comfortable_unsafe"}]	无	无	无	三代理混排复核完成；已发现项已修正
origin_context_7_comfortable_absent		beat	origin	年龄 7—7；人物 []；门槛 {"all":[{"path":"originHousehold.context.resourceTier","op":"eq","value":"comfortable"},{"path":"originHousehold.context.parentPresence","op":"lt","value":50}],"any":[],"none":[]}	课排满了。家长会上，你的座位坐的是阿姨。	课排满了。家长会上，你的座位坐的是阿姨。	[{"type":"add","target":"development.routeKnowledge","value":5},{"type":"add","target":"development.traumaLoad","value":4},{"type":"tag","target":"history","value":"origin:7:comfortable_absent"}]	无	无	无	三代理混排复核完成；已发现项已修正
origin_context_7_stable		beat	origin	年龄 7—7；人物 []；门槛 {"all":[],"any":[],"none":[]}	作业、玩和帮忙做家务——第一次有了个大概的顺序。	作业、玩和帮忙做家务——第一次有了个大概的顺序。	[{"type":"add","target":"development.learningHabit","value":3},{"type":"add","target":"development.attendance","value":2},{"type":"tag","target":"history","value":"origin:7:stable"}]	无	无	无	三代理混排复核完成；已发现项已修正
origin_context_11_strained_safe		beat	origin	年龄 11—11；人物 []；门槛 {"all":[{"path":"originHousehold.context.resourceTier","op":"eq","value":"strained"},{"path":"originHousehold.context.emotionalSafety","op":"gte","value":50}],"any":[],"none":[]}	搬家箱子还没拆完。大人先陪你走了一遍新学校的路。	搬家箱子还没拆完。大人先陪你走了一遍新学校的路。	[{"type":"add","target":"development.attendance","value":2},{"type":"add","target":"development.careLoad","value":3},{"type":"tag","target":"history","value":"origin:11:strained_safe"}]	无	无	无	三代理混排复核完成；已发现项已修正
origin_context_11_strained_unsafe		beat	origin	年龄 11—11；人物 []；门槛 {"all":[{"path":"originHousehold.context.resourceTier","op":"eq","value":"strained"},{"path":"originHousehold.context.emotionalSafety","op":"lt","value":50}],"any":[],"none":[]}	你先给家里的人弄完再写作业。落下的课，自己找同学补。	你先给家里的人弄完再写作业。落下的课，自己找同学补。	[{"type":"add","target":"development.careLoad","value":9},{"type":"add","target":"development.attendance","value":-5},{"type":"add","target":"development.traumaLoad","value":5},{"type":"tag","target":"history","value":"origin:11:strained_unsafe"}]	无	无	无	三代理混排复核完成；已发现项已修正
origin_context_11_comfortable_present		beat	origin	年龄 11—11；人物 []；门槛 {"all":[{"path":"originHousehold.context.resourceTier","op":"eq","value":"comfortable"},{"path":"originHousehold.context.parentPresence","op":"gte","value":50},{"path":"originHousehold.context.emotionalSafety","op":"gte","value":55}],"any":[],"none":[]}	一次旅行，几本从没看过的招生册子——你第一次知道学校不是只有那一种。	一次旅行，几本从没看过的招生册子——你第一次知道学校不是只有那一种。	[{"type":"expose","target":"development.routeExposure","value":"overseas"},{"type":"add","target":"development.routeKnowledge","value":8},{"type":"add","target":"development.languagePreparation","value":6},{"type":"tag","target":"history","value":"origin:11:comfortable_present"}]	无	无	无	三代理混排复核完成；已发现项已修正
origin_context_11_comfortable_unsafe		beat	origin	年龄 11—11；人物 []；门槛 {"all":[{"path":"originHousehold.context.resourceTier","op":"eq","value":"comfortable"},{"path":"originHousehold.context.parentPresence","op":"gte","value":50},{"path":"originHousehold.context.emotionalSafety","op":"lt","value":55}],"any":[],"none":[]}	升学材料和语言课很早就备好了。但选哪条路，先得对上父母手里的排名。	升学材料和语言课很早就备好了。但选哪条路，先得对上父母手里的排名。	[{"type":"expose","target":"development.routeExposure","value":"overseas"},{"type":"add","target":"development.routeKnowledge","value":7},{"type":"add","target":"development.languagePreparation","value":5},{"type":"add","target":"development.traumaLoad","value":5},{"type":"tag","target":"history","value":"origin:11:comfortable_unsafe"}]	无	无	人物	三代理混排复核完成；已发现项已修正
origin_context_11_comfortable_absent		beat	origin	年龄 11—11；人物 []；门槛 {"all":[{"path":"originHousehold.context.resourceTier","op":"eq","value":"comfortable"},{"path":"originHousehold.context.parentPresence","op":"lt","value":50}],"any":[],"none":[]}	夏校的钱很快交了。到底想不想去——没人坐下来问。	夏校的钱很快交了。到底想不想去——没人坐下来问。	[{"type":"expose","target":"development.routeExposure","value":"overseas"},{"type":"add","target":"development.languagePreparation","value":8},{"type":"add","target":"development.traumaLoad","value":4},{"type":"tag","target":"history","value":"origin:11:comfortable_absent"}]	无	无	无	三代理混排复核完成；已发现项已修正
origin_context_11_stable		beat	origin	年龄 11—11；人物 []；门槛 {"all":[],"any":[],"none":[]}	老师借的资料带回了家。饭桌上第一次认真说了中学的事。	老师借的资料带回了家。饭桌上第一次认真说了中学的事。	[{"type":"expose","target":"development.routeExposure","value":"alternativeSchool"},{"type":"add","target":"development.routeKnowledge","value":4},{"type":"tag","target":"history","value":"origin:11:stable"}]	无	无	无	三代理混排复核完成；已发现项已修正
origin_context_14_strained_safe		beat	origin	年龄 14—14；人物 []；门槛 {"all":[{"path":"originHousehold.context.resourceTier","op":"eq","value":"strained"},{"path":"originHousehold.context.emotionalSafety","op":"gte","value":50}],"any":[],"none":[]}	家里算了交通和学费。也一起查了普高、职校和能申请的资助。	家里算了交通和学费。也一起查了普高、职校和能申请的资助。	[{"type":"expose","target":"development.routeExposure","value":"vocational"},{"type":"expose","target":"development.routeExposure","value":"studentAid"},{"type":"add","target":"development.routeKnowledge","value":7},{"type":"add","target":"development.selfAdvocacy","value":3},{"type":"tag","target":"history","value":"origin:14:strained_safe"}]	无	无	无	三代理混排复核完成；已发现项已修正
origin_context_14_strained_unsafe		beat	origin	年龄 14—14；人物 []；门槛 {"all":[{"path":"originHousehold.context.resourceTier","op":"eq","value":"strained"},{"path":"originHousehold.context.emotionalSafety","op":"lt","value":50}],"any":[],"none":[]}	成绩单放下来。大人先说：家里没有钱让你慢慢试。	成绩单放下来。大人先说：家里没有钱让你慢慢试。	[{"type":"add","target":"development.traumaLoad","value":7},{"type":"add","target":"development.selfAdvocacy","value":-3},{"type":"add","target":"pressures.family","value":5},{"type":"tag","target":"history","value":"origin:14:strained_unsafe"}]	无	无	无	三代理混排复核完成；已发现项已修正
origin_context_14_comfortable_present		beat	origin	年龄 14—14；人物 []；门槛 {"all":[{"path":"originHousehold.context.resourceTier","op":"eq","value":"comfortable"},{"path":"originHousehold.context.parentPresence","op":"gte","value":50},{"path":"originHousehold.context.emotionalSafety","op":"gte","value":55}],"any":[],"none":[]}	国内、海外、专业体验——都列出来了。最后删掉哪几个，是你说了算。	国内、海外、专业体验——都列出来了。最后删掉哪几个，是你说了算。	[{"type":"expose","target":"development.routeExposure","value":"overseas"},{"type":"expose","target":"development.routeExposure","value":"scholarship"},{"type":"add","target":"development.routeKnowledge","value":10},{"type":"add","target":"development.languagePreparation","value":8},{"type":"tag","target":"history","value":"origin:14:comfortable_present"}]	无	无	无	三代理混排复核完成；已发现项已修正
origin_context_14_comfortable_unsafe		beat	origin	年龄 14—14；人物 []；门槛 {"all":[{"path":"originHousehold.context.resourceTier","op":"eq","value":"comfortable"},{"path":"originHousehold.context.parentPresence","op":"gte","value":50},{"path":"originHousehold.context.emotionalSafety","op":"lt","value":55}],"any":[],"none":[]}	国内和海外排成了一张表。能划掉哪一项——父母的体面先说了算。	国内和海外排成了一张表。能划掉哪一项——父母的体面先说了算。	[{"type":"expose","target":"development.routeExposure","value":"overseas"},{"type":"add","target":"development.routeKnowledge","value":9},{"type":"add","target":"development.languagePreparation","value":7},{"type":"add","target":"development.traumaLoad","value":6},{"type":"add","target":"development.selfAdvocacy","value":-3},{"type":"tag","target":"history","value":"origin:14:comfortable_unsafe"}]	无	无	人物	三代理混排复核完成；已发现项已修正
origin_context_14_comfortable_absent		beat	origin	年龄 14—14；人物 []；门槛 {"all":[{"path":"originHousehold.context.resourceTier","op":"eq","value":"comfortable"},{"path":"originHousehold.context.parentPresence","op":"lt","value":50}],"any":[],"none":[]}	顾问把路讲得很满。付钱和排名出来的时候，父母才上线。	顾问把路讲得很满。付钱和排名出来的时候，父母才上线。	[{"type":"expose","target":"development.routeExposure","value":"overseas"},{"type":"add","target":"development.routeKnowledge","value":8},{"type":"add","target":"development.traumaLoad","value":5},{"type":"tag","target":"history","value":"origin:14:comfortable_absent"}]	无	无	人物	三代理混排复核完成；已发现项已修正
origin_context_14_stable		beat	origin	年龄 14—14；人物 []；门槛 {"all":[],"any":[],"none":[]}	志愿草表摊在桌上。你们先圈出了真正读得起的几条。	志愿草表摊在桌上。你们先圈出了真正读得起的几条。	[{"type":"expose","target":"development.routeExposure","value":"vocational"},{"type":"add","target":"development.routeKnowledge","value":6},{"type":"add","target":"development.selfAdvocacy","value":2},{"type":"tag","target":"history","value":"origin:14:stable"}]	无	无	无	三代理混排复核完成；已发现项已修正
decision_001	decision_001_choice_1	decision	education	年龄 8—15；人物 []；门槛 {"all":[{"path":"development.severeSchoolHarm","op":"eq","value":true},{"path":"development.schoolHarmResolved","op":"eq","value":false}],"any":[],"none":[]}	你想先怎么处理这件事？	把时间、截图都留下。找一个能听完的人 → 你把发生了什么时候、在哪、有什么证据整理好。先交给你信得过的人。	[{"type":"tag","target":"history","value":"education:documented"},{"type":"add","target":"agency","value":4},{"type":"set","target":"development.schoolHarmResponse","value":"documented"},{"type":"add","target":"development.selfAdvocacy","value":8},{"type":"add","target":"development.traumaLoad","value":-2},{"type":"add","target":"development.attendance","value":1},{"type":"add","target":"health.mental","value":1}]	echo_001@1—3年：那次校园伤害第一次不再只是你一个人记得。；后来再提的时候，这件事没有被说成"同学闹着玩"。；效果 [{"type":"add","target":"agency","value":1},{"type":"tag","target":"history","value":"echo:education"}]	evidence/resultVariant；准备“把时间、截图都留下。找一个能听完的人”时，动手以前，你决定把日期、凭据和能复核的细节放在手边，再看要不要“把时间、截图都留下。找一个能听完的人”。；结果落定时，该留下的凭据没有缺席。 你这次走的是“把时间、截图都留下。找一个能听完的人”。	无	三代理混排复核完成；已发现项已修正
decision_001	decision_001_choice_2	decision	education	年龄 8—15；人物 []；门槛 {"all":[{"path":"development.severeSchoolHarm","op":"eq","value":true},{"path":"development.schoolHarmResolved","op":"eq","value":false}],"any":[],"none":[]}	你想先怎么处理这件事？	不管谁对谁错，先让我换个地方 → 你说现在最需要的是不要再面对面。转座、转班或者先请假——把调整的要求留了记录。	[{"type":"tag","target":"history","value":"education:environment_change"},{"type":"add","target":"agency","value":3},{"type":"set","target":"development.schoolHarmResponse","value":"environmentChange"},{"type":"add","target":"development.selfAdvocacy","value":5},{"type":"add","target":"development.traumaLoad","value":0},{"type":"add","target":"development.attendance","value":2},{"type":"add","target":"health.mental","value":0}]	echo_001@2—4年：那次校园伤害第一次不再只是你一个人记得。；新座位或临时请假——先把每天重复的那段截断了。；效果 [{"type":"add","target":"capabilities.resilience","value":1},{"type":"tag","target":"history","value":"echo:education"}]	无	无	三代理混排复核完成；已发现项已修正
decision_001	decision_001_choice_3	decision	education	年龄 8—15；人物 []；门槛 {"all":[{"path":"development.severeSchoolHarm","op":"eq","value":true},{"path":"development.schoolHarmResolved","op":"eq","value":false}],"any":[],"none":[]}	你想先怎么处理这件事？	先不说。绕着走 → 你把路线和下课时间全改了。每天还是要算谁会出现在哪。	[{"type":"tag","target":"history","value":"education:concealed"},{"type":"add","target":"agency","value":2},{"type":"set","target":"development.schoolHarmResponse","value":"concealed"},{"type":"add","target":"development.selfAdvocacy","value":-3},{"type":"add","target":"development.traumaLoad","value":8},{"type":"add","target":"development.attendance","value":-4},{"type":"add","target":"health.mental","value":-4}]	echo_001@3—5年：那次校园伤害第一次不再只是你一个人记得。；沉默没换来好结果。缺课和提心吊胆——成了后面要收拾的事。；效果 [{"type":"add","target":"pressures.career","value":4},{"type":"tag","target":"history","value":"echo:education"}]	无	无	三代理混排复核完成；已发现项已修正
decision_002	decision_002_choice_1	decision	education	年龄 9—18；人物 []；门槛 {"all":[],"any":[],"none":[]}	这件事，最后怎么收？	有人管了。我回去上课 → 家里、老师或外面的大人一直在跟。你能把注意力放回教室了。	[{"type":"tag","target":"history","value":"education:recovered"},{"type":"add","target":"agency","value":4},{"type":"set","target":"development.schoolHarmResolved","value":true},{"type":"set","target":"development.schoolHarmResponse","value":"supported"},{"type":"add","target":"development.traumaLoad","value":-12},{"type":"add","target":"development.attendance","value":8},{"type":"add","target":"development.teacherSupport","value":6},{"type":"add","target":"development.peerSupport","value":4},{"type":"add","target":"health.mental","value":5}]	echo_002@1—3年：那段校园伤害有了明确结尾。后面的影响留在了成长里。；以后再碰到这种事，你记得——求助可以有第二个入口。；效果 [{"type":"add","target":"agency","value":1},{"type":"tag","target":"history","value":"echo:education"}]	network/resultVariant；准备“有人管了。我回去上课”时，这次多做了一层准备：问一个确实了解情况的人。；回头看这一步，可靠的消息补上了原来够不着的一角。 你这次走的是“有人管了。我回去上课”。	无	三代理混排复核完成；已发现项已修正
decision_002	decision_002_choice_2	decision	education	年龄 9—18；人物 []；门槛 {"all":[],"any":[],"none":[]}	这件事，最后怎么收？	换学校了。先让课能上 → 原来的地方没及时停住。你办了交接，把能正常上课放在证明谁对谁错前面。	[{"type":"tag","target":"history","value":"education:transferred"},{"type":"add","target":"agency","value":3},{"type":"set","target":"development.schoolHarmResolved","value":true},{"type":"set","target":"development.schoolHarmResponse","value":"transferred"},{"type":"add","target":"development.traumaLoad","value":-8},{"type":"add","target":"development.attendance","value":5},{"type":"add","target":"development.teacherSupport","value":1},{"type":"add","target":"development.peerSupport","value":2},{"type":"add","target":"health.mental","value":3}]	echo_002@2—4年：那段校园伤害有了明确结尾。后面的影响留在了成长里。；新校服穿旧了。缺席没有继续长。；效果 [{"type":"add","target":"capabilities.resilience","value":1},{"type":"tag","target":"history","value":"echo:education"}]	无	无	三代理混排复核完成；已发现项已修正
decision_002	decision_002_choice_3	decision	education	年龄 9—18；人物 []；门槛 {"all":[],"any":[],"none":[]}	这件事，最后怎么收？	没人管够。我边读边好 → 记录在。学校和家里没给够保护。你只能自己边读边恢复。	[{"type":"tag","target":"history","value":"education:ongoing"},{"type":"add","target":"agency","value":2},{"type":"set","target":"development.schoolHarmResolved","value":false},{"type":"set","target":"development.schoolHarmResponse","value":"ongoing"},{"type":"add","target":"development.traumaLoad","value":6},{"type":"add","target":"development.attendance","value":-5},{"type":"add","target":"development.teacherSupport","value":-5},{"type":"add","target":"development.peerSupport","value":-4},{"type":"add","target":"health.mental","value":-4}]	echo_002@3—5年：那段校园伤害有了明确结尾。后面的影响留在了成长里。；成绩单上有波动。但这件事没被写成是你的问题。；效果 [{"type":"add","target":"pressures.career","value":4},{"type":"tag","target":"history","value":"echo:education"}]	无	无	三代理混排复核完成；已发现项已修正
decision_002	decision_002_choice_4	decision	education	年龄 9—18；人物 []；门槛 {"all":[],"any":[],"none":[]}	这件事，最后怎么收？	先不去了。学籍留着 → 持续的接触已经受不了。你先离开那个地方，学籍和材料留着。	[{"type":"tag","target":"history","value":"education:education_pause"},{"type":"add","target":"agency","value":1},{"type":"set","target":"development.schoolHarmResolved","value":false},{"type":"set","target":"development.schoolHarmResponse","value":"paused"},{"type":"add","target":"development.traumaLoad","value":3},{"type":"add","target":"development.attendance","value":-8},{"type":"add","target":"development.teacherSupport","value":0},{"type":"add","target":"development.peerSupport","value":-2},{"type":"add","target":"health.mental","value":-2},{"type":"set","target":"education.status","value":"interrupted"},{"type":"set","target":"activity.mode","value":"flexible"}]	echo_002@4—6年：那段校园伤害有了明确结尾。后面的影响留在了成长里。；停下来不是奖励也不是完了。下次入学的时候，这段会读。；效果 [{"type":"add","target":"pressures.career","value":4},{"type":"tag","target":"history","value":"echo:education"}]	无	无	三代理混排复核完成；已发现项已修正
decision_003	decision_003_choice_1	decision	education	年龄 14—16；人物 []；门槛 {"all":[{"path":"education.level","op":"eq","value":2},{"path":"education.status","op":"eq","value":"completed"}],"any":[],"none":[]}	初中读完了。志愿表怎么填？	读普高。继续往本科走 → 你核了通勤和费用，填了普高志愿。准备度也够到了这次的门槛。	[{"type":"tag","target":"history","value":"education:academic"},{"type":"add","target":"agency","value":4},{"type":"transition","target":"education","value":"highSchool","status":"enrolled"},{"type":"add","target":"capabilities.skill","value":2},{"type":"add","target":"pressures.family","value":-1},{"type":"set","target":"education.nextStage","value":"secondary"}]	echo_003@1—3年：那张分流志愿表在这一年有了去处。；三年后再选的时候，这段学习给你留了成绩和报名的资格。；效果 [{"type":"add","target":"agency","value":1},{"type":"tag","target":"history","value":"echo:education"}]	learning/resultVariant；准备“读普高。继续往本科走”时，眼前仍要你自己选；牌能帮的，是把陌生的部分拆成眼前能学的一步。；这次仍要由你承担后果；新学会的那一步当场用上了。 你这次走的是“读普高。继续往本科走”。	无	三代理混排复核完成；已发现项已修正
decision_003	decision_003_choice_2	decision	education	年龄 14—16；人物 []；门槛 {"all":[{"path":"education.level","op":"eq","value":2},{"path":"education.status","op":"eq","value":"completed"}],"any":[],"none":[]}	初中读完了。志愿表怎么填？	去职校。找有实训和升学的 → 你查了课程、实训单位和继续往上读的路。没光听"包就业"。	[{"type":"tag","target":"history","value":"education:vocational"},{"type":"add","target":"agency","value":3},{"type":"transition","target":"education","value":"vocational","status":"enrolled"},{"type":"add","target":"capabilities.skill","value":3},{"type":"add","target":"pressures.family","value":-1},{"type":"set","target":"education.nextStage","value":"secondary"}]	echo_003@2—4年：那张分流志愿表在这一年有了去处。；第一次实训做完的时候，这条路还能继续读，也能工作。；效果 [{"type":"add","target":"capabilities.resilience","value":1},{"type":"tag","target":"history","value":"echo:education"}]	无	无	三代理混排复核完成；已发现项已修正
decision_003	decision_003_choice_3	decision	education	年龄 14—16；人物 []；门槛 {"all":[{"path":"education.level","op":"eq","value":2},{"path":"education.status","op":"eq","value":"completed"}],"any":[],"none":[]}	初中读完了。志愿表怎么填？	先做就业的准备。留着以后读的路 → 你把劳动条件和继续上学的入口记进安排。没买来路不明的培训。	[{"type":"tag","target":"history","value":"education:employment"},{"type":"add","target":"agency","value":2},{"type":"transition","target":"education","value":"middleSchool","status":"completed"},{"type":"add","target":"capabilities.skill","value":1},{"type":"add","target":"pressures.family","value":1},{"type":"set","target":"education.nextStage","value":"firstJob"},{"type":"set","target":"education.highestCompleted","value":"middleSchool"},{"type":"set","target":"employment.entryCredential","value":"middleSchool"},{"type":"set","target":"activity.mode","value":"seeking"}]	echo_003@3—5年：那张分流志愿表在这一年有了去处。；开始工作以后，学历门槛出现了——你知道去哪查正式的入口。；效果 [{"type":"add","target":"pressures.career","value":4},{"type":"tag","target":"history","value":"echo:education"}]	无	无	三代理混排复核完成；已发现项已修正
decision_003	decision_003_choice_4	decision	education	年龄 14—16；人物 []；门槛 {"all":[{"path":"education.level","op":"eq","value":2},{"path":"education.status","op":"eq","value":"completed"}],"any":[],"none":[]}	初中读完了。志愿表怎么填？	改走之前了解过的能上的学校 → 你用家人、老师或社区给的信息，在截止前改填了一所能核验的学校。	[{"type":"tag","target":"history","value":"education:alternative_school"},{"type":"add","target":"agency","value":1},{"type":"transition","target":"education","value":"highSchool","status":"enrolled"},{"type":"add","target":"capabilities.skill","value":1},{"type":"add","target":"pressures.family","value":2},{"type":"set","target":"education.nextStage","value":"secondary"},{"type":"expose","target":"development.routeExposure","value":"alternativeSchool"}]	echo_003@4—6年：那张分流志愿表在这一年有了去处。；不是统一模板里的路线，但升学没悬着。；效果 [{"type":"add","target":"pressures.career","value":4},{"type":"tag","target":"history","value":"echo:education"}]	无	无	三代理混排复核完成；已发现项已修正
decision_004	decision_004_choice_1	decision	education	年龄 17—19；人物 []；门槛 {"all":[{"path":"education.fullTimeUndergraduateClosed","op":"eq","value":false},{"path":"education.level","op":"gte","value":3},{"path":"education.status","op":"eq","value":"completed"},{"path":"education.nextStage","op":"eq","value":"undergraduateApplication"},{"path":"age","op":"lt","value":30}],"any":[],"none":[]}	接下来一年，你准备押在哪组申请上？	主攻国内本科 → 你把模考、选科和志愿信息放进同一张进度表。	[{"type":"tag","target":"history","value":"education:domestic_plan"},{"type":"add","target":"agency","value":4},{"type":"set","target":"education.applicationIntent","value":"domestic"},{"type":"set","target":"education.applicationStatus","value":"planning"},{"type":"add","target":"development.routeKnowledge","value":5},{"type":"add","target":"development.languagePreparation","value":0}]	echo_004@1—3年：本科申请第一次有了能追踪的方向。；正式填的时候，这条线会用真实的准备度来判。；效果 [{"type":"add","target":"agency","value":1},{"type":"tag","target":"history","value":"echo:education"}]	evidence/resultVariant；准备“主攻国内本科”时，你没有急着选，先把日期、凭据和能复核的细节放在手边。；多出来的差别很具体：该留下的凭据没有缺席。 你这次走的是“主攻国内本科”。	无	三代理混排复核完成；已发现项已修正
decision_004	decision_004_choice_2	decision	education	年龄 17—19；人物 []；门槛 {"all":[{"path":"education.fullTimeUndergraduateClosed","op":"eq","value":false},{"path":"education.level","op":"gte","value":3},{"path":"education.status","op":"eq","value":"completed"},{"path":"education.nextStage","op":"eq","value":"undergraduateApplication"},{"path":"age","op":"lt","value":30}],"any":[],"none":[]}	接下来一年，你准备押在哪组申请上？	国内和海外都准备 → 你留着国内考试，同时开始语言、材料和预算。	[{"type":"tag","target":"history","value":"education:dual_plan"},{"type":"add","target":"agency","value":3},{"type":"set","target":"education.applicationIntent","value":"dual"},{"type":"set","target":"education.applicationStatus","value":"planning"},{"type":"add","target":"development.routeKnowledge","value":8},{"type":"add","target":"development.languagePreparation","value":8}]	echo_004@2—4年：本科申请第一次有了能追踪的方向。；两套截止日挤在一起。但两边都还没被写成保证。；效果 [{"type":"add","target":"capabilities.resilience","value":1},{"type":"tag","target":"history","value":"echo:education"}]	network/unlock；准备“国内和海外都准备”时，有人把可靠的申请信息递到了你手里。；那条原本够不着的信息线，终于接上了。 你这次走的是“国内和海外都准备”。	无	三代理混排复核完成；已发现项已修正
decision_004	decision_004_choice_3	decision	education	年龄 17—19；人物 []；门槛 {"all":[{"path":"education.fullTimeUndergraduateClosed","op":"eq","value":false},{"path":"education.level","op":"gte","value":3},{"path":"education.status","op":"eq","value":"completed"},{"path":"education.nextStage","op":"eq","value":"undergraduateApplication"},{"path":"age","op":"lt","value":30}],"any":[],"none":[]}	接下来一年，你准备押在哪组申请上？	主攻海外本科 → 你按直接申请或条件录取的要求整理材料。也留着失败以后怎么办。	[{"type":"tag","target":"history","value":"education:overseas_plan"},{"type":"add","target":"agency","value":2},{"type":"set","target":"education.applicationIntent","value":"overseas"},{"type":"set","target":"education.applicationStatus","value":"planning"},{"type":"add","target":"development.routeKnowledge","value":8},{"type":"add","target":"development.languagePreparation","value":12}]	echo_004@3—5年：本科申请第一次有了能追踪的方向。；申请表发出去之前——录取、钱和真去报到，还是三件事。；效果 [{"type":"add","target":"pressures.career","value":4},{"type":"tag","target":"history","value":"echo:education"}]	无	无	三代理混排复核完成；已发现项已修正
decision_004	decision_004_choice_4	decision	education	年龄 17—19；人物 []；门槛 {"all":[{"path":"education.fullTimeUndergraduateClosed","op":"eq","value":false},{"path":"education.level","op":"gte","value":3},{"path":"education.status","op":"eq","value":"completed"},{"path":"education.nextStage","op":"eq","value":"undergraduateApplication"},{"path":"age","op":"lt","value":30}],"any":[],"none":[]}	接下来一年，你准备押在哪组申请上？	不申了。去做别的 → 你没为了跟同龄人一样去借钱抢一个读不了的位置。	[{"type":"tag","target":"history","value":"education:work_exit"},{"type":"add","target":"agency","value":1},{"type":"set","target":"education.applicationIntent","value":"none"},{"type":"set","target":"education.applicationStatus","value":"withdrawn"},{"type":"add","target":"development.routeKnowledge","value":1},{"type":"add","target":"development.languagePreparation","value":0},{"type":"set","target":"education.nextStage","value":"workOrVocational"},{"type":"set","target":"activity.mode","value":"seeking"}]	echo_004@4—6年：本科申请第一次有了能追踪的方向。；这轮申请在准备期退出。以后想读的时候，路还留着。；效果 [{"type":"add","target":"pressures.career","value":4},{"type":"tag","target":"history","value":"echo:education"}]	无	无	三代理混排复核完成；已发现项已修正
decision_005	decision_005_choice_1	decision	education	年龄 18—20；人物 []；门槛 {"all":[{"path":"education.fullTimeUndergraduateClosed","op":"eq","value":false}],"any":[],"none":[]}	这一轮，你真交哪组申请？	参加国内考试，交志愿 → 你用真实的成绩和本地的门槛筛了志愿。没把"冲一冲"当成已经录了。	[{"type":"tag","target":"history","value":"education:domestic_submitted"},{"type":"add","target":"agency","value":4},{"type":"resolveApplication","target":"education","value":"domestic"},{"type":"add","target":"pressures.family","value":2},{"type":"add","target":"finance.cash","value":-1200}]	echo_005@1—3年：考试和材料在这一年变成了真实的结果。；正式结果回来。留的是能核的录取或落选。；效果 [{"type":"add","target":"agency","value":1},{"type":"tag","target":"history","value":"echo:education"}]	evidence/resultVariant；准备“参加国内考试，交志愿”时，“参加国内考试，交志愿”要真的走得通，得先把日期、凭据和能复核的细节放在手边。；“参加国内考试，交志愿”照样有代价，不过该留下的凭据没有缺席。 你这次走的是“参加国内考试，交志愿”。	无	三代理混排复核完成；已发现项已修正
decision_005	decision_005_choice_2	decision	education	年龄 18—20；人物 []；门槛 {"all":[{"path":"education.fullTimeUndergraduateClosed","op":"eq","value":false}],"any":[],"none":[]}	这一轮，你真交哪组申请？	交海外的直接或条件申请 → 语言成绩、课程记录和推荐信按截止日寄了。没把确认邮件说成录了。	[{"type":"tag","target":"history","value":"education:overseas_submitted"},{"type":"add","target":"agency","value":3},{"type":"resolveApplication","target":"education","value":"overseas"},{"type":"add","target":"pressures.family","value":4},{"type":"add","target":"finance.cash","value":-4500}]	echo_005@2—4年：考试和材料在这一年变成了真实的结果。；正式回复会分：直接录了、有条件录了、没录。；效果 [{"type":"add","target":"capabilities.resilience","value":1},{"type":"tag","target":"history","value":"echo:education"}]	无	无	三代理混排复核完成；已发现项已修正
decision_005	decision_005_choice_3	decision	education	年龄 18—20；人物 []；门槛 {"all":[{"path":"education.fullTimeUndergraduateClosed","op":"eq","value":false}],"any":[],"none":[]}	这一轮，你真交哪组申请？	两边都交了 → 你两组材料分别交。没让中介把确认邮件说成"保录"。	[{"type":"tag","target":"history","value":"education:dual_submitted"},{"type":"add","target":"agency","value":2},{"type":"resolveApplication","target":"education","value":"dual"},{"type":"add","target":"pressures.family","value":6},{"type":"add","target":"finance.cash","value":-6200}]	echo_005@3—5年：考试和材料在这一年变成了真实的结果。；两边各有结果。最后只能去一个地方报到。；效果 [{"type":"add","target":"pressures.career","value":4},{"type":"tag","target":"history","value":"echo:education"}]	无	无	三代理混排复核完成；已发现项已修正
decision_005	decision_005_choice_4	decision	education	年龄 18—20；人物 []；门槛 {"all":[{"path":"education.fullTimeUndergraduateClosed","op":"eq","value":false}],"any":[],"none":[]}	这一轮，你真交哪组申请？	不够。转复读或别的路 → 成绩或材料没形成可靠的申请。你留着退件和成绩——不再买"保录"。	[{"type":"tag","target":"history","value":"education:not_admitted"},{"type":"add","target":"agency","value":1},{"type":"set","target":"education.applicationStatus","value":"notAdmitted"},{"type":"set","target":"education.applicationResult","value":"none"},{"type":"set","target":"education.domesticOffer","value":false},{"type":"set","target":"education.overseasOffer","value":false},{"type":"set","target":"education.domesticOfferType","value":"none"},{"type":"set","target":"education.overseasOfferType","value":"none"},{"type":"set","target":"education.nextStage","value":"reapply"},{"type":"add","target":"pressures.family","value":1},{"type":"add","target":"finance.cash","value":0}]	echo_005@4—6年：考试和材料在这一年变成了真实的结果。；没录。但为什么没录和下一次从哪开始——写清了。；效果 [{"type":"add","target":"pressures.career","value":4},{"type":"tag","target":"history","value":"echo:education"}]	无	无	三代理混排复核完成；已发现项已修正
decision_006	decision_006_choice_1	decision	education	年龄 19—21；人物 []；门槛 {"all":[{"path":"education.fullTimeUndergraduateClosed","op":"eq","value":false}],"any":[],"none":[]}	这一轮接下来怎么收？	确认国内录取和第一年费用或资助 → 你对了通知、费用、资助和报到日。不再把家里口头说的当成已经付了。	[{"type":"tag","target":"history","value":"education:domestic_funded"},{"type":"add","target":"agency","value":4},{"type":"set","target":"education.fundingStatus","value":"domesticConfirmed"},{"type":"set","target":"education.entryPermitReady","value":false},{"type":"set","target":"education.applicationStatus","value":"funded"},{"type":"set","target":"education.scholarshipAwarded","value":false},{"type":"add","target":"finance.cash","value":-6000},{"type":"add","target":"pressures.family","value":-1}]	echo_006@1—3年：录取、钱和走之前要办的，第一次拆开规划。；国内本科的录取和第一年费用——都有了能核的着落。；效果 [{"type":"add","target":"agency","value":1},{"type":"tag","target":"history","value":"echo:education"}]	cashBuffer/requirementShift；准备“确认国内录取和第一年费用或资助”时，你留的缓冲，补上了首年费用里最急的一截。；你没有把那笔缓冲当成已经不存在。 你这次走的是“确认国内录取和第一年费用或资助”。	无	三代理混排复核完成；已发现项已修正
decision_006	decision_006_choice_2	decision	education	年龄 19—21；人物 []；门槛 {"all":[{"path":"education.fullTimeUndergraduateClosed","op":"eq","value":false}],"any":[],"none":[]}	这一轮接下来怎么收？	用家里的预算把海外录取接下来 → 预算表加上了押金、保险、交通、教材和机票。家里也写清了能给多少。	[{"type":"tag","target":"history","value":"education:overseas_family_funded"},{"type":"add","target":"agency","value":3},{"type":"set","target":"education.fundingStatus","value":"overseasFamily"},{"type":"set","target":"education.entryPermitReady","value":false},{"type":"set","target":"education.applicationStatus","value":"funded"},{"type":"set","target":"education.scholarshipAwarded","value":false},{"type":"add","target":"finance.cash","value":-18000},{"type":"add","target":"pressures.family","value":3}]	echo_006@2—4年：录取、钱和走之前要办的，第一次拆开规划。；钱有了着落。海外路线进了下一步——入境和启程。；效果 [{"type":"add","target":"capabilities.resilience","value":1},{"type":"tag","target":"history","value":"echo:education"}]	无	无	三代理混排复核完成；已发现项已修正
decision_006	decision_006_choice_3	decision	education	年龄 19—21；人物 []；门槛 {"all":[{"path":"education.fullTimeUndergraduateClosed","op":"eq","value":false}],"any":[],"none":[]}	这一轮接下来怎么收？	用奖学金把海外录取接下来 → 你的成绩和材料到了竞争的门槛。奖学金通知盖住了关键的缺口。	[{"type":"tag","target":"history","value":"education:overseas_scholarship"},{"type":"add","target":"agency","value":2},{"type":"set","target":"education.fundingStatus","value":"overseasScholarship"},{"type":"set","target":"education.entryPermitReady","value":false},{"type":"set","target":"education.applicationStatus","value":"funded"},{"type":"set","target":"education.scholarshipAwarded","value":true},{"type":"add","target":"finance.cash","value":-7000},{"type":"add","target":"pressures.family","value":-2}]	echo_006@3—5年：录取、钱和走之前要办的，第一次拆开规划。；家里负担轻了。但入境和报到——还得走。；效果 [{"type":"add","target":"pressures.career","value":4},{"type":"tag","target":"history","value":"echo:education"}]	无	无	三代理混排复核完成；已发现项已修正
decision_006	decision_006_choice_4	decision	education	年龄 19—21；人物 []；门槛 {"all":[{"path":"education.fullTimeUndergraduateClosed","op":"eq","value":false}],"any":[],"none":[]}	这一轮接下来怎么收？	用掉唯一的补申年 → 你把退件、条件录取或资金缺口摊在桌上，只留一套还能补齐的材料。复读和海外重申共用这一次，不能各来一遍。	[{"type":"tag","target":"history","value":"education:deferred"},{"type":"add","target":"agency","value":1},{"type":"set","target":"education.fundingStatus","value":"deferred"},{"type":"set","target":"education.entryPermitReady","value":false},{"type":"set","target":"education.applicationStatus","value":"deferred"},{"type":"set","target":"education.scholarshipAwarded","value":false},{"type":"add","target":"finance.cash","value":0},{"type":"add","target":"pressures.family","value":-1},{"type":"set","target":"education.applicationStatus","value":"retrying"},{"type":"set","target":"education.extraApplicationYearUsed","value":true},{"type":"add","target":"education.gapYears","value":1},{"type":"add","target":"education.timelineOffsetYears","value":1},{"type":"set","target":"education.nextStage","value":"reapply"}]	echo_006@4—6年：录取、钱和走之前要办的，第一次拆开规划。；日历往后翻了一年。下一次结果无论怎样，都是一战决定成败。；效果 [{"type":"add","target":"pressures.career","value":4},{"type":"tag","target":"history","value":"echo:education"}]	evidence/resultVariant；准备“用掉唯一的补申年”时，你把退件、成绩和资金缺口分开整理，第二次不会从空白开始。；材料夹里哪些还能用、哪些必须重做，这次写得很清楚。 你这次走的是“用掉唯一的补申年”。	无	三代理混排复核完成；已发现项已修正
decision_007	decision_007_choice_1	decision	education	年龄 19—21；人物 []；门槛 {"all":[{"path":"education.fullTimeUndergraduateClosed","op":"eq","value":false}],"any":[],"none":[]}	最后，落在哪了？	国内报到了 → 你核了身份、交费、宿舍或通勤。报到系统里注册完成。	[{"type":"tag","target":"history","value":"education:domestic_enrolled"},{"type":"add","target":"agency","value":4},{"type":"transition","target":"education","value":"college","status":"enrolled"},{"type":"set","target":"education.enrollmentRegion","value":"domestic"},{"type":"set","target":"education.applicationStatus","value":"enrolled"},{"type":"set","target":"education.nextStage","value":"undergraduate"},{"type":"set","target":"activity.mode","value":"study"},{"type":"transitionHousing","target":"housing","value":{"status":"supported","arrangement":"dormitory","region":"tier2","stability":"temporary","accessibility":"standard","costShare":"supported","coResidentRefs":[],"kind":"background","reason":"domesticUndergraduateEnrollment","residenceOnly":true}}]	echo_007@1—3年：本科申请在报到日结束了。接下来是入学、重申或转向工作的具体日子。；去的是国内的大学。后面的事，会从这段继续。；效果 [{"type":"add","target":"agency","value":1},{"type":"tag","target":"history","value":"echo:education"}]	evidence/resultVariant；准备“国内报到了”时，动手以前，你决定把日期、凭据和能复核的细节放在手边，再看要不要“国内报到了”。；结果落定时，该留下的凭据没有缺席。 你这次走的是“国内报到了”。	无	三代理混排复核完成；已发现项已修正
decision_007	decision_007_choice_2	decision	education	年龄 19—21；人物 []；门槛 {"all":[{"path":"education.fullTimeUndergraduateClosed","op":"eq","value":false}],"any":[],"none":[]}	最后，落在哪了？	办完入境，启程，海外报到了 → 你按录取类型补了条件。入境资格、启程、带着材料和预算到了学校。	[{"type":"tag","target":"history","value":"education:overseas_enrolled"},{"type":"add","target":"agency","value":3},{"type":"set","target":"education.entryPermitReady","value":true},{"type":"transition","target":"education","value":"college","status":"enrolled"},{"type":"set","target":"education.enrollmentRegion","value":"overseas"},{"type":"set","target":"education.applicationStatus","value":"enrolled"},{"type":"set","target":"education.nextStage","value":"undergraduate"},{"type":"set","target":"activity.mode","value":"study"},{"type":"transitionHousing","target":"housing","value":{"status":"supported","arrangement":"dormitory","region":"$educationRegion","stability":"temporary","accessibility":"standard","costShare":"supported","coResidentRefs":[],"kind":"background","reason":"overseasUndergraduateEnrollment","residenceOnly":true}}]	echo_007@2—4年：本科申请在报到日结束了。接下来是入学、重申或转向工作的具体日子。；报到日确认学籍。去的是海外的大学。后面的事，会从这段继续。；效果 [{"type":"add","target":"capabilities.resilience","value":1},{"type":"tag","target":"history","value":"echo:education"}]	无	无	三代理混排复核完成；已发现项已修正
decision_007	decision_007_choice_3	decision	education	年龄 19—21；人物 []；门槛 {"all":[{"path":"education.fullTimeUndergraduateClosed","op":"eq","value":false}],"any":[],"none":[]}	最后，落在哪了？	转去职业教育或技能路线 → 这轮没能报到合适的本科院校，或者钱不太接得上。你把成绩记录、退件和已经学会的东西分开收好。	[{"type":"tag","target":"history","value":"education:vocational_exit"},{"type":"add","target":"agency","value":2},{"type":"set","target":"education.applicationStatus","value":"vocationalExit"},{"type":"set","target":"education.applicationResult","value":"none"},{"type":"set","target":"education.domesticOffer","value":false},{"type":"set","target":"education.overseasOffer","value":false},{"type":"set","target":"education.domesticOfferType","value":"none"},{"type":"set","target":"education.overseasOfferType","value":"none"},{"type":"set","target":"education.fundingStatus","value":"none"},{"type":"set","target":"education.entryPermitReady","value":false},{"type":"set","target":"education.scholarshipAwarded","value":false},{"type":"set","target":"education.enrollmentRegion","value":"none"},{"type":"set","target":"education.nextStage","value":"workOrVocational"},{"type":"set","target":"activity.mode","value":"seeking"}]	echo_007@3—5年：本科申请在报到日结束了。接下来是入学、重申或转向工作的具体日子。；普通本科申请到这里结束。接下来按真正能走的路继续。；效果 [{"type":"add","target":"pressures.career","value":4},{"type":"tag","target":"history","value":"echo:education"}]	无	无	三代理混排复核完成；已发现项已修正
decision_007	decision_007_choice_4	decision	education	年龄 19—21；人物 []；门槛 {"all":[{"path":"education.fullTimeUndergraduateClosed","op":"eq","value":false}],"any":[],"none":[]}	最后，落在哪了？	不去本科了。做别的 → 你放了这次报到。用已经有的实训、成绩或工作准备去下一条路。	[{"type":"tag","target":"history","value":"education:work_exit"},{"type":"add","target":"agency","value":1},{"type":"set","target":"education.applicationStatus","value":"withdrawn"},{"type":"set","target":"education.applicationResult","value":"none"},{"type":"set","target":"education.domesticOffer","value":false},{"type":"set","target":"education.overseasOffer","value":false},{"type":"set","target":"education.domesticOfferType","value":"none"},{"type":"set","target":"education.overseasOfferType","value":"none"},{"type":"set","target":"education.fundingStatus","value":"none"},{"type":"set","target":"education.entryPermitReady","value":false},{"type":"set","target":"education.scholarshipAwarded","value":false},{"type":"set","target":"education.enrollmentRegion","value":"none"},{"type":"set","target":"education.nextStage","value":"workOrVocational"},{"type":"set","target":"activity.mode","value":"seeking"}]	echo_007@4—6年：本科申请在报到日结束了。接下来是入学、重申或转向工作的具体日子。；本科申请退了。没留假的在读。；效果 [{"type":"add","target":"pressures.career","value":4},{"type":"tag","target":"history","value":"echo:education"}]	无	无	三代理混排复核完成；已发现项已修正
decision_008	decision_008_choice_1	decision	education	年龄 18—65；人物 []；门槛 {"all":[{"path":"education.status","op":"notIn","value":["notStarted","enrolled"]}],"any":[],"none":[]}	付钱之前，先怎么搞清这张证？	查目录、报考条件和是谁发的证 → 一项项对。岗位是不是真需要这个。	[{"type":"tag","target":"history","value":"education:verified"},{"type":"add","target":"agency","value":4},{"type":"add","target":"capabilities.skill","value":2},{"type":"add","target":"finance.cash","value":-1500},{"type":"add","target":"pressures.career","value":-1}]	echo_008@1—3年：那次查目录比销售电话留得久。；准考证打出来。证书名字和报名页——对得上。；效果 [{"type":"add","target":"agency","value":1},{"type":"tag","target":"history","value":"echo:education"}]	riskSense/riskShift；准备“查目录、报考条件和是谁发的证”时，这次多做了一层准备：找出最容易留下后患的那一步。；回头看这一步，最容易出问题的地方提前被看见了。 你这次走的是“查目录、报考条件和是谁发的证”。	无	三代理混排复核完成；已发现项已修正
decision_008	decision_008_choice_2	decision	education	年龄 18—65；人物 []；门槛 {"all":[{"path":"education.status","op":"notIn","value":["notStarted","enrolled"]}],"any":[],"none":[]}	付钱之前，先怎么搞清这张证？	先问真在做的人。再去学岗位要的 → 两个从业的都说了：这行更看操作。你把预算转到能做出来的训练上。	[{"type":"tag","target":"history","value":"education:skill_route"},{"type":"add","target":"agency","value":3},{"type":"add","target":"capabilities.skill","value":3},{"type":"add","target":"finance.cash","value":-2500},{"type":"add","target":"pressures.career","value":-1}]	echo_008@2—4年：那次查目录比销售电话留得久。；面试没问海报上那张证。让你当场做了一个。；效果 [{"type":"add","target":"capabilities.resilience","value":1},{"type":"tag","target":"history","value":"echo:education"}]	无	无	三代理混排复核完成；已发现项已修正
decision_008	decision_008_choice_3	decision	education	年龄 18—65；人物 []；门槛 {"all":[{"path":"education.status","op":"notIn","value":["notStarted","enrolled"]}],"any":[],"none":[]}	付钱之前，先怎么搞清这张证？	假的。不付了 → "免考保过"那个发证的——查不到。你存了合同截图。不交钱。	[{"type":"tag","target":"history","value":"education:invalid_offer"},{"type":"add","target":"agency","value":2},{"type":"add","target":"capabilities.skill","value":0},{"type":"add","target":"finance.cash","value":0},{"type":"add","target":"pressures.career","value":2}]	echo_008@3—5年：那次查目录比销售电话留得久。；销售还在打电话。卡没再扣。；效果 [{"type":"add","target":"pressures.career","value":4},{"type":"tag","target":"history","value":"echo:education"}]	无	无	三代理混排复核完成；已发现项已修正
decision_009	decision_009_choice_1	decision	education	年龄 19—67；人物 []；门槛 {"all":[],"any":[],"none":[]}	这张证，最后怎么用？	过了。证拿去用 → 能查的证拿到了。实际做过的项目也放进了材料。	[{"type":"tag","target":"history","value":"education:passed"},{"type":"add","target":"agency","value":4},{"type":"add","target":"capabilities.skill","value":5},{"type":"add","target":"finance.cash","value":-2500},{"type":"add","target":"pressures.career","value":-3},{"type":"add","target":"capabilities.employability","value":4}]	echo_009@1—3年：成绩单和证，有了清楚去处。；资格帮你过了门槛。后面站住的——是干活。；效果 [{"type":"add","target":"agency","value":1},{"type":"tag","target":"history","value":"echo:education"}]	evidence/resultVariant；准备“过了。证拿去用”时，眼前仍要你自己选；牌能帮的，是把日期、凭据和能复核的细节放在手边。；这次仍要由你承担后果；该留下的凭据没有缺席。 你这次走的是“过了。证拿去用”。	无	三代理混排复核完成；已发现项已修正
decision_009	decision_009_choice_2	decision	education	年龄 19—67；人物 []；门槛 {"all":[],"any":[],"none":[]}	这张证，最后怎么用？	再考一次。只补差的 → 就再报一回，最后一回。翻题，不重买整套课。	[{"type":"tag","target":"history","value":"education:retake"},{"type":"add","target":"agency","value":3},{"type":"add","target":"capabilities.skill","value":2},{"type":"add","target":"finance.cash","value":-1800},{"type":"add","target":"pressures.career","value":1}]	echo_009@2—4年：成绩单和证，有了清楚去处。；第二次结果出来。过没过都不再续了。；效果 [{"type":"add","target":"capabilities.resilience","value":1},{"type":"tag","target":"history","value":"echo:education"}]	无	无	三代理混排复核完成；已发现项已修正
decision_009	decision_009_choice_3	decision	education	年龄 19—67；人物 []；门槛 {"all":[],"any":[],"none":[]}	这张证，最后怎么用？	不追了。做能用的东西出来 → 岗位没把这张证当准入。你停了沉没成本。做完了一个真的作品。	[{"type":"tag","target":"history","value":"education:alternative_skill"},{"type":"add","target":"agency","value":2},{"type":"add","target":"capabilities.skill","value":4},{"type":"add","target":"finance.cash","value":-1200},{"type":"add","target":"pressures.career","value":-1}]	echo_009@3—5年：成绩单和证，有了清楚去处。；下次面试——作品比没过的那张成绩单好说。；效果 [{"type":"add","target":"pressures.career","value":4},{"type":"tag","target":"history","value":"echo:education"}]	无	无	三代理混排复核完成；已发现项已修正
decision_009	decision_009_choice_4	decision	education	年龄 19—67；人物 []；门槛 {"all":[],"any":[],"none":[]}	这张证，最后怎么用？	条件变了。不考了 → 报考条件或考试安排改了。能退的费用退了，材料也收回文件夹。你没去买替代的"内部证"。	[{"type":"tag","target":"history","value":"education:withdrawn"},{"type":"add","target":"agency","value":1},{"type":"add","target":"capabilities.skill","value":0},{"type":"add","target":"finance.cash","value":0},{"type":"add","target":"pressures.career","value":2}]	echo_009@4—6年：成绩单和证，有了清楚去处。；这次报考停在这里，没有拖成一件年年惦记的事。；效果 [{"type":"add","target":"pressures.career","value":4},{"type":"tag","target":"history","value":"echo:education"}]	无	无	三代理混排复核完成；已发现项已修正
decision_010	decision_010_choice_1	decision	education	年龄 22—72；人物 []；门槛 {"all":[{"path":"education.status","op":"notIn","value":["notStarted","enrolled"]}],"any":[],"none":[]}	成年了重新学，第一年怎么排？	报正式的。每周时间固定下来 → 你查了学校和证的信息。交了钱。也提前把不能加班的晚上划出来。	[{"type":"tag","target":"history","value":"education:enrolled"},{"type":"add","target":"agency","value":4},{"type":"set","target":"education.status","value":"enrolled"},{"type":"set","target":"activity.mode","value":"study"},{"type":"add","target":"capabilities.skill","value":3},{"type":"add","target":"finance.cash","value":-6000},{"type":"add","target":"pressures.career","value":1}]	echo_010@1—3年：那张晚上的课表先被生活验了一遍。；期中累。但课没因为临时排班就没了。；效果 [{"type":"add","target":"agency","value":1},{"type":"tag","target":"history","value":"echo:education"}]	learning/resultVariant；准备“报正式的。每周时间固定下来”时，你没有急着选，先把陌生的部分拆成眼前能学的一步。；多出来的差别很具体：新学会的那一步当场用上了。 你这次走的是“报正式的。每周时间固定下来”。	无	三代理混排复核完成；已发现项已修正
decision_010	decision_010_choice_2	decision	education	年龄 22—72；人物 []；门槛 {"all":[{"path":"education.status","op":"notIn","value":["notStarted","enrolled"]}],"any":[],"none":[]}	成年了重新学，第一年怎么排？	轻一点。保住工作和日子 → 你只选了能读完的量。毕业时间自己拉长。	[{"type":"tag","target":"history","value":"education:reduced"},{"type":"add","target":"agency","value":3},{"type":"set","target":"education.status","value":"enrolled"},{"type":"set","target":"activity.mode","value":"study"},{"type":"add","target":"capabilities.skill","value":2},{"type":"add","target":"finance.cash","value":-3000},{"type":"add","target":"pressures.career","value":0}]	echo_010@2—4年：那张晚上的课表先被生活验了一遍。；同学换过一批。你还是按你的速度在走。；效果 [{"type":"add","target":"capabilities.resilience","value":1},{"type":"tag","target":"history","value":"echo:education"}]	无	无	三代理混排复核完成；已发现项已修正
decision_010	decision_010_choice_3	decision	education	年龄 22—72；人物 []；门槛 {"all":[{"path":"education.status","op":"notIn","value":["notStarted","enrolled"]}],"any":[],"none":[]}	成年了重新学，第一年怎么排？	先不读了。处理账单和家里的事 → 你在截止前放了这期名额。没借高息去抢一个时间上读不完的。	[{"type":"tag","target":"history","value":"education:declined"},{"type":"add","target":"agency","value":2},{"type":"set","target":"education.status","value":"completed"},{"type":"set","target":"activity.mode","value":"work"},{"type":"add","target":"capabilities.skill","value":0},{"type":"add","target":"finance.cash","value":0},{"type":"add","target":"pressures.career","value":-1}]	echo_010@3—5年：那张晚上的课表先被生活验了一遍。；下期再开的时候，你重新看。不是背着旧欠费回来。；效果 [{"type":"add","target":"pressures.career","value":4},{"type":"tag","target":"history","value":"echo:education"}]	无	无	三代理混排复核完成；已发现项已修正
decision_011	decision_011_choice_1	decision	education	年龄 23—75；人物 []；门槛 {"all":[],"any":[],"none":[]}	这次学习，最后怎么收？	读完了。记录留着 → 最后一项作业交了。结业过了。证可以查。	[{"type":"tag","target":"history","value":"education:completed"},{"type":"add","target":"agency","value":4},{"type":"set","target":"education.status","value":"completed"},{"type":"set","target":"activity.mode","value":"seeking"},{"type":"add","target":"capabilities.skill","value":5},{"type":"add","target":"finance.cash","value":-4000},{"type":"add","target":"pressures.career","value":-2}]	echo_011@1—3年：成年以后的这次读书，有了不含糊的收尾。；换岗的时候——这是个证据。没替你保证别的。；效果 [{"type":"add","target":"agency","value":1},{"type":"tag","target":"history","value":"echo:education"}]	evidence/resultVariant；准备“读完了。记录留着”时，“读完了。记录留着”要真的走得通，得先把日期、凭据和能复核的细节放在手边。；“读完了。记录留着”照样有代价，不过该留下的凭据没有缺席。 你这次走的是“读完了。记录留着”。	无	三代理混排复核完成；已发现项已修正
decision_011	decision_011_choice_2	decision	education	年龄 23—75；人物 []；门槛 {"all":[],"any":[],"none":[]}	这次学习，最后怎么收？	按较慢的节奏读完 → 你把最后的课程分散到能承受的时段，并在项目期限内完成。	[{"type":"tag","target":"history","value":"education:low_intensity"},{"type":"add","target":"agency","value":3},{"type":"set","target":"education.status","value":"completed"},{"type":"set","target":"activity.mode","value":"work"},{"type":"add","target":"capabilities.skill","value":3},{"type":"add","target":"finance.cash","value":-2500},{"type":"add","target":"pressures.career","value":0}]	echo_011@2—4年：成年以后的这次读书，有了不含糊的收尾。；日子没为读书停，这次学习也有了正式结尾。；效果 [{"type":"add","target":"capabilities.resilience","value":1},{"type":"tag","target":"history","value":"echo:education"}]	无	无	三代理混排复核完成；已发现项已修正
decision_011	decision_011_choice_3	decision	education	年龄 23—75；人物 []；门槛 {"all":[],"any":[],"none":[]}	这次学习，最后怎么收？	不追学历了。只留要用的 → 你退出了学历目标。课——只留干活真用的。	[{"type":"tag","target":"history","value":"education:non_degree"},{"type":"add","target":"agency","value":2},{"type":"set","target":"education.status","value":"completed"},{"type":"set","target":"activity.mode","value":"work"},{"type":"add","target":"capabilities.skill","value":3},{"type":"add","target":"finance.cash","value":-1200},{"type":"add","target":"pressures.career","value":-1}]	echo_011@3—5年：成年以后的这次读书，有了不含糊的收尾。；证不是中心了。学到的——还在日常里。；效果 [{"type":"add","target":"pressures.career","value":4},{"type":"tag","target":"history","value":"echo:education"}]	无	无	三代理混排复核完成；已发现项已修正
decision_011	decision_011_choice_4	decision	education	年龄 23—75；人物 []；门槛 {"all":[],"any":[],"none":[]}	这次学习，最后怎么收？	停了。回去挣钱和照护 → 排班和家里的事塞不下了。你办了退课和材料。	[{"type":"tag","target":"history","value":"education:forced_exit"},{"type":"add","target":"agency","value":1},{"type":"set","target":"education.status","value":"interrupted"},{"type":"set","target":"activity.mode","value":"work"},{"type":"add","target":"capabilities.skill","value":1},{"type":"add","target":"finance.cash","value":1000},{"type":"add","target":"pressures.career","value":2}]	echo_011@4—6年：成年以后的这次读书，有了不含糊的收尾。；退出。没写成失败。也没拖成十年的事。；效果 [{"type":"add","target":"pressures.career","value":4},{"type":"tag","target":"history","value":"echo:education"}]	无	健康照护	三代理混排复核完成；已发现项已修正
decision_012	decision_012_choice_1	decision	education	年龄 20—30；人物 []；门槛 {"all":[{"path":"education.status","op":"eq","value":"enrolled"},{"path":"education.enrollmentRegion","op":"eq","value":"domestic"},{"path":"education.nextStage","op":"eq","value":"undergraduate"}],"any":[],"none":[]}	第一学年，这张课表怎么排？	先把毕业要求弄明白 → 你顺着培养方案往下找，把先修课和替代课程都记了下来。热门课没抢到，至少还有别的课能接。	[{"type":"tag","target":"history","value":"education:planned"},{"type":"add","target":"agency","value":4},{"type":"add","target":"education.courseworkEvidence","value":8}]	echo_012@1—3年：第一张课表排出来了。好不好看另说，早八倒是一门没少。；下一次课表要改，那张先修关系表还找得到。；效果 [{"type":"add","target":"agency","value":1},{"type":"tag","target":"history","value":"echo:education"}]	learning/resultVariant；准备“先把毕业要求弄明白”时，这次多了一步准备：先把陌生的部分拆成眼前能学的一步。；结果仍不确定；新学会的那一步当场用上了。 你这次走的是“先把毕业要求弄明白”。	无	三代理混排复核完成；已发现项已修正
decision_012	decision_012_choice_2	decision	education	年龄 20—30；人物 []；门槛 {"all":[{"path":"education.status","op":"eq","value":"enrolled"},{"path":"education.enrollmentRegion","op":"eq","value":"domestic"},{"path":"education.nextStage","op":"eq","value":"undergraduate"}],"any":[],"none":[]}	第一学年，这张课表怎么排？	先多上几门，看看自己喜欢什么 → 你给课表留了点试错的地方。有门课分数一般，但你终于知道这个方向和想象里不太一样。	[{"type":"tag","target":"history","value":"education:explored"},{"type":"add","target":"agency","value":3},{"type":"add","target":"education.courseworkEvidence","value":5}]	echo_012@2—4年：第一张课表排出来了。好不好看另说，早八倒是一门没少。；专业不再只是录取通知书上的几个字。；效果 [{"type":"add","target":"capabilities.resilience","value":1},{"type":"tag","target":"history","value":"echo:education"}]	无	无	三代理混排复核完成；已发现项已修正
decision_012	decision_012_choice_3	decision	education	年龄 20—30；人物 []；门槛 {"all":[{"path":"education.status","op":"eq","value":"enrolled"},{"path":"education.enrollmentRegion","op":"eq","value":"domestic"},{"path":"education.nextStage","op":"eq","value":"undergraduate"}],"any":[],"none":[]}	第一学年，这张课表怎么排？	先挑好过的，绩点别太难看 → 你照着群里的“避雷名单”选了一轮。课是轻松了，后面要用的先修课也一起绕过去了。	[{"type":"tag","target":"history","value":"education:grade_first"},{"type":"add","target":"agency","value":2},{"type":"add","target":"education.courseworkEvidence","value":3}]	echo_012@3—5年：第一张课表排出来了。好不好看另说，早八倒是一门没少。；成绩单没出大问题。补课却从下学期开始排队。；效果 [{"type":"add","target":"pressures.career","value":4},{"type":"tag","target":"history","value":"echo:education"}]	无	无	三代理混排复核完成；已发现项已修正
decision_013	decision_013_choice_1	decision	education	年龄 20—31；人物 []；门槛 {"all":[{"path":"education.status","op":"eq","value":"enrolled"},{"path":"education.enrollmentRegion","op":"eq","value":"domestic"},{"path":"education.nextStage","op":"eq","value":"undergraduate"}],"any":[],"none":[]}	课外时间，你准备花在哪儿？	挑一个真想去的社团 → 你忍住没把二维码全扫一遍。第一次活动忙得乱七八糟，收摊以后，倒真认识了几个下次还会打招呼的人。	[{"type":"tag","target":"history","value":"education:club"},{"type":"add","target":"agency","value":4},{"type":"add","target":"education.campusEvidence","value":7},{"type":"add","target":"pressures.career","value":0}]	echo_013@1—3年：这一年，你的时间没有平均分给所有群聊。；你没混到一长串头衔，但能讲清楚那次活动是怎么做完的。；效果 [{"type":"add","target":"agency","value":1},{"type":"tag","target":"history","value":"echo:education"}]	network/resultVariant；准备“挑一个真想去的社团”时，动手以前，你决定问一个确实了解情况的人，再看要不要“挑一个真想去的社团”。；结果落定时，可靠的消息补上了原来够不着的一角。 你这次走的是“挑一个真想去的社团”。	无	三代理混排复核完成；已发现项已修正
decision_013	decision_013_choice_2	decision	education	年龄 20—31；人物 []；门槛 {"all":[{"path":"education.status","op":"eq","value":"enrolled"},{"path":"education.enrollmentRegion","op":"eq","value":"domestic"},{"path":"education.nextStage","op":"eq","value":"undergraduate"}],"any":[],"none":[]}	课外时间，你准备花在哪儿？	去做竞赛、课程项目或者研究 → 开头的活不怎么体面，无非是学工具、理文件。后来分到你手里的那一块，终于能从头做到尾。	[{"type":"tag","target":"history","value":"education:research"},{"type":"add","target":"agency","value":3},{"type":"add","target":"education.researchEvidence","value":6},{"type":"add","target":"pressures.career","value":2}]	echo_013@2—4年：这一年，你的时间没有平均分给所有群聊。；简历上多了一件经得住追问的事。；效果 [{"type":"add","target":"capabilities.resilience","value":1},{"type":"tag","target":"history","value":"echo:education"}]	无	无	三代理混排复核完成；已发现项已修正
decision_013	decision_013_choice_3	decision	education	年龄 20—31；人物 []；门槛 {"all":[{"path":"education.status","op":"eq","value":"enrolled"},{"path":"education.enrollmentRegion","op":"eq","value":"domestic"},{"path":"education.nextStage","op":"eq","value":"undergraduate"}],"any":[],"none":[]}	课外时间，你准备花在哪儿？	找份兼职或实习，先出去看看 → 课表和排班撞过几次。和人交接、被催、返工，哪一件都比招聘介绍写得具体。	[{"type":"tag","target":"history","value":"education:practice"},{"type":"add","target":"agency","value":2},{"type":"add","target":"education.practiceEvidence","value":7},{"type":"add","target":"pressures.career","value":3}]	echo_013@3—5年：这一年，你的时间没有平均分给所有群聊。；等你再写“做过什么”，总算不只剩职位名称。；效果 [{"type":"add","target":"pressures.career","value":4},{"type":"tag","target":"history","value":"echo:education"}]	无	无	三代理混排复核完成；已发现项已修正
decision_013	decision_013_choice_4	decision	education	年龄 20—31；人物 []；门槛 {"all":[{"path":"education.status","op":"eq","value":"enrolled"},{"path":"education.enrollmentRegion","op":"eq","value":"domestic"},{"path":"education.nextStage","op":"eq","value":"undergraduate"}],"any":[],"none":[]}	课外时间，你准备花在哪儿？	这学期只顾课，别再加了 → 你退了几个群，空出来的晚上拿去补觉、补课，也偶尔什么都不干。	[{"type":"tag","target":"history","value":"education:rested"},{"type":"add","target":"agency","value":1},{"type":"add","target":"health.mental","value":4},{"type":"add","target":"pressures.career","value":-3}]	echo_013@4—6年：这一年，你的时间没有平均分给所有群聊。；没有社团经历。那阵子你也确实没再靠咖啡硬撑。；效果 [{"type":"add","target":"pressures.career","value":4},{"type":"tag","target":"history","value":"echo:education"}]	无	无	三代理混排复核完成；已发现项已修正
decision_014	decision_014_choice_1	decision	education	年龄 21—32；人物 []；门槛 {"all":[{"path":"education.status","op":"eq","value":"enrolled"},{"path":"education.enrollmentRegion","op":"eq","value":"domestic"},{"path":"education.nextStage","op":"eq","value":"undergraduate"}],"any":[],"none":[]}	毕业以前，先把哪件事做实？	跟老师做一段研究 → 你不只在名单上挂了个名字。数据跑坏过，方法改过，最后也有一份写得明白的结果。	[{"type":"tag","target":"history","value":"education:research"},{"type":"add","target":"agency","value":4},{"type":"add","target":"education.researchEvidence","value":8},{"type":"add","target":"education.practiceEvidence","value":0},{"type":"add","target":"development.languagePreparation","value":0},{"type":"set","target":"education.graduateApplicationIntent","value":"none"}]	echo_014@1—3年：你没把四条路一起攥住。这一年，至少有一件事做到了能拿出来说。；以后导师问到细节，你有答得出的，也有能老实说没做成的。；效果 [{"type":"add","target":"agency","value":1},{"type":"tag","target":"history","value":"echo:education"}]	learning/resultVariant；准备“跟老师做一段研究”时，这次多做了一层准备：把陌生的部分拆成眼前能学的一步。；回头看这一步，新学会的那一步当场用上了。 你这次走的是“跟老师做一段研究”。	无	三代理混排复核完成；已发现项已修正
decision_014	decision_014_choice_2	decision	education	年龄 21—32；人物 []；门槛 {"all":[{"path":"education.status","op":"eq","value":"enrolled"},{"path":"education.enrollmentRegion","op":"eq","value":"domestic"},{"path":"education.nextStage","op":"eq","value":"undergraduate"}],"any":[],"none":[]}	毕业以前，先把哪件事做实？	去实习，别只在学校里猜工作是什么 → 你提前问了到底干什么。杂活还是有，但没把打印、订餐硬写成“参与核心决策”。	[{"type":"tag","target":"history","value":"education:practice"},{"type":"add","target":"agency","value":3},{"type":"add","target":"education.researchEvidence","value":0},{"type":"add","target":"education.practiceEvidence","value":8},{"type":"add","target":"development.languagePreparation","value":0},{"type":"set","target":"education.graduateApplicationIntent","value":"none"}]	echo_014@2—4年：你没把四条路一起攥住。这一年，至少有一件事做到了能拿出来说。；这段经历后来能讲任务、返工和交接，不用只背公司介绍。；效果 [{"type":"add","target":"capabilities.resilience","value":1},{"type":"tag","target":"history","value":"echo:education"}]	无	无	三代理混排复核完成；已发现项已修正
decision_014	decision_014_choice_3	decision	education	年龄 21—32；人物 []；门槛 {"all":[{"path":"education.status","op":"eq","value":"enrolled"},{"path":"education.enrollmentRegion","op":"eq","value":"domestic"},{"path":"education.nextStage","op":"eq","value":"undergraduate"}],"any":[],"none":[]}	毕业以前，先把哪件事做实？	想考国内研究生，先开始准备 → 复习、报名和材料各占一块时间。复试和调剂还很远，你先没急着在朋友圈宣布上岸。	[{"type":"tag","target":"history","value":"education:domestic_grad_prep"},{"type":"add","target":"agency","value":2},{"type":"add","target":"education.researchEvidence","value":3},{"type":"add","target":"education.practiceEvidence","value":1},{"type":"add","target":"development.languagePreparation","value":0},{"type":"set","target":"education.graduateApplicationIntent","value":"domestic"}]	echo_014@3—5年：你没把四条路一起攥住。这一年，至少有一件事做到了能拿出来说。；备考已经开始。录不录得上，得等考试说话。；效果 [{"type":"add","target":"pressures.career","value":4},{"type":"tag","target":"history","value":"echo:education"}]	无	无	三代理混排复核完成；已发现项已修正
decision_014	decision_014_choice_4	decision	education	年龄 21—32；人物 []；门槛 {"all":[{"path":"education.status","op":"eq","value":"enrolled"},{"path":"education.enrollmentRegion","op":"eq","value":"domestic"},{"path":"education.nextStage","op":"eq","value":"undergraduate"}],"any":[],"none":[]}	毕业以前，先把哪件事做实？	想去海外读研，先补缺的东西 → 课程要求、语言、推荐和预算挨个看过去，缺哪项就先补哪项。	[{"type":"tag","target":"history","value":"education:overseas_grad_prep"},{"type":"add","target":"agency","value":1},{"type":"add","target":"education.researchEvidence","value":3},{"type":"add","target":"education.practiceEvidence","value":1},{"type":"add","target":"development.languagePreparation","value":8},{"type":"set","target":"education.graduateApplicationIntent","value":"us"}]	echo_014@4—6年：你没把四条路一起攥住。这一年，至少有一件事做到了能拿出来说。；申请还没交，但“想出去看看”终于变成了几件要做的事。；效果 [{"type":"add","target":"pressures.career","value":4},{"type":"tag","target":"history","value":"echo:education"}]	无	无	三代理混排复核完成；已发现项已修正
decision_015	decision_015_choice_1	decision	education	年龄 22—33；人物 []；门槛 {"all":[{"path":"education.status","op":"eq","value":"enrolled"},{"path":"education.enrollmentRegion","op":"eq","value":"domestic"},{"path":"education.nextStage","op":"eq","value":"undergraduate"}],"any":[],"none":[]}	本科毕业以后，你打算往哪儿走？	先找工作 → 你翻出课程项目、实习和做过的事，开始改简历。有些栏能填满，有些只能空着。	[{"type":"tag","target":"history","value":"education:direct_job"},{"type":"add","target":"agency","value":4},{"type":"transition","target":"education","value":"college","status":"completed"},{"type":"set","target":"education.undergraduateSystem","value":"domestic"},{"type":"set","target":"education.highestCompleted","value":"undergraduate"},{"type":"set","target":"education.nextStage","value":"firstJob"},{"type":"set","target":"education.graduateApplicationIntent","value":"none"},{"type":"set","target":"employment.entryCredential","value":"bachelor"},{"type":"set","target":"activity.mode","value":"seeking"}]	echo_015@1—3年：离校手续办完了。下一步不再只停在“我再想想”。；第一批职位收藏好了。第二天再看，有一个已经下架。；效果 [{"type":"add","target":"agency","value":1},{"type":"tag","target":"history","value":"echo:education"}]	portableSkill/resultVariant；准备“先找工作”时，眼前仍要你自己选；牌能帮的，是拿一件真正做过的事试路。；这次仍要由你承担后果；做过的事成了这次选择的底气。 你这次走的是“先找工作”。	无	三代理混排复核完成；已发现项已修正
decision_015	decision_015_choice_2	decision	education	年龄 22—33；人物 []；门槛 {"all":[{"path":"education.status","op":"eq","value":"enrolled"},{"path":"education.enrollmentRegion","op":"eq","value":"domestic"},{"path":"education.nextStage","op":"eq","value":"undergraduate"}],"any":[],"none":[]}	本科毕业以后，你打算往哪儿走？	考国内研究生 → 成绩单和做过的项目重新整理了一遍。报名、考试、复试，一关也不会因为你已经毕业就省掉。	[{"type":"tag","target":"history","value":"education:domestic_grad"},{"type":"add","target":"agency","value":3},{"type":"transition","target":"education","value":"college","status":"completed"},{"type":"set","target":"education.undergraduateSystem","value":"domestic"},{"type":"set","target":"education.highestCompleted","value":"undergraduate"},{"type":"set","target":"education.nextStage","value":"postgraduateApplication"},{"type":"set","target":"education.graduateApplicationIntent","value":"domestic"},{"type":"set","target":"employment.entryCredential","value":"bachelor"},{"type":"set","target":"activity.mode","value":"study"}]	echo_015@2—4年：离校手续办完了。下一步不再只停在“我再想想”。；复习资料摊开了。录取通知还远。；效果 [{"type":"add","target":"capabilities.resilience","value":1},{"type":"tag","target":"history","value":"echo:education"}]	无	无	三代理混排复核完成；已发现项已修正
decision_015	decision_015_choice_3	decision	education	年龄 22—33；人物 []；门槛 {"all":[{"path":"education.status","op":"eq","value":"enrolled"},{"path":"education.enrollmentRegion","op":"eq","value":"domestic"},{"path":"education.nextStage","op":"eq","value":"undergraduate"}],"any":[],"none":[]}	本科毕业以后，你打算往哪儿走？	申请美国研究生 → 你开始看项目、推荐、语言和资助。预算表算到后面，鼠标在学费那一行停了很久。	[{"type":"tag","target":"history","value":"education:us_grad"},{"type":"add","target":"agency","value":2},{"type":"transition","target":"education","value":"college","status":"completed"},{"type":"set","target":"education.undergraduateSystem","value":"domestic"},{"type":"set","target":"education.highestCompleted","value":"undergraduate"},{"type":"set","target":"education.nextStage","value":"postgraduateApplication"},{"type":"set","target":"education.graduateApplicationIntent","value":"us"},{"type":"set","target":"employment.entryCredential","value":"bachelor"},{"type":"set","target":"activity.mode","value":"study"}]	echo_015@3—5年：离校手续办完了。下一步不再只停在“我再想想”。；推荐信还没开口，项目截止日已经先排满一页。；效果 [{"type":"add","target":"pressures.career","value":4},{"type":"tag","target":"history","value":"echo:education"}]	无	无	三代理混排复核完成；已发现项已修正
decision_015	decision_015_choice_4	decision	education	年龄 22—33；人物 []；门槛 {"all":[{"path":"education.status","op":"eq","value":"enrolled"},{"path":"education.enrollmentRegion","op":"eq","value":"domestic"},{"path":"education.nextStage","op":"eq","value":"undergraduate"}],"any":[],"none":[]}	本科毕业以后，你打算往哪儿走？	申请欧洲研究生 → 课程匹配、学分要求、项目年限和当地语言都要看。几个名字相近的项目，门槛并不一样。	[{"type":"tag","target":"history","value":"education:europe_grad"},{"type":"add","target":"agency","value":1},{"type":"transition","target":"education","value":"college","status":"completed"},{"type":"set","target":"education.undergraduateSystem","value":"domestic"},{"type":"set","target":"education.highestCompleted","value":"undergraduate"},{"type":"set","target":"education.nextStage","value":"postgraduateApplication"},{"type":"set","target":"education.graduateApplicationIntent","value":"europe"},{"type":"set","target":"employment.entryCredential","value":"bachelor"},{"type":"set","target":"activity.mode","value":"study"}]	echo_015@4—6年：离校手续办完了。下一步不再只停在“我再想想”。；收藏夹里名字最像的两个项目，申请条件差了半页。；效果 [{"type":"add","target":"pressures.career","value":4},{"type":"tag","target":"history","value":"echo:education"}]	无	无	三代理混排复核完成；已发现项已修正
decision_016	decision_016_choice_1	decision	education	年龄 20—30；人物 []；门槛 {"all":[{"path":"education.status","op":"eq","value":"enrolled"},{"path":"education.enrollmentRegion","op":"eq","value":"overseas"},{"path":"education.nextStage","op":"eq","value":"undergraduate"},{"path":"education.undergraduateSystem","op":"eq","value":"none"}],"any":[],"none":[]}	你读的是哪一套本科？	在美国读本科 → 通识、主修和先修课要自己拼，advisor 的预约入口也找到了。至于以后能不能工作，那是另一套规定。	[{"type":"tag","target":"history","value":"education:us"},{"type":"add","target":"agency","value":4},{"type":"set","target":"education.undergraduateSystem","value":"us"},{"type":"set","target":"mobility.lastOverseasSystem","value":"us"},{"type":"set","target":"mobility.mode","value":"studyAbroad"},{"type":"add","target":"mobility.hostLanguage","value":10},{"type":"add","target":"mobility.dailyAdaptation","value":4},{"type":"transitionHousing","target":"housing","value":{"region":"us","kind":"background","reason":"overseasUndergraduateRegion"}}]	echo_016@1—3年：从这里往后，学校里的日子有了具体的制度和地方。；下一封选课提醒来自 advisor，degree audit 也多了一排红字。；效果 [{"type":"add","target":"agency","value":1},{"type":"tag","target":"history","value":"echo:education"}]	learning/resultVariant；准备“在美国读本科”时，你没有急着选，先把陌生的部分拆成眼前能学的一步。；多出来的差别很具体：新学会的那一步当场用上了。 你这次走的是“在美国读本科”。	无	三代理混排复核完成；已发现项已修正
decision_016	decision_016_choice_2	decision	education	年龄 20—30；人物 []；门槛 {"all":[{"path":"education.status","op":"eq","value":"enrolled"},{"path":"education.enrollmentRegion","op":"eq","value":"overseas"},{"path":"education.nextStage","op":"eq","value":"undergraduate"},{"path":"education.undergraduateSystem","op":"eq","value":"none"}],"any":[],"none":[]}	你读的是哪一套本科？	在欧洲读本科 → 培养方案按学分排开，考试注册和当地手续各有入口。上课用什么语言，也不等于生活里只要会这一种。	[{"type":"tag","target":"history","value":"education:europe"},{"type":"add","target":"agency","value":3},{"type":"set","target":"education.undergraduateSystem","value":"europe"},{"type":"set","target":"mobility.lastOverseasSystem","value":"europe"},{"type":"set","target":"mobility.mode","value":"studyAbroad"},{"type":"add","target":"mobility.hostLanguage","value":6},{"type":"add","target":"mobility.dailyAdaptation","value":4},{"type":"transitionHousing","target":"housing","value":{"region":"europe","kind":"background","reason":"overseasUndergraduateRegion"}}]	echo_016@2—4年：从这里往后，学校里的日子有了具体的制度和地方。；选完课还不算完。考试注册在另一个页面等你。；效果 [{"type":"add","target":"capabilities.resilience","value":1},{"type":"tag","target":"history","value":"echo:education"}]	无	无	三代理混排复核完成；已发现项已修正
decision_017	decision_017_choice_1	decision	education	年龄 21—31；人物 []；门槛 {"all":[{"path":"education.status","op":"eq","value":"enrolled"},{"path":"education.undergraduateSystem","op":"eq","value":"us"},{"path":"education.nextStage","op":"eq","value":"undergraduate"}],"any":[],"none":[]}	这学年的课，怎么选？	拉着 advisor 把毕业要求过一遍 → 你让对方把计划发进邮件，又问了换主修会多出哪些课。那门一年只开一次的课，被圈了两遍。	[{"type":"tag","target":"history","value":"education:planned"},{"type":"add","target":"agency","value":4},{"type":"add","target":"education.courseworkEvidence","value":8},{"type":"add","target":"pressures.career","value":0}]	echo_017@1—3年：课表还是很绕，但你总算知道坑在哪儿。；后来再看 degree audit，你不必拿“我以为”去跟系统争。；效果 [{"type":"add","target":"agency","value":1},{"type":"tag","target":"history","value":"echo:education"}]	negotiation/resultVariant；准备“拉着 advisor 把毕业要求过一遍”时，“拉着 advisor 把毕业要求过一遍”要真的走得通，得先把期限、钱和各自要做的事摊开谈。；“拉着 advisor 把毕业要求过一遍”照样有代价，不过说出口的条件有了能核对的落点。 你这次走的是“拉着 advisor 把毕业要求过一遍”。	无	三代理混排复核完成；已发现项已修正
decision_017	decision_017_choice_2	decision	education	年龄 21—31；人物 []；门槛 {"all":[{"path":"education.status","op":"eq","value":"enrolled"},{"path":"education.undergraduateSystem","op":"eq","value":"us"},{"path":"education.nextStage","op":"eq","value":"undergraduate"}],"any":[],"none":[]}	这学年的课，怎么选？	先试几个方向，再定主修 → 你拿选修课试了试。有的喜欢，有的上完只想赶紧结束，还有几门未必都能算进最后的主修。	[{"type":"tag","target":"history","value":"education:explored"},{"type":"add","target":"agency","value":3},{"type":"add","target":"education.courseworkEvidence","value":5},{"type":"add","target":"pressures.career","value":1}]	echo_017@2—4年：课表还是很绕，但你总算知道坑在哪儿。；方向选得更像你自己。多花的学分也是真的。；效果 [{"type":"add","target":"capabilities.resilience","value":1},{"type":"tag","target":"history","value":"echo:education"}]	无	无	三代理混排复核完成；已发现项已修正
decision_017	decision_017_choice_3	decision	education	年龄 21—31；人物 []；门槛 {"all":[{"path":"education.status","op":"eq","value":"enrolled"},{"path":"education.undergraduateSystem","op":"eq","value":"us"},{"path":"education.nextStage","op":"eq","value":"undergraduate"}],"any":[],"none":[]}	这学年的课，怎么选？	课塞满一点，能早毕业就早毕业 → 你把能选的空位全填上了。期中一到，有门课的作业开始追着其他课跑。	[{"type":"tag","target":"history","value":"education:accelerated"},{"type":"add","target":"agency","value":2},{"type":"add","target":"education.courseworkEvidence","value":3},{"type":"add","target":"pressures.career","value":5}]	echo_017@3—5年：课表还是很绕，但你总算知道坑在哪儿。；毕业时间也许能往前挪，成绩和睡眠先被挤了一轮。；效果 [{"type":"add","target":"pressures.career","value":4},{"type":"tag","target":"history","value":"echo:education"}]	无	无	三代理混排复核完成；已发现项已修正
decision_018	decision_018_choice_1	decision	education	年龄 21—32；人物 []；门槛 {"all":[{"path":"education.status","op":"eq","value":"enrolled"},{"path":"education.undergraduateSystem","op":"eq","value":"us"},{"path":"education.nextStage","op":"eq","value":"undergraduate"}],"any":[],"none":[]}	这次，你准备怎么找实践？	先问清工作资格，再投实习 → 学校回了书面说明。你按要求办完手续，才确认开始日期。	[{"type":"tag","target":"history","value":"education:authorized_practice"},{"type":"add","target":"agency","value":4},{"type":"add","target":"education.practiceEvidence","value":8},{"type":"add","target":"education.researchEvidence","value":0},{"type":"add","target":"mobility.localTies","value":2}]	echo_018@1—3年：你没有把“欢迎申请”当成已经能去上班。；实习写进简历时，岗位日期和工作授权能对得上。；效果 [{"type":"add","target":"agency","value":1},{"type":"tag","target":"history","value":"echo:education"}]	evidence/resultVariant；准备“先问清工作资格，再投实习”时，这次多了一步准备：先把日期、凭据和能复核的细节放在手边。；结果仍不确定；该留下的凭据没有缺席。 你这次走的是“先问清工作资格，再投实习”。	无	三代理混排复核完成；已发现项已修正
decision_018	decision_018_choice_2	decision	education	年龄 21—32；人物 []；门槛 {"all":[{"path":"education.status","op":"eq","value":"enrolled"},{"path":"education.undergraduateSystem","op":"eq","value":"us"},{"path":"education.nextStage","op":"eq","value":"undergraduate"}],"any":[],"none":[]}	这次，你准备怎么找实践？	先找校内项目或研究机会 → 你去问老师和项目负责人，从能接手的小块做起。教室以外，也开始有人知道你做事是什么样。	[{"type":"tag","target":"history","value":"education:research"},{"type":"add","target":"agency","value":3},{"type":"add","target":"education.practiceEvidence","value":2},{"type":"add","target":"education.researchEvidence","value":7},{"type":"add","target":"mobility.localTies","value":4}]	echo_018@2—4年：你没有把“欢迎申请”当成已经能去上班。；后来有人来核经历，老师说得出你负责的是哪一块。；效果 [{"type":"add","target":"capabilities.resilience","value":1},{"type":"tag","target":"history","value":"echo:education"}]	无	无	三代理混排复核完成；已发现项已修正
decision_018	decision_018_choice_3	decision	education	年龄 21—32；人物 []；门槛 {"all":[{"path":"education.status","op":"eq","value":"enrolled"},{"path":"education.undergraduateSystem","op":"eq","value":"us"},{"path":"education.nextStage","op":"eq","value":"undergraduate"}],"any":[],"none":[]}	这次，你准备怎么找实践？	先把课程项目做好 → 暂时没有合适的岗位，你就把课上的东西继续做完，补说明、改问题，也让别人真能看懂。	[{"type":"tag","target":"history","value":"education:portfolio"},{"type":"add","target":"agency","value":2},{"type":"add","target":"education.practiceEvidence","value":5},{"type":"add","target":"education.researchEvidence","value":2},{"type":"add","target":"mobility.localTies","value":1}]	echo_018@3—5年：你没有把“欢迎申请”当成已经能去上班。；这一轮没多出实习。作品链接倒是终于能点开了。；效果 [{"type":"add","target":"pressures.career","value":4},{"type":"tag","target":"history","value":"echo:education"}]	无	无	三代理混排复核完成；已发现项已修正
decision_019	decision_019_choice_1	decision	education	年龄 22—33；人物 []；门槛 {"all":[{"path":"education.status","op":"eq","value":"enrolled"},{"path":"education.undergraduateSystem","op":"eq","value":"us"},{"path":"education.nextStage","op":"eq","value":"undergraduate"}],"any":[],"none":[]}	本科读完了。接下来往哪儿投？	留在美国找工作 → 你先看岗位做什么，再看对方能不能处理你的工作资格。有些收藏了半天的职位，到最后一栏还是得关掉。	[{"type":"tag","target":"history","value":"education:us_job"},{"type":"add","target":"agency","value":4},{"type":"transition","target":"education","value":"college","status":"completed"},{"type":"set","target":"education.highestCompleted","value":"undergraduate"},{"type":"set","target":"education.nextStage","value":"firstJob"},{"type":"set","target":"education.graduateApplicationIntent","value":"none"},{"type":"set","target":"employment.entryCredential","value":"bachelor"},{"type":"set","target":"employment.applicationRegion","value":"us"},{"type":"set","target":"activity.mode","value":"seeking"}]	echo_019@1—3年：学位拿到了。留在美国、回国还是继续读，都得你自己再选一次。；第一批申请发出去了。国际学生办公室那封提醒还置顶着。；效果 [{"type":"add","target":"agency","value":1},{"type":"tag","target":"history","value":"echo:education"}]	riskSense/riskShift；准备“留在美国找工作”时，动手以前，你决定找出最容易留下后患的那一步，再看要不要“留在美国找工作”。；结果落定时，最容易出问题的地方提前被看见了。 你这次走的是“留在美国找工作”。	无	三代理混排复核完成；已发现项已修正
decision_019	decision_019_choice_2	decision	education	年龄 22—33；人物 []；门槛 {"all":[{"path":"education.status","op":"eq","value":"enrolled"},{"path":"education.undergraduateSystem","op":"eq","value":"us"},{"path":"education.nextStage","op":"eq","value":"undergraduate"}],"any":[],"none":[]}	本科读完了。接下来往哪儿投？	回国找工作 → 学历材料要办，国内招聘也有自己的批次。你重新打开求职网站，发现“海外经历”并不会替你填完项目说明。	[{"type":"tag","target":"history","value":"education:return_job"},{"type":"add","target":"agency","value":3},{"type":"transition","target":"education","value":"college","status":"completed"},{"type":"set","target":"education.highestCompleted","value":"undergraduate"},{"type":"set","target":"education.nextStage","value":"firstJob"},{"type":"set","target":"education.graduateApplicationIntent","value":"none"},{"type":"set","target":"employment.entryCredential","value":"bachelor"},{"type":"set","target":"employment.applicationRegion","value":"domestic"},{"type":"set","target":"activity.mode","value":"seeking"}]	echo_019@2—4年：学位拿到了。留在美国、回国还是继续读，都得你自己再选一次。；时差还没倒，网申倒先填到了第三页。；效果 [{"type":"add","target":"capabilities.resilience","value":1},{"type":"tag","target":"history","value":"echo:education"}]	无	无	三代理混排复核完成；已发现项已修正
decision_019	decision_019_choice_3	decision	education	年龄 22—33；人物 []；门槛 {"all":[{"path":"education.status","op":"eq","value":"enrolled"},{"path":"education.undergraduateSystem","op":"eq","value":"us"},{"path":"education.nextStage","op":"eq","value":"undergraduate"}],"any":[],"none":[]}	本科读完了。接下来往哪儿投？	回国读研 → 海外课程和成绩要装进国内的申请材料里，时间也得重新算。	[{"type":"tag","target":"history","value":"education:domestic_grad"},{"type":"add","target":"agency","value":2},{"type":"transition","target":"education","value":"college","status":"completed"},{"type":"set","target":"education.highestCompleted","value":"undergraduate"},{"type":"set","target":"education.nextStage","value":"postgraduateApplication"},{"type":"set","target":"education.graduateApplicationIntent","value":"domestic"},{"type":"set","target":"employment.entryCredential","value":"bachelor"},{"type":"set","target":"employment.applicationRegion","value":"domestic"},{"type":"set","target":"activity.mode","value":"study"}]	echo_019@3—5年：学位拿到了。留在美国、回国还是继续读，都得你自己再选一次。；国内报名页打开了。海外成绩单还在等盖章。；效果 [{"type":"add","target":"pressures.career","value":4},{"type":"tag","target":"history","value":"echo:education"}]	无	无	三代理混排复核完成；已发现项已修正
decision_019	decision_019_choice_4	decision	education	年龄 22—33；人物 []；门槛 {"all":[{"path":"education.status","op":"eq","value":"enrolled"},{"path":"education.undergraduateSystem","op":"eq","value":"us"},{"path":"education.nextStage","op":"eq","value":"undergraduate"}],"any":[],"none":[]}	本科读完了。接下来往哪儿投？	还想在美国或欧洲读研 → 已经在外面生活过，不代表下一段一定还留在原地。你又从项目、钱和毕业以后看了一遍。	[{"type":"tag","target":"history","value":"education:overseas_grad"},{"type":"add","target":"agency","value":1},{"type":"transition","target":"education","value":"college","status":"completed"},{"type":"set","target":"education.highestCompleted","value":"undergraduate"},{"type":"set","target":"education.nextStage","value":"postgraduateApplication"},{"type":"set","target":"education.graduateApplicationIntent","value":"us"},{"type":"set","target":"employment.entryCredential","value":"bachelor"},{"type":"set","target":"employment.applicationRegion","value":"overseas"},{"type":"set","target":"activity.mode","value":"study"}]	echo_019@4—6年：学位拿到了。留在美国、回国还是继续读，都得你自己再选一次。；项目收藏夹又长起来了。这次你先看钱，再看名字。；效果 [{"type":"add","target":"pressures.career","value":4},{"type":"tag","target":"history","value":"echo:education"}]	无	无	三代理混排复核完成；已发现项已修正
decision_020	decision_020_choice_1	decision	education	年龄 21—31；人物 []；门槛 {"all":[{"path":"education.status","op":"eq","value":"enrolled"},{"path":"education.undergraduateSystem","op":"eq","value":"europe"},{"path":"education.nextStage","op":"eq","value":"undergraduate"}],"any":[],"none":[]}	第一年，先顾哪一头？	先把学分和考试报名盯住 → 你一边选课，一边把考试注册也点完了。确认邮件不放心，还下载了一份。	[{"type":"tag","target":"history","value":"education:planned"},{"type":"add","target":"agency","value":4},{"type":"add","target":"education.courseworkEvidence","value":8},{"type":"add","target":"mobility.hostLanguage","value":1},{"type":"add","target":"mobility.dailyAdaptation","value":3}]	echo_020@1—3年：三个页面都还在。你至少知道漏掉哪一个会出事。；这学期结束时，没有哪门课因为“没报名考试”白上。；效果 [{"type":"add","target":"agency","value":1},{"type":"tag","target":"history","value":"echo:education"}]	learning/resultVariant；准备“先把学分和考试报名盯住”时，这次多做了一层准备：把陌生的部分拆成眼前能学的一步。；回头看这一步，新学会的那一步当场用上了。 你这次走的是“先把学分和考试报名盯住”。	无	三代理混排复核完成；已发现项已修正
decision_020	decision_020_choice_2	decision	education	年龄 21—31；人物 []；门槛 {"all":[{"path":"education.status","op":"eq","value":"enrolled"},{"path":"education.undergraduateSystem","op":"eq","value":"europe"},{"path":"education.nextStage","op":"eq","value":"undergraduate"}],"any":[],"none":[]}	第一年，先顾哪一头？	再学一点当地语言 → 课外时间少了一块。去窗口、约事情、和小组闲聊时，你开始不用每句话都先塞进翻译软件。	[{"type":"tag","target":"history","value":"education:host_language"},{"type":"add","target":"agency","value":3},{"type":"add","target":"education.courseworkEvidence","value":5},{"type":"add","target":"mobility.hostLanguage","value":8},{"type":"add","target":"mobility.dailyAdaptation","value":4}]	echo_020@2—4年：三个页面都还在。你至少知道漏掉哪一个会出事。；你离“什么都听懂”还远，日常却没那么处处求人了。；效果 [{"type":"add","target":"capabilities.resilience","value":1},{"type":"tag","target":"history","value":"echo:education"}]	无	无	三代理混排复核完成；已发现项已修正
decision_020	decision_020_choice_3	decision	education	年龄 21—31；人物 []；门槛 {"all":[{"path":"education.status","op":"eq","value":"enrolled"},{"path":"education.undergraduateSystem","op":"eq","value":"europe"},{"path":"education.nextStage","op":"eq","value":"undergraduate"}],"any":[],"none":[]}	第一年，先顾哪一头？	先顾好授课语言，别的碰到再问 → 课堂还能跟上。行政邮件和生活里的新问题，每来一个，你就找人问一个。	[{"type":"tag","target":"history","value":"education:english_only"},{"type":"add","target":"agency","value":2},{"type":"add","target":"education.courseworkEvidence","value":4},{"type":"add","target":"mobility.hostLanguage","value":0},{"type":"add","target":"mobility.dailyAdaptation","value":0}]	echo_020@3—5年：三个页面都还在。你至少知道漏掉哪一个会出事。；学业没耽误。生活里那套规则，还是边撞边学。；效果 [{"type":"add","target":"pressures.career","value":4},{"type":"tag","target":"history","value":"echo:education"}]	无	无	三代理混排复核完成；已发现项已修正
decision_021	decision_021_choice_1	decision	education	年龄 21—32；人物 []；门槛 {"all":[{"path":"education.status","op":"eq","value":"enrolled"},{"path":"education.undergraduateSystem","op":"eq","value":"europe"},{"path":"education.nextStage","op":"eq","value":"undergraduate"}],"any":[],"none":[]}	这个项目，你准备怎么找人、怎么做？	别等“有空”，直接约个时间 → 你把时间和要谈的事一起发出去。日历邀请终于来了，会上也没人再问“所以我们今天要干什么”。	[{"type":"tag","target":"history","value":"education:scheduled"},{"type":"add","target":"agency","value":4},{"type":"add","target":"education.practiceEvidence","value":4},{"type":"add","target":"mobility.localTies","value":3}]	echo_021@1—3年：大家未必成了朋友，活倒是按时交了。；项目往前走了。后来也真有几次不是为了交作业才见面。；效果 [{"type":"add","target":"agency","value":1},{"type":"tag","target":"history","value":"echo:education"}]	negotiation/resultVariant；准备“别等“有空”，直接约个时间”时，眼前仍要你自己选；牌能帮的，是把期限、钱和各自要做的事摊开谈。；约好时间仍要你自己赴约；说出口的条件有了能核对的落点。 你这次走的是“别等“有空”，直接约个时间”。	无	三代理混排复核完成；已发现项已修正
decision_021	decision_021_choice_2	decision	education	年龄 21—32；人物 []；门槛 {"all":[{"path":"education.status","op":"eq","value":"enrolled"},{"path":"education.undergraduateSystem","op":"eq","value":"europe"},{"path":"education.nextStage","op":"eq","value":"undergraduate"}],"any":[],"none":[]}	这个项目，你准备怎么找人、怎么做？	和本地、国际学生混着组队 → 有人说得快，有人写得慢，分工最后还是按谁能做什么来。	[{"type":"tag","target":"history","value":"education:mixed_team"},{"type":"add","target":"agency","value":3},{"type":"add","target":"education.practiceEvidence","value":6},{"type":"add","target":"mobility.localTies","value":5}]	echo_021@2—4年：大家未必成了朋友，活倒是按时交了。；作业交上去了。你的联系人也没全留在一个圈里。；效果 [{"type":"add","target":"capabilities.resilience","value":1},{"type":"tag","target":"history","value":"echo:education"}]	无	无	三代理混排复核完成；已发现项已修正
decision_021	decision_021_choice_3	decision	education	年龄 21—32；人物 []；门槛 {"all":[{"path":"education.status","op":"eq","value":"enrolled"},{"path":"education.undergraduateSystem","op":"eq","value":"europe"},{"path":"education.nextStage","op":"eq","value":"undergraduate"}],"any":[],"none":[]}	这个项目，你准备怎么找人、怎么做？	去申请学校或企业的项目 → 条件对得上的那一个回了消息。保险和手续办完，你才去开始。	[{"type":"tag","target":"history","value":"education:authorized_practice"},{"type":"add","target":"agency","value":2},{"type":"add","target":"education.practiceEvidence","value":8},{"type":"add","target":"mobility.localTies","value":3}]	echo_021@3—5年：大家未必成了朋友，活倒是按时交了。；项目做完以后，简历上写的是你真做过的事，不是一次参观。；效果 [{"type":"add","target":"pressures.career","value":4},{"type":"tag","target":"history","value":"echo:education"}]	无	职业资产	三代理混排复核完成；已发现项已修正
decision_022	decision_022_choice_1	decision	education	年龄 22—33；人物 []；门槛 {"all":[{"path":"education.status","op":"eq","value":"enrolled"},{"path":"education.undergraduateSystem","op":"eq","value":"europe"},{"path":"education.nextStage","op":"eq","value":"undergraduate"}],"any":[],"none":[]}	本科读完了。接下来往哪儿走？	留在欧洲找工作 → 你先筛语言、资格和能否入职。有些岗位写着英语即可，翻到后面的客户沟通又换了一种说法。	[{"type":"tag","target":"history","value":"education:europe_job"},{"type":"add","target":"agency","value":4},{"type":"transition","target":"education","value":"college","status":"completed"},{"type":"set","target":"education.highestCompleted","value":"undergraduate"},{"type":"set","target":"education.nextStage","value":"firstJob"},{"type":"set","target":"education.graduateApplicationIntent","value":"none"},{"type":"set","target":"employment.entryCredential","value":"bachelor"},{"type":"set","target":"employment.applicationRegion","value":"europe"},{"type":"set","target":"activity.mode","value":"seeking"}]	echo_022@1—3年：学位审核过了。下一张表，要填的是工作还是继续读书。；第一批申请发出去了。写着“英语即可”的职位，收藏夹里少了一半。；效果 [{"type":"add","target":"agency","value":1},{"type":"tag","target":"history","value":"echo:education"}]	riskSense/riskShift；准备“留在欧洲找工作”时，你没有急着选，先找出最容易留下后患的那一步。；多出来的差别很具体：最容易出问题的地方提前被看见了。 你这次走的是“留在欧洲找工作”。	无	三代理混排复核完成；已发现项已修正
decision_022	decision_022_choice_2	decision	education	年龄 22—33；人物 []；门槛 {"all":[{"path":"education.status","op":"eq","value":"enrolled"},{"path":"education.undergraduateSystem","op":"eq","value":"europe"},{"path":"education.nextStage","op":"eq","value":"undergraduate"}],"any":[],"none":[]}	本科读完了。接下来往哪儿走？	回国找工作 → 学历材料开始办，国内招聘网站也重新打开。项目做过什么，还是得一条条写。	[{"type":"tag","target":"history","value":"education:return_job"},{"type":"add","target":"agency","value":3},{"type":"transition","target":"education","value":"college","status":"completed"},{"type":"set","target":"education.highestCompleted","value":"undergraduate"},{"type":"set","target":"education.nextStage","value":"firstJob"},{"type":"set","target":"education.graduateApplicationIntent","value":"none"},{"type":"set","target":"employment.entryCredential","value":"bachelor"},{"type":"set","target":"employment.applicationRegion","value":"domestic"},{"type":"set","target":"activity.mode","value":"seeking"}]	echo_022@2—4年：学位审核过了。下一张表，要填的是工作还是继续读书。；国内网申没问你适应得怎么样。先问什么时候能到岗。；效果 [{"type":"add","target":"capabilities.resilience","value":1},{"type":"tag","target":"history","value":"echo:education"}]	无	无	三代理混排复核完成；已发现项已修正
decision_022	decision_022_choice_3	decision	education	年龄 22—33；人物 []；门槛 {"all":[{"path":"education.status","op":"eq","value":"enrolled"},{"path":"education.undergraduateSystem","op":"eq","value":"europe"},{"path":"education.nextStage","op":"eq","value":"undergraduate"}],"any":[],"none":[]}	本科读完了。接下来往哪儿走？	回国读研 → 课程说明、成绩和学历材料一起准备，申请节奏也换回国内。	[{"type":"tag","target":"history","value":"education:domestic_grad"},{"type":"add","target":"agency","value":2},{"type":"transition","target":"education","value":"college","status":"completed"},{"type":"set","target":"education.highestCompleted","value":"undergraduate"},{"type":"set","target":"education.nextStage","value":"postgraduateApplication"},{"type":"set","target":"education.graduateApplicationIntent","value":"domestic"},{"type":"set","target":"employment.entryCredential","value":"bachelor"},{"type":"set","target":"employment.applicationRegion","value":"domestic"},{"type":"set","target":"activity.mode","value":"study"}]	echo_022@3—5年：学位审核过了。下一张表，要填的是工作还是继续读书。；国内报名日排好了。毕业文件还在路上。；效果 [{"type":"add","target":"pressures.career","value":4},{"type":"tag","target":"history","value":"echo:education"}]	无	无	三代理混排复核完成；已发现项已修正
decision_022	decision_022_choice_4	decision	education	年龄 22—33；人物 []；门槛 {"all":[{"path":"education.status","op":"eq","value":"enrolled"},{"path":"education.undergraduateSystem","op":"eq","value":"europe"},{"path":"education.nextStage","op":"eq","value":"undergraduate"}],"any":[],"none":[]}	本科读完了。接下来往哪儿走？	继续申请美国或欧洲研究生 → 你又看了一轮项目、资助、语言和毕业后的去处。已经搬过一次，不等于这次会更容易。	[{"type":"tag","target":"history","value":"education:overseas_grad"},{"type":"add","target":"agency","value":1},{"type":"transition","target":"education","value":"college","status":"completed"},{"type":"set","target":"education.highestCompleted","value":"undergraduate"},{"type":"set","target":"education.nextStage","value":"postgraduateApplication"},{"type":"set","target":"education.graduateApplicationIntent","value":"europe"},{"type":"set","target":"employment.entryCredential","value":"bachelor"},{"type":"set","target":"employment.applicationRegion","value":"overseas"},{"type":"set","target":"activity.mode","value":"study"}]	echo_022@4—6年：学位审核过了。下一张表，要填的是工作还是继续读书。；比较表又开了一张。上次踩过的坑，这次先圈出来。；效果 [{"type":"add","target":"pressures.career","value":4},{"type":"tag","target":"history","value":"echo:education"}]	无	无	三代理混排复核完成；已发现项已修正
decision_023	decision_023_choice_1	decision	education	年龄 19—27；人物 []；门槛 {"all":[{"path":"education.status","op":"eq","value":"enrolled"},{"path":"education.level","op":"eq","value":4}],"any":[{"path":"pressures.career","op":"gte","value":8},{"path":"pressures.body","op":"gte","value":8},{"path":"pressures.family","op":"gte","value":12}],"none":[]}	你准备怎么办？	先申请转专业 → 你问了名额、先修课和能认多少学分。听到可能要多读一阵时，你还是把申请交了。	[{"type":"tag","target":"history","value":"education:major_application"},{"type":"add","target":"agency","value":4},{"type":"set","target":"education.changeIntent","value":"major"},{"type":"add","target":"education.courseworkEvidence","value":1},{"type":"add","target":"pressures.career","value":2}]	echo_023@1—3年：这次你没有只在心里说“不想读了”。学校那边也收到了一份正式申请。；结果出来以前，你还得照常去上原来的课。；效果 [{"type":"add","target":"agency","value":1},{"type":"tag","target":"history","value":"echo:education"}]	learning/resultVariant；准备“先申请转专业”时，“先申请转专业”要真的走得通，得先把陌生的部分拆成眼前能学的一步。；“先申请转专业”照样有代价，不过新学会的那一步当场用上了。 你这次走的是“先申请转专业”。	无	三代理混排复核完成；已发现项已修正
decision_023	decision_023_choice_2	decision	education	年龄 19—27；人物 []；门槛 {"all":[{"path":"education.status","op":"eq","value":"enrolled"},{"path":"education.level","op":"eq","value":4}],"any":[{"path":"pressures.career","op":"gte","value":8},{"path":"pressures.body","op":"gte","value":8},{"path":"pressures.family","op":"gte","value":12}],"none":[]}	你准备怎么办？	先休学，我真的读不动了 → 材料交上去，成绩和能保留多久也问清楚了。离校前，还有一堆费用和手续等着办。	[{"type":"tag","target":"history","value":"education:leave"},{"type":"add","target":"agency","value":3},{"type":"set","target":"education.changeIntent","value":"leave"},{"type":"add","target":"education.courseworkEvidence","value":0},{"type":"add","target":"pressures.career","value":-3},{"type":"set","target":"education.status","value":"interrupted"},{"type":"set","target":"activity.mode","value":"flexible"}]	echo_023@2—4年：这次你没有只在心里说“不想读了”。学校那边也收到了一份正式申请。；你暂时停了下来。什么时候能回来，不再只靠一句“以后再说”。；效果 [{"type":"add","target":"capabilities.resilience","value":1},{"type":"tag","target":"history","value":"echo:education"}]	无	无	三代理混排复核完成；已发现项已修正
decision_023	decision_023_choice_3	decision	education	年龄 19—27；人物 []；门槛 {"all":[{"path":"education.status","op":"eq","value":"enrolled"},{"path":"education.level","op":"eq","value":4}],"any":[{"path":"pressures.career","op":"gte","value":8},{"path":"pressures.body","op":"gte","value":8},{"path":"pressures.family","op":"gte","value":12}],"none":[]}	你准备怎么办？	申请转学，换个学校试试 → 转出和转入两边各问一次，得到的答案还不完全一样。你把课程说明和成绩单重新装了一遍。	[{"type":"tag","target":"history","value":"education:school_transfer"},{"type":"add","target":"agency","value":2},{"type":"set","target":"education.changeIntent","value":"transfer"},{"type":"add","target":"education.courseworkEvidence","value":1},{"type":"add","target":"pressures.career","value":3}]	echo_023@3—5年：这次你没有只在心里说“不想读了”。学校那边也收到了一份正式申请。；转学申请发出去了。学分能带走多少，要等对方认。；效果 [{"type":"add","target":"pressures.career","value":4},{"type":"tag","target":"history","value":"echo:education"}]	无	无	三代理混排复核完成；已发现项已修正
decision_023	decision_023_choice_4	decision	education	年龄 19—27；人物 []；门槛 {"all":[{"path":"education.status","op":"eq","value":"enrolled"},{"path":"education.level","op":"eq","value":4}],"any":[{"path":"pressures.career","op":"gte","value":8},{"path":"pressures.body","op":"gte","value":8},{"path":"pressures.family","op":"gte","value":12}],"none":[]}	你准备怎么办？	不读了，办退学 → 你去办退学，拿了成绩单，也结清能结的费用。手续比你想的长，最后还是走完了。	[{"type":"tag","target":"history","value":"education:withdrawn"},{"type":"add","target":"agency","value":1},{"type":"set","target":"education.changeIntent","value":"withdraw"},{"type":"add","target":"education.courseworkEvidence","value":0},{"type":"add","target":"pressures.career","value":1},{"type":"set","target":"education.status","value":"interrupted"},{"type":"set","target":"education.highestCompleted","value":"secondary"},{"type":"set","target":"education.nextStage","value":"firstJob"},{"type":"set","target":"employment.entryCredential","value":"undergraduateIncomplete"},{"type":"set","target":"activity.mode","value":"seeking"}]	echo_023@4—6年：这次你没有只在心里说“不想读了”。学校那边也收到了一份正式申请。；这段本科到这里结束。以后填表时，你不会再写自己仍然在读。；效果 [{"type":"add","target":"pressures.career","value":4},{"type":"tag","target":"history","value":"echo:education"}]	无	无	三代理混排复核完成；已发现项已修正
decision_024	decision_024_choice_1	decision	education	年龄 20—28；人物 []；门槛 {"all":[{"path":"education.changeIntent","op":"in","value":["major","leave","transfer"]},{"path":"education.status","op":"in","value":["enrolled","interrupted"]},{"path":"education.nextStage","op":"eq","value":"undergraduate"}],"any":[],"none":[]}	这次变化，最后去了哪儿？	转成了。缺的课我补 → 能认的学分都认了，剩下的排进新培养方案。多读多久，系统写得清清楚楚。	[{"type":"tag","target":"history","value":"education:changed_major"},{"type":"add","target":"agency","value":4},{"type":"set","target":"education.status","value":"enrolled"},{"type":"set","target":"activity.mode","value":"study"},{"type":"add","target":"education.courseworkEvidence","value":3},{"type":"set","target":"education.changeResult","value":"changedMajor"}]	echo_024@1—3年：名单和回函都出来了。你接下来的课表，终于不用再靠猜。；你换了专业，继续读本科。；效果 [{"type":"add","target":"agency","value":1},{"type":"tag","target":"history","value":"echo:education"}]	resilience/riskShift；准备“转成了。缺的课我补”时，这次多了一步准备：先给最坏的结果留一条还能继续的路。；结果仍不确定；这一下没有堵死后面的路。 你这次走的是“转成了。缺的课我补”。	无	三代理混排复核完成；已发现项已修正
decision_024	decision_024_choice_2	decision	education	年龄 20—28；人物 []；门槛 {"all":[{"path":"education.changeIntent","op":"in","value":["major","leave","transfer"]},{"path":"education.status","op":"in","value":["enrolled","interrupted"]},{"path":"education.nextStage","op":"eq","value":"undergraduate"}],"any":[],"none":[]}	这次变化，最后去了哪儿？	回去复学 → 复学申请过了，课程也重新接上。第一天回去时，有人问你“这学期才回来啊”，你嗯了一声。	[{"type":"tag","target":"history","value":"education:resumed"},{"type":"add","target":"agency","value":3},{"type":"set","target":"education.status","value":"enrolled"},{"type":"set","target":"activity.mode","value":"study"},{"type":"add","target":"education.courseworkEvidence","value":2},{"type":"set","target":"education.changeResult","value":"resumed"}]	echo_024@2—4年：名单和回函都出来了。你接下来的课表，终于不用再靠猜。；你重新成为在读学生。休学那段时间也没有从记录里消失。；效果 [{"type":"add","target":"capabilities.resilience","value":1},{"type":"tag","target":"history","value":"echo:education"}]	无	无	三代理混排复核完成；已发现项已修正
decision_024	decision_024_choice_3	decision	education	年龄 20—28；人物 []；门槛 {"all":[{"path":"education.changeIntent","op":"in","value":["major","leave","transfer"]},{"path":"education.status","op":"in","value":["enrolled","interrupted"]},{"path":"education.nextStage","op":"eq","value":"undergraduate"}],"any":[],"none":[]}	这次变化，最后去了哪儿？	转学办成了，去新学校 → 两边的手续终于都结束，课程认定结果也拿到了。认下来的课进了新系统，没认的还得重修。	[{"type":"tag","target":"history","value":"education:transferred"},{"type":"add","target":"agency","value":2},{"type":"set","target":"education.status","value":"enrolled"},{"type":"set","target":"activity.mode","value":"study"},{"type":"add","target":"education.courseworkEvidence","value":2},{"type":"set","target":"education.changeResult","value":"transferred"}]	echo_024@3—5年：名单和回函都出来了。你接下来的课表，终于不用再靠猜。；学校换了，你的本科还在继续。；效果 [{"type":"add","target":"pressures.career","value":4},{"type":"tag","target":"history","value":"echo:education"}]	无	无	三代理混排复核完成；已发现项已修正
decision_024	decision_024_choice_4	decision	education	年龄 20—28；人物 []；门槛 {"all":[{"path":"education.changeIntent","op":"in","value":["major","leave","transfer"]},{"path":"education.status","op":"in","value":["enrolled","interrupted"]},{"path":"education.nextStage","op":"eq","value":"undergraduate"}],"any":[],"none":[]}	这次变化，最后去了哪儿？	还是不读了，去找工作 → 成绩单和做过的项目留下来，学位那一栏只能照实写。	[{"type":"tag","target":"history","value":"education:work_exit"},{"type":"add","target":"agency","value":1},{"type":"set","target":"education.status","value":"interrupted"},{"type":"set","target":"education.highestCompleted","value":"secondary"},{"type":"set","target":"education.nextStage","value":"firstJob"},{"type":"set","target":"employment.entryCredential","value":"undergraduateIncomplete"},{"type":"set","target":"activity.mode","value":"seeking"},{"type":"set","target":"education.changeResult","value":"workExit"}]	echo_024@4—6年：名单和回函都出来了。你接下来的课表，终于不用再靠猜。；你以本科未完成的身份开始找第一份工作。；效果 [{"type":"add","target":"pressures.career","value":4},{"type":"tag","target":"history","value":"echo:education"}]	无	无	三代理混排复核完成；已发现项已修正
decision_025	decision_025_choice_1	decision	education	年龄 19—26；人物 []；门槛 {"all":[{"path":"education.status","op":"eq","value":"enrolled"},{"path":"education.undergraduateSystem","op":"in","value":["us","europe"]}],"any":[],"none":[]}	这些日常，你先从哪儿摸起？	不懂就问，先把眼前的规则弄明白 → 你把账单、垃圾分类和安静时间挨个问了。能接受的照着来，不习惯的也直说。	[{"type":"tag","target":"history","value":"education:selective_adaptation"},{"type":"add","target":"agency","value":4},{"type":"add","target":"mobility.dailyAdaptation","value":8},{"type":"add","target":"mobility.chineseCommunityTies","value":1},{"type":"add","target":"mobility.localTies","value":2}]	echo_025@1—3年：日子还是会出岔子，好在你不再每次都从搜索框第一页开始。；后来再碰到新规矩，你至少敢在做错之前开口。；效果 [{"type":"add","target":"agency","value":1},{"type":"tag","target":"history","value":"echo:education"}]	learning/resultVariant；准备“不懂就问，先把眼前的规则弄明白”时，动手以前，你决定把陌生的部分拆成眼前能学的一步，再看要不要“不懂就问，先把眼前的规则弄明白”。；结果落定时，新学会的那一步当场用上了。 你这次走的是“不懂就问，先把眼前的规则弄明白”。	无	三代理混排复核完成；已发现项已修正
decision_025	decision_025_choice_2	decision	education	年龄 19—26；人物 []；门槛 {"all":[{"path":"education.status","op":"eq","value":"enrolled"},{"path":"education.undergraduateSystem","op":"in","value":["us","europe"]}],"any":[],"none":[]}	这些日常，你先从哪儿摸起？	先去华人群里问问 → 群里有人发了办事清单，也有人提醒哪条经验早就过期。你照着少跑了几趟冤枉路。	[{"type":"tag","target":"history","value":"education:chinese_bridge"},{"type":"add","target":"agency","value":3},{"type":"add","target":"mobility.dailyAdaptation","value":6},{"type":"add","target":"mobility.chineseCommunityTies","value":8},{"type":"add","target":"mobility.localTies","value":1}]	echo_025@2—4年：日子还是会出岔子，好在你不再每次都从搜索框第一页开始。；熟悉的中文先帮你站稳。等新人来问时，你也回了几句。；效果 [{"type":"add","target":"capabilities.resilience","value":1},{"type":"tag","target":"history","value":"echo:education"}]	无	无	三代理混排复核完成；已发现项已修正
decision_025	decision_025_choice_3	decision	education	年龄 19—26；人物 []；门槛 {"all":[{"path":"education.status","op":"eq","value":"enrolled"},{"path":"education.undergraduateSystem","op":"in","value":["us","europe"]}],"any":[],"none":[]}	这些日常，你先从哪儿摸起？	去找学校和国际学生服务 → 你带着没看懂的通知去问。旁边还有别的国际学生，手里也攥着一封自己看不明白的信。	[{"type":"tag","target":"history","value":"education:international_support"},{"type":"add","target":"agency","value":2},{"type":"add","target":"mobility.dailyAdaptation","value":6},{"type":"add","target":"mobility.chineseCommunityTies","value":2},{"type":"add","target":"mobility.localTies","value":5}]	echo_025@3—5年：日子还是会出岔子，好在你不再每次都从搜索框第一页开始。；你开始知道不同问题该敲哪扇门。；效果 [{"type":"add","target":"pressures.career","value":4},{"type":"tag","target":"history","value":"echo:education"}]	无	无	三代理混排复核完成；已发现项已修正
decision_026	decision_026_choice_1	decision	education	年龄 20—27；人物 []；门槛 {"all":[{"path":"education.status","op":"eq","value":"enrolled"},{"path":"education.undergraduateSystem","op":"in","value":["us","europe"]}],"any":[],"none":[]}	你还想去认识谁？	华人群里坐坐，也约个新认识的人 → 说中文的饭桌不用解释太多。你也挑了一次真有日期的活动，问新认识的人要不要一起。	[{"type":"tag","target":"history","value":"education:dual_network"},{"type":"add","target":"agency","value":4},{"type":"add","target":"mobility.chineseCommunityTies","value":5},{"type":"add","target":"mobility.localTies","value":5},{"type":"add","target":"mobility.belonging","value":5},{"type":"add","target":"health.mental","value":1}]	echo_026@1—3年：你没有因为认识了新人就退出原来的群，也没把交朋友做成每周任务。；后来再有人说“有空约”，你手里已经有几个真的日期。；效果 [{"type":"add","target":"agency","value":1},{"type":"tag","target":"history","value":"echo:education"}]	network/resultVariant；准备“华人群里坐坐，也约个新认识的人”时，这次多做了一层准备：问一个确实了解情况的人。；回头看这一步，可靠的消息补上了原来够不着的一角。 你这次走的是“华人群里坐坐，也约个新认识的人”。	无	三代理混排复核完成；已发现项已修正
decision_026	decision_026_choice_2	decision	education	年龄 20—27；人物 []；门槛 {"all":[{"path":"education.status","op":"eq","value":"enrolled"},{"path":"education.undergraduateSystem","op":"in","value":["us","europe"]}],"any":[],"none":[]}	你还想去认识谁？	去本地社团或志愿活动试试 → 纯聊天总容易卡住，手上有件事反而好办。几次活动以后，签到表上的名字开始有了脸。	[{"type":"tag","target":"history","value":"education:local_activity"},{"type":"add","target":"agency","value":3},{"type":"add","target":"mobility.chineseCommunityTies","value":1},{"type":"add","target":"mobility.localTies","value":8},{"type":"add","target":"mobility.belonging","value":6},{"type":"add","target":"health.mental","value":1}]	echo_026@2—4年：你没有因为认识了新人就退出原来的群，也没把交朋友做成每周任务。；你还谈不上成了“自己人”，但下次去时不用从自我介绍开始。；效果 [{"type":"add","target":"capabilities.resilience","value":1},{"type":"tag","target":"history","value":"echo:education"}]	无	无	三代理混排复核完成；已发现项已修正
decision_026	decision_026_choice_3	decision	education	年龄 20—27；人物 []；门槛 {"all":[{"path":"education.status","op":"eq","value":"enrolled"},{"path":"education.undergraduateSystem","op":"in","value":["us","europe"]}],"any":[],"none":[]}	你还想去认识谁？	多和国际学生来往 → 大家说话都带着各自的口音，聊签证、家里的吃法，也聊谁又错过了一趟车。	[{"type":"tag","target":"history","value":"education:international_network"},{"type":"add","target":"agency","value":2},{"type":"add","target":"mobility.chineseCommunityTies","value":2},{"type":"add","target":"mobility.localTies","value":6},{"type":"add","target":"mobility.belonging","value":6},{"type":"add","target":"health.mental","value":1}]	echo_026@3—5年：你没有因为认识了新人就退出原来的群，也没把交朋友做成每周任务。；你认识的人来自更多地方，没人要求你先装得像本地人。；效果 [{"type":"add","target":"pressures.career","value":4},{"type":"tag","target":"history","value":"echo:education"}]	无	无	三代理混排复核完成；已发现项已修正
decision_026	decision_026_choice_4	decision	education	年龄 20—27；人物 []；门槛 {"all":[{"path":"education.status","op":"eq","value":"enrolled"},{"path":"education.undergraduateSystem","op":"in","value":["us","europe"]}],"any":[],"none":[]}	你还想去认识谁？	最近不想社交了 → 你推掉几次聚会。有人追问为什么不喝酒，你懒得解释，只说今天不去。	[{"type":"tag","target":"history","value":"education:rest"},{"type":"add","target":"agency","value":1},{"type":"add","target":"mobility.chineseCommunityTies","value":0},{"type":"add","target":"mobility.localTies","value":0},{"type":"add","target":"mobility.belonging","value":1},{"type":"add","target":"health.mental","value":3}]	echo_026@4—6年：你没有因为认识了新人就退出原来的群，也没把交朋友做成每周任务。；圈子没变大。课程和睡眠也没再继续往下掉。；效果 [{"type":"add","target":"pressures.career","value":4},{"type":"tag","target":"history","value":"echo:education"}]	无	健康照护	三代理混排复核完成；已发现项已修正
decision_027	decision_027_choice_1	decision	education	年龄 21—28；人物 []；门槛 {"all":[{"path":"education.status","op":"eq","value":"enrolled"},{"path":"education.undergraduateSystem","op":"in","value":["us","europe"]}],"any":[],"none":[]}	被这样说的时候，你怎么办？	当场纠正对方 → 你又念了一遍自己的名字，然后说：“我只能回答我自己的，代表不了所有中国人。”	[{"type":"tag","target":"history","value":"education:boundary"},{"type":"add","target":"agency","value":4},{"type":"add","target":"mobility.discriminationLoad","value":2},{"type":"add","target":"mobility.belonging","value":2},{"type":"add","target":"capabilities.boundary","value":4},{"type":"add","target":"health.mental","value":0},{"type":"add","target":"mobility.localTies","value":0},{"type":"add","target":"mobility.chineseCommunityTies","value":0}]	echo_027@1—3年：这件事后来留下的，不是“你还不够会融入”。；气氛冷了一下。至少在场的人知道你听见了，也不接受。；效果 [{"type":"add","target":"agency","value":1},{"type":"tag","target":"history","value":"echo:education"}]	boundary/resultVariant；准备“当场纠正对方”时，眼前仍要你自己选；牌能帮的，是把愿意承担和不能接受的部分分别说清。；这次仍要由你承担后果；你的界线没有在点头时一起让出去。 你这次走的是“当场纠正对方”。	无	三代理混排复核完成；已发现项已修正
decision_027	decision_027_choice_2	decision	education	年龄 21—28；人物 []；门槛 {"all":[{"path":"education.status","op":"eq","value":"enrolled"},{"path":"education.undergraduateSystem","op":"in","value":["us","europe"]}],"any":[],"none":[]}	被这样说的时候，你怎么办？	把原话记下来，去找学校的人 → 你记下时间、原话和谁在场，去问老师或支持服务。对方先问你想正式投诉，还是先换个安排。	[{"type":"tag","target":"history","value":"education:documented"},{"type":"add","target":"agency","value":3},{"type":"add","target":"mobility.discriminationLoad","value":1},{"type":"add","target":"mobility.belonging","value":3},{"type":"add","target":"capabilities.boundary","value":2},{"type":"add","target":"health.mental","value":1},{"type":"add","target":"mobility.localTies","value":2},{"type":"add","target":"mobility.chineseCommunityTies","value":1}]	echo_027@2—4年：这件事后来留下的，不是“你还不够会融入”。；这次不是只剩你回去以后越想越气。；效果 [{"type":"add","target":"capabilities.resilience","value":1},{"type":"tag","target":"history","value":"echo:education"}]	无	无	三代理混排复核完成；已发现项已修正
decision_027	decision_027_choice_3	decision	education	年龄 21—28；人物 []；门槛 {"all":[{"path":"education.status","op":"eq","value":"enrolled"},{"path":"education.undergraduateSystem","op":"in","value":["us","europe"]}],"any":[],"none":[]}	被这样说的时候，你怎么办？	找认识的人一起想办法 → 你把事情讲给同学和社区里信得过的人听。有人帮你确认不是自己太敏感，也有人说下次愿意在场。	[{"type":"tag","target":"history","value":"education:allies"},{"type":"add","target":"agency","value":2},{"type":"add","target":"mobility.discriminationLoad","value":1},{"type":"add","target":"mobility.belonging","value":4},{"type":"add","target":"capabilities.boundary","value":2},{"type":"add","target":"health.mental","value":2},{"type":"add","target":"mobility.localTies","value":3},{"type":"add","target":"mobility.chineseCommunityTies","value":3}]	echo_027@3—5年：这件事后来留下的，不是“你还不够会融入”。；后来再碰面时，你不是一个人接那句话。；效果 [{"type":"add","target":"pressures.career","value":4},{"type":"tag","target":"history","value":"echo:education"}]	无	无	三代理混排复核完成；已发现项已修正
decision_027	decision_027_choice_4	decision	education	年龄 21—28；人物 []；门槛 {"all":[{"path":"education.status","op":"eq","value":"enrolled"},{"path":"education.undergraduateSystem","op":"in","value":["us","europe"]}],"any":[],"none":[]}	被这样说的时候，你怎么办？	我不想陪着耗，先离开 → 你没留下来给所有人上一堂课。能换组就换组，不能就先离开，让自己把这一天过完。	[{"type":"tag","target":"history","value":"education:energy_preserved"},{"type":"add","target":"agency","value":1},{"type":"add","target":"mobility.discriminationLoad","value":3},{"type":"add","target":"mobility.belonging","value":0},{"type":"add","target":"capabilities.boundary","value":3},{"type":"add","target":"health.mental","value":1},{"type":"add","target":"mobility.localTies","value":0},{"type":"add","target":"mobility.chineseCommunityTies","value":0}]	echo_027@4—6年：这件事后来留下的，不是“你还不够会融入”。；对方没有因此变得更对。你只是没把剩下的力气也交出去。；效果 [{"type":"add","target":"pressures.career","value":4},{"type":"tag","target":"history","value":"echo:education"}]	无	无	三代理混排复核完成；已发现项已修正
decision_028	decision_028_choice_1	decision	education	年龄 21—33；人物 []；门槛 {"all":[{"path":"education.level","op":"eq","value":4},{"path":"education.status","op":"in","value":["enrolled","completed"]}],"any":[{"path":"education.nextStage","op":"eq","value":"postgraduateApplication"},{"path":"education.graduateApplicationIntent","op":"in","value":["domestic","us","europe"]}],"none":[]}	接下来，你想往哪边试？	在国内读研 → 报名、考试、复试和调剂都得赶时间。你先把日历翻到报名那个月。	[{"type":"tag","target":"history","value":"education:domestic"},{"type":"add","target":"agency","value":4},{"type":"set","target":"education.graduateApplicationIntent","value":"domestic"},{"type":"set","target":"education.graduateApplicationStatus","value":"planning"},{"type":"set","target":"education.nextStage","value":"postgraduateApplication"},{"type":"set","target":"employment.entryCredential","value":"bachelor"},{"type":"set","target":"activity.mode","value":"study"}]	echo_028@1—3年：你先挑了一条。日历空出来一点，焦虑没有。；复习资料下单了。群里已经有人问一天背多少页。；效果 [{"type":"add","target":"agency","value":1},{"type":"tag","target":"history","value":"echo:education"}]	evidence/resultVariant；准备“在国内读研”时，你没有急着选，先把日期、凭据和能复核的细节放在手边。；多出来的差别很具体：该留下的凭据没有缺席。 你这次走的是“在国内读研”。	无	三代理混排复核完成；已发现项已修正
decision_028	decision_028_choice_2	decision	education	年龄 21—33；人物 []；门槛 {"all":[{"path":"education.level","op":"eq","value":4},{"path":"education.status","op":"in","value":["enrolled","completed"]}],"any":[{"path":"education.nextStage","op":"eq","value":"postgraduateApplication"},{"path":"education.graduateApplicationIntent","op":"in","value":["domestic","us","europe"]}],"none":[]}	接下来，你想往哪边试？	去美国读研 → 项目要求、推荐、资助和毕业后的路都要看。收藏夹很快长了一排，学费那栏也一样。	[{"type":"tag","target":"history","value":"education:us"},{"type":"add","target":"agency","value":3},{"type":"set","target":"education.graduateApplicationIntent","value":"us"},{"type":"set","target":"education.graduateApplicationStatus","value":"planning"},{"type":"set","target":"education.nextStage","value":"postgraduateApplication"},{"type":"set","target":"employment.entryCredential","value":"bachelor"},{"type":"set","target":"activity.mode","value":"study"}]	echo_028@2—4年：你先挑了一条。日历空出来一点，焦虑没有。；推荐信还没开口，第一批截止日先到了眼前。；效果 [{"type":"add","target":"capabilities.resilience","value":1},{"type":"tag","target":"history","value":"echo:education"}]	无	无	三代理混排复核完成；已发现项已修正
decision_028	decision_028_choice_3	decision	education	年龄 21—33；人物 []；门槛 {"all":[{"path":"education.level","op":"eq","value":4},{"path":"education.status","op":"in","value":["enrolled","completed"]}],"any":[{"path":"education.nextStage","op":"eq","value":"postgraduateApplication"},{"path":"education.graduateApplicationIntent","op":"in","value":["domestic","us","europe"]}],"none":[]}	接下来，你想往哪边试？	去欧洲读研 → 有的项目看课程学分，有的学制短得让人心慌。你也开始查授课语言之外，生活和找工作要用什么语言。	[{"type":"tag","target":"history","value":"education:europe"},{"type":"add","target":"agency","value":2},{"type":"set","target":"education.graduateApplicationIntent","value":"europe"},{"type":"set","target":"education.graduateApplicationStatus","value":"planning"},{"type":"set","target":"education.nextStage","value":"postgraduateApplication"},{"type":"set","target":"employment.entryCredential","value":"bachelor"},{"type":"set","target":"activity.mode","value":"study"}]	echo_028@3—5年：你先挑了一条。日历空出来一点，焦虑没有。；课程说明下载了一堆。名字最像的项目，要求反而差得最多。；效果 [{"type":"add","target":"pressures.career","value":4},{"type":"tag","target":"history","value":"echo:education"}]	无	无	三代理混排复核完成；已发现项已修正
decision_028	decision_028_choice_4	decision	education	年龄 21—33；人物 []；门槛 {"all":[{"path":"education.level","op":"eq","value":4},{"path":"education.status","op":"in","value":["enrolled","completed"]}],"any":[{"path":"education.nextStage","op":"eq","value":"postgraduateApplication"},{"path":"education.graduateApplicationIntent","op":"in","value":["domestic","us","europe"]}],"none":[]}	接下来，你想往哪边试？	不读了，先找工作 → 你关掉申请表，重新打开毕业生岗位页面。眼下想先挣钱，或者只是已经不想再填一轮学校申请。	[{"type":"tag","target":"history","value":"education:direct_job"},{"type":"add","target":"agency","value":1},{"type":"set","target":"education.graduateApplicationIntent","value":"none"},{"type":"set","target":"education.graduateApplicationStatus","value":"withdrawn"},{"type":"set","target":"education.nextStage","value":"firstJob"},{"type":"set","target":"employment.entryCredential","value":"bachelor"},{"type":"set","target":"activity.mode","value":"seeking"}]	echo_028@4—6年：你先挑了一条。日历空出来一点，焦虑没有。；简历改到第三版。研究生申请还停在草稿。；效果 [{"type":"add","target":"pressures.career","value":4},{"type":"tag","target":"history","value":"echo:education"}]	无	无	三代理混排复核完成；已发现项已修正
decision_029	decision_029_choice_1	decision	education	年龄 22—34；人物 []；门槛 {"all":[],"any":[],"none":[]}	这一次，你拿什么去申请？	把课程和研究写扎实 → 你删掉几段“从小热爱”，把问题怎么做、结果怎么样写清楚。不是每项都漂亮，至少彼此对得上。	[{"type":"tag","target":"history","value":"education:research_packet"},{"type":"add","target":"agency","value":4},{"type":"add","target":"education.researchEvidence","value":7},{"type":"add","target":"education.practiceEvidence","value":1},{"type":"add","target":"education.courseworkEvidence","value":2},{"type":"add","target":"development.languagePreparation","value":0},{"type":"set","target":"education.graduateApplicationStatus","value":"submitted"}]	echo_029@1—3年：申请文件夹终于不再天天改名。交出去的交了，没交的也停在这一版。；研究经历那一栏终于不用靠“从小热爱”撑页数。；效果 [{"type":"add","target":"agency","value":1},{"type":"tag","target":"history","value":"echo:education"}]	evidence/resultVariant；准备“把课程和研究写扎实”时，“把课程和研究写扎实”要真的走得通，得先把日期、凭据和能复核的细节放在手边。；“把课程和研究写扎实”照样有代价，不过该留下的凭据没有缺席。 你这次走的是“把课程和研究写扎实”。	无	三代理混排复核完成；已发现项已修正
decision_029	decision_029_choice_2	decision	education	年龄 22—34；人物 []；门槛 {"all":[],"any":[],"none":[]}	这一次，你拿什么去申请？	把实习和项目拿出来讲 → 你写清自己负责哪一块、交了什么、别人怎么用。学校的名字留着，但没再替你回答所有问题。	[{"type":"tag","target":"history","value":"education:practice_packet"},{"type":"add","target":"agency","value":3},{"type":"add","target":"education.researchEvidence","value":2},{"type":"add","target":"education.practiceEvidence","value":7},{"type":"add","target":"education.courseworkEvidence","value":2},{"type":"add","target":"development.languagePreparation","value":0},{"type":"set","target":"education.graduateApplicationStatus","value":"submitted"}]	echo_029@2—4年：申请文件夹终于不再天天改名。交出去的交了，没交的也停在这一版。；职责和结果挨在一起，项目名称没有再替你占满整段。；效果 [{"type":"add","target":"capabilities.resilience","value":1},{"type":"tag","target":"history","value":"echo:education"}]	无	无	三代理混排复核完成；已发现项已修正
decision_029	decision_029_choice_3	decision	education	年龄 22—34；人物 []；门槛 {"all":[],"any":[],"none":[]}	这一次，你拿什么去申请？	先补最缺的，再晚一点交 → 语言、推荐或课程说明里总有一项来不及。你放弃了几个早截止的项目，先把剩下的补完整。	[{"type":"tag","target":"history","value":"education:supplemented"},{"type":"add","target":"agency","value":2},{"type":"add","target":"education.researchEvidence","value":3},{"type":"add","target":"education.practiceEvidence","value":2},{"type":"add","target":"education.courseworkEvidence","value":5},{"type":"add","target":"development.languagePreparation","value":6},{"type":"set","target":"education.graduateApplicationStatus","value":"submitted"}]	echo_029@3—5年：申请文件夹终于不再天天改名。交出去的交了，没交的也停在这一版。；材料厚了一点。能赶上的项目也少了一些。；效果 [{"type":"add","target":"pressures.career","value":4},{"type":"tag","target":"history","value":"echo:education"}]	无	无	三代理混排复核完成；已发现项已修正
decision_029	decision_029_choice_4	decision	education	年龄 22—34；人物 []；门槛 {"all":[],"any":[],"none":[]}	这一次，你拿什么去申请？	算了，这轮不申了 → 截止日和手里的材料怎么也凑不齐。你没去买所谓“内部名额”，把还能用的成绩和推荐收好，关掉了这一轮申请。	[{"type":"tag","target":"history","value":"education:withdrawn"},{"type":"add","target":"agency","value":1},{"type":"add","target":"education.researchEvidence","value":0},{"type":"add","target":"education.practiceEvidence","value":0},{"type":"add","target":"education.courseworkEvidence","value":0},{"type":"add","target":"development.languagePreparation","value":0},{"type":"set","target":"education.graduateApplicationStatus","value":"withdrawn"},{"type":"set","target":"education.nextStage","value":"firstJob"},{"type":"set","target":"activity.mode","value":"seeking"}]	echo_029@4—6年：申请文件夹终于不再天天改名。交出去的交了，没交的也停在这一版。；求职页面重新回到最前面。；效果 [{"type":"add","target":"pressures.career","value":4},{"type":"tag","target":"history","value":"echo:education"}]	无	无	三代理混排复核完成；已发现项已修正
decision_030	decision_030_choice_1	decision	education	年龄 23—34；人物 []；门槛 {"all":[],"any":[],"none":[]}	先去查哪一份？	继续走国内复试和调剂 → 你盯着公开系统和学校通知，复试要交什么就补什么。群里的截图传了几轮，正式名单没出以前，你没敢先庆祝。	[{"type":"tag","target":"history","value":"education:domestic_result"},{"type":"add","target":"agency","value":4},{"type":"resolveGraduateApplication","target":"education","value":"domestic"}]	echo_030@1—3年：这一年的结果最后留在官网或邮箱里，不在群聊截图里。；以后再提这一年，你拿得出系统里的结果，不用翻聊天记录。；效果 [{"type":"add","target":"agency","value":1},{"type":"tag","target":"history","value":"echo:education"}]	evidence/resultVariant；准备“继续走国内复试和调剂”时，这次多了一步准备：先把日期、凭据和能复核的细节放在手边。；结果仍不确定；该留下的凭据没有缺席。 你这次走的是“继续走国内复试和调剂”。	无	三代理混排复核完成；已发现项已修正
decision_030	decision_030_choice_2	decision	education	年龄 23—34；人物 []；门槛 {"all":[],"any":[],"none":[]}	先去查哪一份？	把海外录取和钱一起算 → 学费、奖助、保险和押金一项项加进去。项目邮件读起来很热情，预算表一点也不。	[{"type":"tag","target":"history","value":"education:overseas_result"},{"type":"add","target":"agency","value":3},{"type":"resolveGraduateApplication","target":"education","value":"overseas"}]	echo_030@2—4年：这一年的结果最后留在官网或邮箱里，不在群聊截图里。；项目给了什么回复、钱够不够，最后各有一份文件。；效果 [{"type":"add","target":"capabilities.resilience","value":1},{"type":"tag","target":"history","value":"echo:education"}]	无	无	三代理混排复核完成；已发现项已修正
decision_030	decision_030_choice_3	decision	education	年龄 23—34；人物 []；门槛 {"all":[],"any":[],"none":[]}	先去查哪一份？	先等候补，等到最后一天 → 你记下最后等待日，邮箱照看。一天刷新十次，并不会让名额空得快一点。	[{"type":"tag","target":"history","value":"education:waitlisted"},{"type":"add","target":"agency","value":2},{"type":"set","target":"education.graduateApplicationStatus","value":"waitlisted"},{"type":"set","target":"education.graduateApplicationResult","value":"waitlisted"}]	echo_030@3—5年：这一年的结果最后留在官网或邮箱里，不在群聊截图里。；最后一天到了。邮箱里是什么，就按什么往下走。；效果 [{"type":"add","target":"pressures.career","value":4},{"type":"tag","target":"history","value":"echo:education"}]	无	无	三代理混排复核完成；已发现项已修正
decision_030	decision_030_choice_4	decision	education	年龄 23—34；人物 []；门槛 {"all":[],"any":[],"none":[]}	先去查哪一份？	结果不行，或者钱不够，去找工作 → 申请费已经花了，再交更多也换不来确定结果。你把材料收好，重新改简历。	[{"type":"tag","target":"history","value":"education:not_admitted"},{"type":"add","target":"agency","value":1},{"type":"set","target":"education.graduateApplicationStatus","value":"notAdmitted"},{"type":"set","target":"education.graduateApplicationResult","value":"none"},{"type":"set","target":"education.graduateOfferRegion","value":"none"},{"type":"set","target":"education.graduateFundingStatus","value":"none"},{"type":"set","target":"education.nextStage","value":"firstJob"},{"type":"set","target":"activity.mode","value":"seeking"}]	echo_030@4—6年：这一年的结果最后留在官网或邮箱里，不在群聊截图里。；这轮研究生没有读成。你转去找第一份工作。；效果 [{"type":"add","target":"pressures.career","value":4},{"type":"tag","target":"history","value":"echo:education"}]	无	无	三代理混排复核完成；已发现项已修正
decision_031	decision_031_choice_1	decision	education	年龄 23—35；人物 []；门槛 {"all":[],"any":[],"none":[]}	最后，你去了哪儿？	去国内读研 → 注册和缴费办完，培养关系也落了下来。开学通知从“请按时报到”变成了你的日程。	[{"type":"tag","target":"history","value":"education:domestic_enrolled"},{"type":"add","target":"agency","value":4},{"type":"transition","target":"education","value":"postgraduate","status":"enrolled"},{"type":"set","target":"education.postgraduateSystem","value":"domestic"},{"type":"set","target":"education.graduateApplicationStatus","value":"enrolled"},{"type":"set","target":"education.graduateApplicationResult","value":"enrolled"},{"type":"set","target":"education.nextStage","value":"postgraduate"},{"type":"set","target":"activity.mode","value":"study"},{"type":"transitionHousing","target":"housing","value":{"status":"supported","arrangement":"dormitory","region":"tier2","stability":"temporary","accessibility":"standard","costShare":"supported","coResidentRefs":[],"kind":"background","reason":"domesticPostgraduateEnrollment","residenceOnly":true}}]	echo_031@1—3年：报到日过去以后，真正坐进教室的那所学校才会出现在课表里。；你开始在国内读研究生。；效果 [{"type":"add","target":"agency","value":1},{"type":"tag","target":"history","value":"echo:education"}]	cashBuffer/costShift；准备“去国内读研”时，动手以前，你决定算清手里的缓冲能垫住哪一段，再看要不要“去国内读研”。；结果落定时，缓冲只垫住眼前，没有假装风险已经消失。 你这次走的是“去国内读研”。	无	三代理混排复核完成；已发现项已修正
decision_031	decision_031_choice_2	decision	education	年龄 23—35；人物 []；门槛 {"all":[],"any":[],"none":[]}	最后，你去了哪儿？	去美国读研 → 录取条件、资金和入境材料都办妥了。行李到没到齐另说，你先到了学校。	[{"type":"tag","target":"history","value":"education:us_enrolled"},{"type":"add","target":"agency","value":3},{"type":"transition","target":"education","value":"postgraduate","status":"enrolled"},{"type":"set","target":"education.postgraduateSystem","value":"us"},{"type":"set","target":"education.graduateApplicationStatus","value":"enrolled"},{"type":"set","target":"education.graduateApplicationResult","value":"enrolled"},{"type":"set","target":"education.nextStage","value":"postgraduate"},{"type":"set","target":"mobility.lastOverseasSystem","value":"us"},{"type":"set","target":"mobility.mode","value":"studyAbroad"},{"type":"set","target":"activity.mode","value":"study"},{"type":"transitionHousing","target":"housing","value":{"status":"supported","arrangement":"dormitory","region":"us","stability":"temporary","accessibility":"standard","costShare":"supported","coResidentRefs":[],"kind":"background","reason":"usPostgraduateEnrollment","residenceOnly":true}}]	echo_031@2—4年：报到日过去以后，真正坐进教室的那所学校才会出现在课表里。；你开始在美国读研究生。海外生活也翻到下一段。；效果 [{"type":"add","target":"capabilities.resilience","value":1},{"type":"tag","target":"history","value":"echo:education"}]	无	无	三代理混排复核完成；已发现项已修正
decision_031	decision_031_choice_3	decision	education	年龄 23—35；人物 []；门槛 {"all":[],"any":[],"none":[]}	最后，你去了哪儿？	去欧洲读研 → 课程条件、资金和当地手续都走完了。授课语言能听懂，办事时要说的话还得继续学。	[{"type":"tag","target":"history","value":"education:europe_enrolled"},{"type":"add","target":"agency","value":2},{"type":"transition","target":"education","value":"postgraduate","status":"enrolled"},{"type":"set","target":"education.postgraduateSystem","value":"europe"},{"type":"set","target":"education.graduateApplicationStatus","value":"enrolled"},{"type":"set","target":"education.graduateApplicationResult","value":"enrolled"},{"type":"set","target":"education.nextStage","value":"postgraduate"},{"type":"set","target":"mobility.lastOverseasSystem","value":"europe"},{"type":"set","target":"mobility.mode","value":"studyAbroad"},{"type":"set","target":"activity.mode","value":"study"},{"type":"transitionHousing","target":"housing","value":{"status":"supported","arrangement":"dormitory","region":"europe","stability":"temporary","accessibility":"standard","costShare":"supported","coResidentRefs":[],"kind":"background","reason":"europePostgraduateEnrollment","residenceOnly":true}}]	echo_031@3—5年：报到日过去以后，真正坐进教室的那所学校才会出现在课表里。；你开始在欧洲读研究生。；效果 [{"type":"add","target":"pressures.career","value":4},{"type":"tag","target":"history","value":"echo:education"}]	无	无	三代理混排复核完成；已发现项已修正
decision_031	decision_031_choice_4	decision	education	年龄 23—35；人物 []；门槛 {"all":[],"any":[],"none":[]}	最后，你去了哪儿？	不去了，找工作 → 你退掉名额，或者让录取到期。舍不得归舍不得，简历上不能写自己已经在读。	[{"type":"tag","target":"history","value":"education:direct_job"},{"type":"add","target":"agency","value":1},{"type":"set","target":"education.graduateApplicationStatus","value":"withdrawn"},{"type":"set","target":"education.nextStage","value":"firstJob"},{"type":"set","target":"employment.entryCredential","value":"bachelor"},{"type":"set","target":"activity.mode","value":"seeking"}]	echo_031@4—6年：报到日过去以后，真正坐进教室的那所学校才会出现在课表里。；你以本科学历开始找第一份工作。；效果 [{"type":"add","target":"pressures.career","value":4},{"type":"tag","target":"history","value":"echo:education"}]	无	无	三代理混排复核完成；已发现项已修正
decision_032	decision_032_choice_1	decision	education	年龄 24—36；人物 []；门槛 {"all":[{"path":"education.status","op":"eq","value":"enrolled"},{"path":"education.postgraduateSystem","op":"eq","value":"domestic"},{"path":"education.nextStage","op":"eq","value":"postgraduate"}],"any":[],"none":[]}	第一年，你先顾哪件事？	先把导师的要求问明白 → 多久见一次、数据怎么放、署名怎么算、请假找谁，你都开口问了。有的回答很清楚，有的只得到一句“到时候再说”。	[{"type":"tag","target":"history","value":"education:expectations"},{"type":"add","target":"agency","value":4},{"type":"add","target":"education.courseworkEvidence","value":3},{"type":"add","target":"education.researchEvidence","value":6},{"type":"add","target":"education.practiceEvidence","value":0}]	echo_032@1—3年：课要上，研究也要做。至少你和导师之间，不再全靠猜。；后面真有分歧时，你手里不只剩各自的记忆。；效果 [{"type":"add","target":"agency","value":1},{"type":"tag","target":"history","value":"echo:education"}]	negotiation/resultVariant；准备“先把导师的要求问明白”时，这次多做了一层准备：把期限、钱和各自要做的事摊开谈。；回头看这一步，说出口的条件有了能核对的落点。 你这次走的是“先把导师的要求问明白”。	无	三代理混排复核完成；已发现项已修正
decision_032	decision_032_choice_2	decision	education	年龄 24—36；人物 []；门槛 {"all":[{"path":"education.status","op":"eq","value":"enrolled"},{"path":"education.postgraduateSystem","op":"eq","value":"domestic"},{"path":"education.nextStage","op":"eq","value":"postgraduate"}],"any":[],"none":[]}	第一年，你先顾哪件事？	先补我不会的方法和课 → 本科没学过就是没学过。你去补课、问同学，没再靠通宵把“看不懂”熬成“应该懂了”。	[{"type":"tag","target":"history","value":"education:methods"},{"type":"add","target":"agency","value":3},{"type":"add","target":"education.courseworkEvidence","value":6},{"type":"add","target":"education.researchEvidence","value":3},{"type":"add","target":"education.practiceEvidence","value":0}]	echo_032@2—4年：课要上，研究也要做。至少你和导师之间，不再全靠猜。；开头慢了一点。真正做研究时，你没再被最基础的那步卡住。；效果 [{"type":"add","target":"capabilities.resilience","value":1},{"type":"tag","target":"history","value":"echo:education"}]	无	无	三代理混排复核完成；已发现项已修正
decision_032	decision_032_choice_3	decision	education	年龄 24—36；人物 []；门槛 {"all":[{"path":"education.status","op":"eq","value":"enrolled"},{"path":"education.postgraduateSystem","op":"eq","value":"domestic"},{"path":"education.nextStage","op":"eq","value":"postgraduate"}],"any":[],"none":[]}	第一年，你先顾哪件事？	还想做项目或实习 → 你先问学校和导师允许不允许、时间怎么排。两边都想要你随叫随到，这件事没人替你解决。	[{"type":"tag","target":"history","value":"education:industry_bridge"},{"type":"add","target":"agency","value":2},{"type":"add","target":"education.courseworkEvidence","value":2},{"type":"add","target":"education.researchEvidence","value":2},{"type":"add","target":"education.practiceEvidence","value":6}]	echo_032@3—5年：课要上，研究也要做。至少你和导师之间，不再全靠猜。；你多了一段实践，也多了几次在课表和排班之间来回赶。；效果 [{"type":"add","target":"pressures.career","value":4},{"type":"tag","target":"history","value":"echo:education"}]	无	无	三代理混排复核完成；已发现项已修正
decision_033	decision_033_choice_1	decision	education	年龄 24—37；人物 []；门槛 {"all":[{"path":"education.status","op":"eq","value":"enrolled"},{"path":"education.postgraduateSystem","op":"eq","value":"domestic"},{"path":"education.nextStage","op":"eq","value":"postgraduate"}],"any":[],"none":[]}	这一年，你想先把什么做出来？	先把研究做完 → 跑坏的数据没有删，换过的方法也记着。最后写进论文的，不只是“参与过某项目”。	[{"type":"tag","target":"history","value":"education:research"},{"type":"add","target":"agency","value":4},{"type":"add","target":"education.researchEvidence","value":8},{"type":"add","target":"education.practiceEvidence","value":1}]	echo_033@1—3年：毕业还没到，手里总算有了几件能摊开讲的事。；以后别人问你怎么做的，你能从第一步讲到哪里失败过。；效果 [{"type":"add","target":"agency","value":1},{"type":"tag","target":"history","value":"echo:education"}]	evidence/resultVariant；准备“先把研究做完”时，眼前仍要你自己选；牌能帮的，是把日期、凭据和能复核的细节放在手边。；这次仍要由你承担后果；该留下的凭据没有缺席。 你这次走的是“先把研究做完”。	无	三代理混排复核完成；已发现项已修正
decision_033	decision_033_choice_2	decision	education	年龄 24—37；人物 []；门槛 {"all":[{"path":"education.status","op":"eq","value":"enrolled"},{"path":"education.postgraduateSystem","op":"eq","value":"domestic"},{"path":"education.nextStage","op":"eq","value":"postgraduate"}],"any":[],"none":[]}	这一年，你想先把什么做出来？	把研究讲成工作里能听懂的项目 → 保密的东西不碰，剩下的问题、方法和结果换了一种说法。你改了几遍，终于不像把论文摘要硬贴在简历上。	[{"type":"tag","target":"history","value":"education:translated"},{"type":"add","target":"agency","value":3},{"type":"add","target":"education.researchEvidence","value":5},{"type":"add","target":"education.practiceEvidence","value":5}]	echo_033@2—4年：毕业还没到，手里总算有了几件能摊开讲的事。；面试再问到这段，你能先说自己做了什么，不必从论文题目背起。；效果 [{"type":"add","target":"capabilities.resilience","value":1},{"type":"tag","target":"history","value":"echo:education"}]	无	无	三代理混排复核完成；已发现项已修正
decision_033	decision_033_choice_3	decision	education	年龄 24—37；人物 []；门槛 {"all":[{"path":"education.status","op":"eq","value":"enrolled"},{"path":"education.postgraduateSystem","op":"eq","value":"domestic"},{"path":"education.nextStage","op":"eq","value":"postgraduate"}],"any":[],"none":[]}	这一年，你想先把什么做出来？	先去实习，论文回来再赶 → 你去岗位上做了一段真实的活。回学校以后，论文不会因为你有过一张门禁卡就自己长出来。	[{"type":"tag","target":"history","value":"education:internship"},{"type":"add","target":"agency","value":2},{"type":"add","target":"education.researchEvidence","value":1},{"type":"add","target":"education.practiceEvidence","value":8}]	echo_033@3—5年：毕业还没到，手里总算有了几件能摊开讲的事。；实践经历多了，毕业前的时间也明显不够用了。；效果 [{"type":"add","target":"pressures.career","value":4},{"type":"tag","target":"history","value":"echo:education"}]	无	无	三代理混排复核完成；已发现项已修正
decision_034	decision_034_choice_1	decision	education	年龄 25—38；人物 []；门槛 {"all":[{"path":"education.status","op":"eq","value":"enrolled"},{"path":"education.postgraduateSystem","op":"eq","value":"domestic"},{"path":"education.nextStage","op":"eq","value":"postgraduate"}],"any":[],"none":[]}	研究生毕业了。第一份工作，你准备怎么找？	就找专业或研究岗位 → 你把方法、成果和自己能独立做的部分放进申请。论文题目很窄，能用的本事不一定只有那么窄。	[{"type":"tag","target":"history","value":"education:specialist"},{"type":"add","target":"agency","value":4},{"type":"transition","target":"education","value":"postgraduate","status":"completed"},{"type":"set","target":"education.highestCompleted","value":"postgraduate"},{"type":"set","target":"education.nextStage","value":"firstJob"},{"type":"set","target":"employment.entryCredential","value":"postgraduate"},{"type":"set","target":"activity.mode","value":"seeking"},{"type":"set","target":"employment.applicationRegion","value":"domestic"}]	echo_034@1—3年：学位拿到了。它会帮你敲开一些门，门后面是不是合适，还得继续谈。；第一批申请发了出去。面试会不会来，还没有答案。；效果 [{"type":"add","target":"agency","value":1},{"type":"tag","target":"history","value":"echo:education"}]	portableSkill/resultVariant；准备“就找专业或研究岗位”时，你没有急着选，先拿一件真正做过的事试路。；多出来的差别很具体：做过的事成了这次选择的底气。 你这次走的是“就找专业或研究岗位”。	无	三代理混排复核完成；已发现项已修正
decision_034	decision_034_choice_2	decision	education	年龄 25—38；人物 []；门槛 {"all":[{"path":"education.status","op":"eq","value":"enrolled"},{"path":"education.postgraduateSystem","op":"eq","value":"domestic"},{"path":"education.nextStage","op":"eq","value":"postgraduate"}],"any":[],"none":[]}	研究生毕业了。第一份工作，你准备怎么找？	去行业岗位，别要求工作和论文同名 → 半页术语删掉，职责和结果补上。你不再指望招聘人员先读懂整篇论文。	[{"type":"tag","target":"history","value":"education:industry"},{"type":"add","target":"agency","value":3},{"type":"transition","target":"education","value":"postgraduate","status":"completed"},{"type":"set","target":"education.highestCompleted","value":"postgraduate"},{"type":"set","target":"education.nextStage","value":"firstJob"},{"type":"set","target":"employment.entryCredential","value":"postgraduate"},{"type":"set","target":"activity.mode","value":"seeking"},{"type":"set","target":"employment.applicationRegion","value":"domestic"}]	echo_034@2—4年：学位拿到了。它会帮你敲开一些门，门后面是不是合适，还得继续谈。；行业岗位开始投了。专业名称那一栏，照样得从下拉框里挑。；效果 [{"type":"add","target":"capabilities.resilience","value":1},{"type":"tag","target":"history","value":"echo:education"}]	无	无	三代理混排复核完成；已发现项已修正
decision_034	decision_034_choice_3	decision	education	年龄 25—38；人物 []；门槛 {"all":[{"path":"education.status","op":"eq","value":"enrolled"},{"path":"education.postgraduateSystem","op":"eq","value":"domestic"},{"path":"education.nextStage","op":"eq","value":"postgraduate"}],"any":[],"none":[]}	研究生毕业了。第一份工作，你准备怎么找？	先投能接上的岗位 → 职位级别不如预想。你问了以后能做什么、怎么转岗，还是把申请发了出去。	[{"type":"tag","target":"history","value":"education:bridge_job"},{"type":"add","target":"agency","value":2},{"type":"transition","target":"education","value":"postgraduate","status":"completed"},{"type":"set","target":"education.highestCompleted","value":"postgraduate"},{"type":"set","target":"education.nextStage","value":"firstJob"},{"type":"set","target":"employment.entryCredential","value":"postgraduate"},{"type":"set","target":"activity.mode","value":"seeking"},{"type":"set","target":"employment.applicationRegion","value":"domestic"}]	echo_034@3—5年：学位拿到了。它会帮你敲开一些门，门后面是不是合适，还得继续谈。；桥接岗位多投了一类。工牌还得等正式录用。；效果 [{"type":"add","target":"pressures.career","value":4},{"type":"tag","target":"history","value":"echo:education"}]	无	无	三代理混排复核完成；已发现项已修正
decision_034	decision_034_choice_4	decision	education	年龄 25—38；人物 []；门槛 {"all":[{"path":"education.status","op":"eq","value":"enrolled"},{"path":"education.postgraduateSystem","op":"eq","value":"domestic"},{"path":"education.nextStage","op":"eq","value":"postgraduate"}],"any":[],"none":[]}	研究生毕业了。第一份工作，你准备怎么找？	还没找到，那就继续找 → 就业系统催着填去向，你没有随便写一家单位交差。	[{"type":"tag","target":"history","value":"education:long_search"},{"type":"add","target":"agency","value":1},{"type":"transition","target":"education","value":"postgraduate","status":"completed"},{"type":"set","target":"education.highestCompleted","value":"postgraduate"},{"type":"set","target":"education.nextStage","value":"firstJob"},{"type":"set","target":"employment.entryCredential","value":"postgraduate"},{"type":"set","target":"activity.mode","value":"seeking"},{"type":"set","target":"employment.applicationRegion","value":"domestic"}]	echo_034@4—6年：学位拿到了。它会帮你敲开一些门，门后面是不是合适，还得继续谈。；毕业办完了。求职还在继续。；效果 [{"type":"add","target":"pressures.career","value":4},{"type":"tag","target":"history","value":"echo:education"}]	无	无	三代理混排复核完成；已发现项已修正
decision_035	decision_035_choice_1	decision	education	年龄 24—36；人物 []；门槛 {"all":[{"path":"education.status","op":"eq","value":"enrolled"},{"path":"education.postgraduateSystem","op":"eq","value":"us"},{"path":"education.nextStage","op":"eq","value":"postgraduate"}],"any":[],"none":[]}	第一年，你先把哪件事抓住？	先问研究安排和资助 → 工时、数据、署名和资助续不续，你都问了一遍。能写进邮件的写进邮件，没人肯保证的也不再当保证。	[{"type":"tag","target":"history","value":"education:funding"},{"type":"add","target":"agency","value":4},{"type":"add","target":"education.courseworkEvidence","value":3},{"type":"add","target":"education.researchEvidence","value":6},{"type":"add","target":"education.practiceEvidence","value":0},{"type":"add","target":"mobility.hostLanguage","value":1}]	echo_035@1—3年：说明会还是开了很多。至少其中一部分，后来真的变成了你的日程。；后来谈到职责时，你不用只靠入学那天听来的印象。；效果 [{"type":"add","target":"agency","value":1},{"type":"tag","target":"history","value":"echo:education"}]	negotiation/resultVariant；准备“先问研究安排和资助”时，“先问研究安排和资助”要真的走得通，得先把期限、钱和各自要做的事摊开谈。；“先问研究安排和资助”照样有代价，不过说出口的条件有了能核对的落点。 你这次走的是“先问研究安排和资助”。	无	三代理混排复核完成；已发现项已修正
decision_035	decision_035_choice_2	decision	education	年龄 24—36；人物 []；门槛 {"all":[{"path":"education.status","op":"eq","value":"enrolled"},{"path":"education.postgraduateSystem","op":"eq","value":"us"},{"path":"education.nextStage","op":"eq","value":"postgraduate"}],"any":[],"none":[]}	第一年，你先把哪件事抓住？	先把课和方法补上 → 课堂讨论转得很快。你把问题攒到 office hours，一个个问，哪怕第一遍没说顺。	[{"type":"tag","target":"history","value":"education:methods"},{"type":"add","target":"agency","value":3},{"type":"add","target":"education.courseworkEvidence","value":6},{"type":"add","target":"education.researchEvidence","value":3},{"type":"add","target":"education.practiceEvidence","value":0},{"type":"add","target":"mobility.hostLanguage","value":3}]	echo_035@2—4年：说明会还是开了很多。至少其中一部分，后来真的变成了你的日程。；话偶尔还是卡住。该学会的方法没有跟着卡住。；效果 [{"type":"add","target":"capabilities.resilience","value":1},{"type":"tag","target":"history","value":"echo:education"}]	无	无	三代理混排复核完成；已发现项已修正
decision_035	decision_035_choice_3	decision	education	年龄 24—36；人物 []；门槛 {"all":[{"path":"education.status","op":"eq","value":"enrolled"},{"path":"education.postgraduateSystem","op":"eq","value":"us"},{"path":"education.nextStage","op":"eq","value":"postgraduate"}],"any":[],"none":[]}	第一年，你先把哪件事抓住？	想做实践，先去问能不能做 → 岗位内容和学校要求都问清楚，手续办完你才开始。好机会也不值得拿以后的资格去赌。	[{"type":"tag","target":"history","value":"education:authorized_practice"},{"type":"add","target":"agency","value":2},{"type":"add","target":"education.courseworkEvidence","value":2},{"type":"add","target":"education.researchEvidence","value":2},{"type":"add","target":"education.practiceEvidence","value":6},{"type":"add","target":"mobility.hostLanguage","value":2}]	echo_035@3—5年：说明会还是开了很多。至少其中一部分，后来真的变成了你的日程。；项目结束时，工作内容和授权日期能对得上。；效果 [{"type":"add","target":"pressures.career","value":4},{"type":"tag","target":"history","value":"echo:education"}]	无	无	三代理混排复核完成；已发现项已修正
decision_036	decision_036_choice_1	decision	education	年龄 24—37；人物 []；门槛 {"all":[{"path":"education.status","op":"eq","value":"enrolled"},{"path":"education.postgraduateSystem","op":"eq","value":"us"},{"path":"education.nextStage","op":"eq","value":"postgraduate"}],"any":[],"none":[]}	你打算怎么接上工作？	去投专业或研究岗位 → 你把用过的方法、工具和做出的结果写清楚，也关掉那些资格明显不合的职位。	[{"type":"tag","target":"history","value":"education:specialist"},{"type":"add","target":"agency","value":4},{"type":"add","target":"education.researchEvidence","value":8},{"type":"add","target":"education.practiceEvidence","value":1},{"type":"add","target":"mobility.localTies","value":1}]	echo_036@1—3年：论文题目没有突然变成万能钥匙。你做事的方法，倒开始能被岗位看懂。；能投的范围窄了一些，留下来的更像真机会。；效果 [{"type":"add","target":"agency","value":1},{"type":"tag","target":"history","value":"echo:education"}]	portableSkill/resultVariant；准备“去投专业或研究岗位”时，这次多了一步准备：先拿一件真正做过的事试路。；结果仍不确定；做过的事成了这次选择的底气。 你这次走的是“去投专业或研究岗位”。	无	三代理混排复核完成；已发现项已修正
decision_036	decision_036_choice_2	decision	education	年龄 24—37；人物 []；门槛 {"all":[{"path":"education.status","op":"eq","value":"enrolled"},{"path":"education.postgraduateSystem","op":"eq","value":"us"},{"path":"education.nextStage","op":"eq","value":"postgraduate"}],"any":[],"none":[]}	你打算怎么接上工作？	做一段学校允许的行业项目 → 手续办完以后，你去做了一个外面的项目。有人给了具体反馈，也认识了几个课堂以外的人。	[{"type":"tag","target":"history","value":"education:industry"},{"type":"add","target":"agency","value":3},{"type":"add","target":"education.researchEvidence","value":5},{"type":"add","target":"education.practiceEvidence","value":5},{"type":"add","target":"mobility.localTies","value":5}]	echo_036@2—4年：论文题目没有突然变成万能钥匙。你做事的方法，倒开始能被岗位看懂。；这段项目后来成了简历上的本地经历。；效果 [{"type":"add","target":"capabilities.resilience","value":1},{"type":"tag","target":"history","value":"echo:education"}]	无	无	三代理混排复核完成；已发现项已修正
decision_036	decision_036_choice_3	decision	education	年龄 24—37；人物 []；门槛 {"all":[{"path":"education.status","op":"eq","value":"enrolled"},{"path":"education.postgraduateSystem","op":"eq","value":"us"},{"path":"education.nextStage","op":"eq","value":"postgraduate"}],"any":[],"none":[]}	你打算怎么接上工作？	准备回国，别等毕业才开始 → 成绩、学历材料和国内招聘批次一起看。你提前开了国内求职网站，页面倒没因为时差少弹一个窗口。	[{"type":"tag","target":"history","value":"education:return_prep"},{"type":"add","target":"agency","value":2},{"type":"add","target":"education.researchEvidence","value":1},{"type":"add","target":"education.practiceEvidence","value":8},{"type":"add","target":"mobility.localTies","value":2}]	echo_036@3—5年：论文题目没有突然变成万能钥匙。你做事的方法，倒开始能被岗位看懂。；回国求职的准备，赶在毕业前开始了。；效果 [{"type":"add","target":"pressures.career","value":4},{"type":"tag","target":"history","value":"echo:education"}]	无	无	三代理混排复核完成；已发现项已修正
decision_037	decision_037_choice_1	decision	education	年龄 25—38；人物 []；门槛 {"all":[{"path":"education.status","op":"eq","value":"enrolled"},{"path":"education.postgraduateSystem","op":"eq","value":"us"},{"path":"education.nextStage","op":"eq","value":"postgraduate"}],"any":[],"none":[]}	研究生毕业了。第一份工作，你准备在哪儿找？	留在美国找专业岗位 → 你只投专业对得上、也愿意处理当前工作资格的雇主。职位不少，能走到最后一页的不算多。	[{"type":"tag","target":"history","value":"education:us_job"},{"type":"add","target":"agency","value":4},{"type":"transition","target":"education","value":"postgraduate","status":"completed"},{"type":"set","target":"education.highestCompleted","value":"postgraduate"},{"type":"set","target":"education.nextStage","value":"firstJob"},{"type":"set","target":"employment.entryCredential","value":"postgraduate"},{"type":"set","target":"activity.mode","value":"seeking"},{"type":"set","target":"employment.applicationRegion","value":"us"}]	echo_037@1—3年：学位已经拿到。留下、回国或换地方，都得从真正的申请开始。；职位列表越筛越短。工作资格那一栏，每份都得重新答。；效果 [{"type":"add","target":"agency","value":1},{"type":"tag","target":"history","value":"echo:education"}]	riskSense/riskShift；准备“留在美国找专业岗位”时，动手以前，你决定找出最容易留下后患的那一步，再看要不要“留在美国找专业岗位”。；结果落定时，最容易出问题的地方提前被看见了。 你这次走的是“留在美国找专业岗位”。	无	三代理混排复核完成；已发现项已修正
decision_037	decision_037_choice_2	decision	education	年龄 25—38；人物 []；门槛 {"all":[{"path":"education.status","op":"eq","value":"enrolled"},{"path":"education.postgraduateSystem","op":"eq","value":"us"},{"path":"education.nextStage","op":"eq","value":"postgraduate"}],"any":[],"none":[]}	研究生毕业了。第一份工作，你准备在哪儿找？	回国找专业或行业岗位 → 学历材料要办，研究经历也得改成国内岗位看得懂的说法。招聘批次不会等你倒完时差。	[{"type":"tag","target":"history","value":"education:return_job"},{"type":"add","target":"agency","value":3},{"type":"transition","target":"education","value":"postgraduate","status":"completed"},{"type":"set","target":"education.highestCompleted","value":"postgraduate"},{"type":"set","target":"education.nextStage","value":"firstJob"},{"type":"set","target":"employment.entryCredential","value":"postgraduate"},{"type":"set","target":"activity.mode","value":"seeking"},{"type":"set","target":"employment.applicationRegion","value":"domestic"}]	echo_037@2—4年：学位已经拿到。留下、回国或换地方，都得从真正的申请开始。；国内网申开着，毕业文件还在另一个时区慢慢走。；效果 [{"type":"add","target":"capabilities.resilience","value":1},{"type":"tag","target":"history","value":"echo:education"}]	无	无	三代理混排复核完成；已发现项已修正
decision_037	decision_037_choice_3	decision	education	年龄 25—38；人物 []；门槛 {"all":[{"path":"education.status","op":"eq","value":"enrolled"},{"path":"education.postgraduateSystem","op":"eq","value":"us"},{"path":"education.nextStage","op":"eq","value":"postgraduate"}],"any":[],"none":[]}	研究生毕业了。第一份工作，你准备在哪儿找？	去欧洲找机会 → 当地语言、职业准入和手续都要重新查。人在美国读过书，不能拿这套规定直接换个地区用。	[{"type":"tag","target":"history","value":"education:europe_job"},{"type":"add","target":"agency","value":2},{"type":"transition","target":"education","value":"postgraduate","status":"completed"},{"type":"set","target":"education.highestCompleted","value":"postgraduate"},{"type":"set","target":"education.nextStage","value":"firstJob"},{"type":"set","target":"employment.entryCredential","value":"postgraduate"},{"type":"set","target":"activity.mode","value":"seeking"},{"type":"set","target":"employment.applicationRegion","value":"europe"}]	echo_037@3—5年：学位已经拿到。留下、回国或换地方，都得从真正的申请开始。；新的岗位申请发出去了。美国这边的工作资格帮不了欧洲那一栏。；效果 [{"type":"add","target":"pressures.career","value":4},{"type":"tag","target":"history","value":"echo:education"}]	无	无	三代理混排复核完成；已发现项已修正
decision_037	decision_037_choice_4	decision	education	年龄 25—38；人物 []；门槛 {"all":[{"path":"education.status","op":"eq","value":"enrolled"},{"path":"education.postgraduateSystem","op":"eq","value":"us"},{"path":"education.nextStage","op":"eq","value":"postgraduate"}],"any":[],"none":[]}	研究生毕业了。第一份工作，你准备在哪儿找？	还没有合适的，继续找 → 你没拿一份不存在的 offer 当答案，也没假装时间很宽裕。	[{"type":"tag","target":"history","value":"education:long_search"},{"type":"add","target":"agency","value":1},{"type":"transition","target":"education","value":"postgraduate","status":"completed"},{"type":"set","target":"education.highestCompleted","value":"postgraduate"},{"type":"set","target":"education.nextStage","value":"firstJob"},{"type":"set","target":"employment.entryCredential","value":"postgraduate"},{"type":"set","target":"activity.mode","value":"seeking"},{"type":"set","target":"employment.applicationRegion","value":"us"}]	echo_037@4—6年：学位已经拿到。留下、回国或换地方，都得从真正的申请开始。；邮箱继续刷新。资格期限和生活开销一起往前走。；效果 [{"type":"add","target":"pressures.career","value":4},{"type":"tag","target":"history","value":"echo:education"}]	无	无	三代理混排复核完成；已发现项已修正
decision_038	decision_038_choice_1	decision	education	年龄 24—36；人物 []；门槛 {"all":[{"path":"education.status","op":"eq","value":"enrolled"},{"path":"education.postgraduateSystem","op":"eq","value":"europe"},{"path":"education.nextStage","op":"eq","value":"postgraduate"}],"any":[],"none":[]}	开头这段时间，你先忙什么？	先照着学分和考试日期排 → 每门课什么时候注册、什么时候考试、论文什么时候交，你全塞进了日历。提醒多得烦，总比漏一次强。	[{"type":"tag","target":"history","value":"education:planned"},{"type":"add","target":"agency","value":4},{"type":"add","target":"education.courseworkEvidence","value":3},{"type":"add","target":"education.researchEvidence","value":6},{"type":"add","target":"education.practiceEvidence","value":0},{"type":"add","target":"mobility.hostLanguage","value":1}]	echo_038@1—3年：学制短是真的。轻松两个字，从来没人写进录取信。；这个学期结束时，该算的学分都算上了。；效果 [{"type":"add","target":"agency","value":1},{"type":"tag","target":"history","value":"echo:education"}]	learning/resultVariant；准备“先照着学分和考试日期排”时，这次多做了一层准备：把陌生的部分拆成眼前能学的一步。；回头看这一步，新学会的那一步当场用上了。 你这次走的是“先照着学分和考试日期排”。	无	三代理混排复核完成；已发现项已修正
decision_038	decision_038_choice_2	decision	education	年龄 24—36；人物 []；门槛 {"all":[{"path":"education.status","op":"eq","value":"enrolled"},{"path":"education.postgraduateSystem","op":"eq","value":"europe"},{"path":"education.nextStage","op":"eq","value":"postgraduate"}],"any":[],"none":[]}	开头这段时间，你先忙什么？	抽时间学当地语言 → 每周又少了几小时。去窗口、和人闲聊、看招聘信息时，有些句子终于不用先拍照翻译。	[{"type":"tag","target":"history","value":"education:host_language"},{"type":"add","target":"agency","value":3},{"type":"add","target":"education.courseworkEvidence","value":6},{"type":"add","target":"education.researchEvidence","value":3},{"type":"add","target":"education.practiceEvidence","value":0},{"type":"add","target":"mobility.hostLanguage","value":3}]	echo_038@2—4年：学制短是真的。轻松两个字，从来没人写进录取信。；你还远没变成本地人。日子却少隔了一层玻璃。；效果 [{"type":"add","target":"capabilities.resilience","value":1},{"type":"tag","target":"history","value":"echo:education"}]	无	无	三代理混排复核完成；已发现项已修正
decision_038	decision_038_choice_3	decision	education	年龄 24—36；人物 []；门槛 {"all":[{"path":"education.status","op":"eq","value":"enrolled"},{"path":"education.postgraduateSystem","op":"eq","value":"europe"},{"path":"education.nextStage","op":"eq","value":"postgraduate"}],"any":[],"none":[]}	开头这段时间，你先忙什么？	先去找研究或行业项目 → 你先问保险、资格和到底要做什么。宣传页写得再好，手续办不了也只能算看过。	[{"type":"tag","target":"history","value":"education:project"},{"type":"add","target":"agency","value":2},{"type":"add","target":"education.courseworkEvidence","value":2},{"type":"add","target":"education.researchEvidence","value":2},{"type":"add","target":"education.practiceEvidence","value":6},{"type":"add","target":"mobility.hostLanguage","value":2}]	echo_038@3—5年：学制短是真的。轻松两个字，从来没人写进录取信。；你接到了一段能真正参与的研究或实践。；效果 [{"type":"add","target":"pressures.career","value":4},{"type":"tag","target":"history","value":"echo:education"}]	无	无	三代理混排复核完成；已发现项已修正
decision_039	decision_039_choice_1	decision	education	年龄 24—37；人物 []；门槛 {"all":[{"path":"education.status","op":"eq","value":"enrolled"},{"path":"education.postgraduateSystem","op":"eq","value":"europe"},{"path":"education.nextStage","op":"eq","value":"postgraduate"}],"any":[],"none":[]}	毕业以后，你想往哪边准备？	去投当地的专业岗位 → 语言要求、职业准入和工作资格挨个筛。写着英语工作的岗位，也可能在面试时换成当地语言。	[{"type":"tag","target":"history","value":"education:local_job"},{"type":"add","target":"agency","value":4},{"type":"add","target":"education.researchEvidence","value":8},{"type":"add","target":"education.practiceEvidence","value":1},{"type":"add","target":"mobility.localTies","value":1}]	echo_039@1—3年：论文是论文，找工作是找工作。你没再指望前者自动替你办完后者。；你投得少了一些，至少不用每次到最后才发现不合条件。；效果 [{"type":"add","target":"agency","value":1},{"type":"tag","target":"history","value":"echo:education"}]	portableSkill/resultVariant；准备“去投当地的专业岗位”时，眼前仍要你自己选；牌能帮的，是拿一件真正做过的事试路。；这次仍要由你承担后果；做过的事成了这次选择的底气。 你这次走的是“去投当地的专业岗位”。	无	三代理混排复核完成；已发现项已修正
decision_039	decision_039_choice_2	decision	education	年龄 24—37；人物 []；门槛 {"all":[{"path":"education.status","op":"eq","value":"enrolled"},{"path":"education.postgraduateSystem","op":"eq","value":"europe"},{"path":"education.nextStage","op":"eq","value":"postgraduate"}],"any":[],"none":[]}	毕业以后，你想往哪边准备？	先做个项目，让本地的人见过我做事 → 你和别人真做完了一件事，对方知道你怎么交付、怎么改错。比起互留联系方式，这更费劲，也更有用。	[{"type":"tag","target":"history","value":"education:local_reference"},{"type":"add","target":"agency","value":3},{"type":"add","target":"education.researchEvidence","value":5},{"type":"add","target":"education.practiceEvidence","value":5},{"type":"add","target":"mobility.localTies","value":5}]	echo_039@2—4年：论文是论文，找工作是找工作。你没再指望前者自动替你办完后者。；下一次申请时，你多了一段本地合作和一个能联系的人。；效果 [{"type":"add","target":"capabilities.resilience","value":1},{"type":"tag","target":"history","value":"echo:education"}]	无	无	三代理混排复核完成；已发现项已修正
decision_039	decision_039_choice_3	decision	education	年龄 24—37；人物 []；门槛 {"all":[{"path":"education.status","op":"eq","value":"enrolled"},{"path":"education.postgraduateSystem","op":"eq","value":"europe"},{"path":"education.nextStage","op":"eq","value":"postgraduate"}],"any":[],"none":[]}	毕业以后，你想往哪边准备？	准备回国，材料早点办 → 你没等毕业文件寄到才打开国内招聘网站。该办的材料先办，赶得上的招聘批次先投。	[{"type":"tag","target":"history","value":"education:return_prep"},{"type":"add","target":"agency","value":2},{"type":"add","target":"education.researchEvidence","value":1},{"type":"add","target":"education.practiceEvidence","value":8},{"type":"add","target":"mobility.localTies","value":2}]	echo_039@3—5年：论文是论文，找工作是找工作。你没再指望前者自动替你办完后者。；回国求职的准备提前开始了。；效果 [{"type":"add","target":"pressures.career","value":4},{"type":"tag","target":"history","value":"echo:education"}]	无	无	三代理混排复核完成；已发现项已修正
decision_040	decision_040_choice_1	decision	education	年龄 25—38；人物 []；门槛 {"all":[{"path":"education.status","op":"eq","value":"enrolled"},{"path":"education.postgraduateSystem","op":"eq","value":"europe"},{"path":"education.nextStage","op":"eq","value":"postgraduate"}],"any":[],"none":[]}	研究生毕业了。第一份工作，你准备在哪儿找？	留在欧洲找专业岗位 → 你只投语言、资格和岗位内容都合得上的。收藏夹短了很多，剩下的至少真能申请。	[{"type":"tag","target":"history","value":"education:europe_job"},{"type":"add","target":"agency","value":4},{"type":"transition","target":"education","value":"postgraduate","status":"completed"},{"type":"set","target":"education.highestCompleted","value":"postgraduate"},{"type":"set","target":"education.nextStage","value":"firstJob"},{"type":"set","target":"employment.entryCredential","value":"postgraduate"},{"type":"set","target":"activity.mode","value":"seeking"},{"type":"set","target":"employment.applicationRegion","value":"europe"}]	echo_040@1—3年：论文和学分都过了。接下来要填的，是地区、岗位，还有什么时候能上班。；申请发出去了。有一份自动回复先用当地语言谢你耐心等待。；效果 [{"type":"add","target":"agency","value":1},{"type":"tag","target":"history","value":"echo:education"}]	riskSense/riskShift；准备“留在欧洲找专业岗位”时，你没有急着选，先找出最容易留下后患的那一步。；多出来的差别很具体：最容易出问题的地方提前被看见了。 你这次走的是“留在欧洲找专业岗位”。	无	三代理混排复核完成；已发现项已修正
decision_040	decision_040_choice_2	decision	education	年龄 25—38；人物 []；门槛 {"all":[{"path":"education.status","op":"eq","value":"enrolled"},{"path":"education.postgraduateSystem","op":"eq","value":"europe"},{"path":"education.nextStage","op":"eq","value":"postgraduate"}],"any":[],"none":[]}	研究生毕业了。第一份工作，你准备在哪儿找？	回国找专业或行业岗位 → 研究经历重新写了一遍，少讲题目有多新，多讲你到底做了什么。	[{"type":"tag","target":"history","value":"education:return_job"},{"type":"add","target":"agency","value":3},{"type":"transition","target":"education","value":"postgraduate","status":"completed"},{"type":"set","target":"education.highestCompleted","value":"postgraduate"},{"type":"set","target":"education.nextStage","value":"firstJob"},{"type":"set","target":"employment.entryCredential","value":"postgraduate"},{"type":"set","target":"activity.mode","value":"seeking"},{"type":"set","target":"employment.applicationRegion","value":"domestic"}]	echo_040@2—4年：论文和学分都过了。接下来要填的，是地区、岗位，还有什么时候能上班。；国内网申没有论文摘要那一栏。你把方法和结果拆开填了。；效果 [{"type":"add","target":"capabilities.resilience","value":1},{"type":"tag","target":"history","value":"echo:education"}]	无	无	三代理混排复核完成；已发现项已修正
decision_040	decision_040_choice_3	decision	education	年龄 25—38；人物 []；门槛 {"all":[{"path":"education.status","op":"eq","value":"enrolled"},{"path":"education.postgraduateSystem","op":"eq","value":"europe"},{"path":"education.nextStage","op":"eq","value":"postgraduate"}],"any":[],"none":[]}	研究生毕业了。第一份工作，你准备在哪儿找？	去美国找机会 → 工作资格和雇主要办的手续重新查。欧洲那套经验能带走，规定不能。	[{"type":"tag","target":"history","value":"education:us_job"},{"type":"add","target":"agency","value":2},{"type":"transition","target":"education","value":"postgraduate","status":"completed"},{"type":"set","target":"education.highestCompleted","value":"postgraduate"},{"type":"set","target":"education.nextStage","value":"firstJob"},{"type":"set","target":"employment.entryCredential","value":"postgraduate"},{"type":"set","target":"activity.mode","value":"seeking"},{"type":"set","target":"employment.applicationRegion","value":"us"}]	echo_040@3—5年：论文和学分都过了。接下来要填的，是地区、岗位，还有什么时候能上班。；美国岗位开始投了。申请表第一页就问以后要不要雇主办手续。；效果 [{"type":"add","target":"pressures.career","value":4},{"type":"tag","target":"history","value":"echo:education"}]	无	无	三代理混排复核完成；已发现项已修正
decision_040	decision_040_choice_4	decision	education	年龄 25—38；人物 []；门槛 {"all":[{"path":"education.status","op":"eq","value":"enrolled"},{"path":"education.postgraduateSystem","op":"eq","value":"europe"},{"path":"education.nextStage","op":"eq","value":"postgraduate"}],"any":[],"none":[]}	研究生毕业了。第一份工作，你准备在哪儿找？	还没找到，先做点短项目 → 你接能留下作品和反馈的短项目，合同多长就写多长，不拿它冒充长期工作。	[{"type":"tag","target":"history","value":"education:long_search"},{"type":"add","target":"agency","value":1},{"type":"transition","target":"education","value":"postgraduate","status":"completed"},{"type":"set","target":"education.highestCompleted","value":"postgraduate"},{"type":"set","target":"education.nextStage","value":"firstJob"},{"type":"set","target":"employment.entryCredential","value":"postgraduate"},{"type":"set","target":"activity.mode","value":"seeking"},{"type":"set","target":"employment.applicationRegion","value":"europe"}]	echo_040@4—6年：论文和学分都过了。接下来要填的，是地区、岗位，还有什么时候能上班。；求职还在继续。你的实践也没有完全断掉。；效果 [{"type":"add","target":"pressures.career","value":4},{"type":"tag","target":"history","value":"echo:education"}]	无	无	三代理混排复核完成；已发现项已修正
decision_041	decision_041_choice_1	decision	education	年龄 23—38；人物 []；门槛 {"all":[{"path":"education.status","op":"eq","value":"enrolled"},{"path":"education.postgraduateSystem","op":"in","value":["us","europe"]}],"any":[],"none":[]}	这一次，你从哪儿安顿下来？	熟人能联系就联系，也认识点新的人 → 你给原来认识的人发了消息，也参加了一次新同学的活动。有人回得快，有人只留了一个表情。	[{"type":"tag","target":"history","value":"education:dual_network"},{"type":"add","target":"agency","value":4},{"type":"add","target":"mobility.chineseCommunityTies","value":5},{"type":"add","target":"mobility.localTies","value":5},{"type":"add","target":"mobility.hostLanguage","value":1},{"type":"add","target":"mobility.dailyAdaptation","value":3}]	echo_041@1—3年：开学群消息很多。真正有用的联系人，还得慢慢认。；新同学不再只剩头像。原来的联系能不能接上，也有了答案。；效果 [{"type":"add","target":"agency","value":1},{"type":"tag","target":"history","value":"echo:education"}]	network/resultVariant；准备“熟人能联系就联系，也认识点新的人”时，“熟人能联系就联系，也认识点新的人”要真的走得通，得先问一个确实了解情况的人。；“熟人能联系就联系，也认识点新的人”照样有代价，不过可靠的消息补上了原来够不着的一角。 你这次走的是“熟人能联系就联系，也认识点新的人”。	无	三代理混排复核完成；已发现项已修正
decision_041	decision_041_choice_2	decision	education	年龄 23—38；人物 []；门槛 {"all":[{"path":"education.status","op":"eq","value":"enrolled"},{"path":"education.postgraduateSystem","op":"in","value":["us","europe"]}],"any":[],"none":[]}	这一次，你从哪儿安顿下来？	学校和国际学生服务能用就用 → 学术问题找课程和项目的人，手续问题去对应办公室，生活上的麻烦再问同学。你没再指望一个人什么都管。	[{"type":"tag","target":"history","value":"education:institutional_support"},{"type":"add","target":"agency","value":3},{"type":"add","target":"mobility.chineseCommunityTies","value":1},{"type":"add","target":"mobility.localTies","value":6},{"type":"add","target":"mobility.hostLanguage","value":1},{"type":"add","target":"mobility.dailyAdaptation","value":5}]	echo_041@2—4年：开学群消息很多。真正有用的联系人，还得慢慢认。；出了问题时，你手里多了几个不同的联系人。；效果 [{"type":"add","target":"capabilities.resilience","value":1},{"type":"tag","target":"history","value":"echo:education"}]	无	无	三代理混排复核完成；已发现项已修正
decision_041	decision_041_choice_3	decision	education	年龄 23—38；人物 []；门槛 {"all":[{"path":"education.status","op":"eq","value":"enrolled"},{"path":"education.postgraduateSystem","op":"in","value":["us","europe"]}],"any":[],"none":[]}	这一次，你从哪儿安顿下来？	先补当地语言和办事那一套 → 课程之外又多一门要学的。预约、合同和招聘里的常用话，开始不用每次都猜。	[{"type":"tag","target":"history","value":"education:host_language"},{"type":"add","target":"agency","value":2},{"type":"add","target":"mobility.chineseCommunityTies","value":0},{"type":"add","target":"mobility.localTies","value":2},{"type":"add","target":"mobility.hostLanguage","value":8},{"type":"add","target":"mobility.dailyAdaptation","value":6}]	echo_041@3—5年：开学群消息很多。真正有用的联系人，还得慢慢认。；日常顺了一些。说到快的时候，你还是会漏掉一半。；效果 [{"type":"add","target":"pressures.career","value":4},{"type":"tag","target":"history","value":"echo:education"}]	无	无	三代理混排复核完成；已发现项已修正
decision_042	decision_042_choice_1	decision	education	年龄 24—39；人物 []；门槛 {"all":[{"path":"education.status","op":"eq","value":"enrolled"},{"path":"education.postgraduateSystem","op":"in","value":["us","europe"]}],"any":[],"none":[]}	你准备怎么应对？	把话说回去，合作还是继续 → 你纠正了对方，也说了下次别再这样。该做的事照做，但不再假装那句话没发生。	[{"type":"tag","target":"history","value":"education:bounded_cooperation"},{"type":"add","target":"agency","value":4},{"type":"add","target":"mobility.discriminationLoad","value":2},{"type":"add","target":"mobility.belonging","value":4},{"type":"add","target":"capabilities.boundary","value":3},{"type":"add","target":"mobility.localTies","value":2},{"type":"add","target":"mobility.chineseCommunityTies","value":0}]	echo_042@1—3年：散会以后，那句话和替你接话的人，你都记得。；以后能不能处下去，要看尊重是不是只出现这一次。；效果 [{"type":"add","target":"agency","value":1},{"type":"tag","target":"history","value":"echo:education"}]	boundary/resultVariant；准备“把话说回去，合作还是继续”时，这次多了一步准备：先把愿意承担和不能接受的部分分别说清。；结果仍不确定；你的界线没有在点头时一起让出去。 你这次走的是“把话说回去，合作还是继续”。	无	三代理混排复核完成；已发现项已修正
decision_042	decision_042_choice_2	decision	education	年龄 24—39；人物 []；门槛 {"all":[{"path":"education.status","op":"eq","value":"enrolled"},{"path":"education.postgraduateSystem","op":"in","value":["us","europe"]}],"any":[],"none":[]}	你准备怎么应对？	留下记录，去找能管这件事的人 → 你记下原话和在场的人，去找导师、工会或支持服务。对方给了正式渠道，也说了还能换什么安排。	[{"type":"tag","target":"history","value":"education:documented"},{"type":"add","target":"agency","value":3},{"type":"add","target":"mobility.discriminationLoad","value":1},{"type":"add","target":"mobility.belonging","value":3},{"type":"add","target":"capabilities.boundary","value":2},{"type":"add","target":"mobility.localTies","value":2},{"type":"add","target":"mobility.chineseCommunityTies","value":1}]	echo_042@2—4年：散会以后，那句话和替你接话的人，你都记得。；事情进了记录，不再只由你一个人证明它发生过。；效果 [{"type":"add","target":"capabilities.resilience","value":1},{"type":"tag","target":"history","value":"echo:education"}]	无	无	三代理混排复核完成；已发现项已修正
decision_042	decision_042_choice_3	decision	education	年龄 24—39；人物 []；门槛 {"all":[{"path":"education.status","op":"eq","value":"enrolled"},{"path":"education.postgraduateSystem","op":"in","value":["us","europe"]}],"any":[],"none":[]}	你准备怎么应对？	换合作安排，或者离开这里 → 你先找能继续课程或项目的地方，再离开原来的环境。换地方很麻烦，一直耗着也没有比较高尚。	[{"type":"tag","target":"history","value":"education:environment_change"},{"type":"add","target":"agency","value":2},{"type":"add","target":"mobility.discriminationLoad","value":2},{"type":"add","target":"mobility.belonging","value":1},{"type":"add","target":"capabilities.boundary","value":4},{"type":"add","target":"mobility.localTies","value":0},{"type":"add","target":"mobility.chineseCommunityTies","value":0}]	echo_042@3—5年：散会以后，那句话和替你接话的人，你都记得。；课程或项目接上了。身边的人得重新认识。；效果 [{"type":"add","target":"pressures.career","value":4},{"type":"tag","target":"history","value":"echo:education"}]	无	无	三代理混排复核完成；已发现项已修正
decision_042	decision_042_choice_4	decision	education	年龄 24—39；人物 []；门槛 {"all":[{"path":"education.status","op":"eq","value":"enrolled"},{"path":"education.postgraduateSystem","op":"in","value":["us","europe"]}],"any":[],"none":[]}	你准备怎么应对？	找社区和身边的人一起回应 → 华人、国际学生或本地同学里，有人愿意陪你去说，也有人下次会在现场接话。	[{"type":"tag","target":"history","value":"education:allies"},{"type":"add","target":"agency","value":1},{"type":"add","target":"mobility.discriminationLoad","value":1},{"type":"add","target":"mobility.belonging","value":5},{"type":"add","target":"capabilities.boundary","value":2},{"type":"add","target":"mobility.localTies","value":4},{"type":"add","target":"mobility.chineseCommunityTies","value":4}]	echo_042@4—6年：散会以后，那句话和替你接话的人，你都记得。；这次支持你的，不只来自一个圈子。；效果 [{"type":"add","target":"pressures.career","value":4},{"type":"tag","target":"history","value":"echo:education"}]	无	无	三代理混排复核完成；已发现项已修正
decision_043	decision_043_choice_1	decision	employment	年龄 18—45；人物 []；门槛 {"all":[{"path":"education.status","op":"notIn","value":["notStarted","enrolled"]},{"path":"education.nextStage","op":"eq","value":"career"},{"path":"employment.status","op":"in","value":["unemployed","gig"]}],"any":[],"none":[]}	HR发来录用通知：试用期少两千，转正时间只写了“视表现而定”。	先进去再说 → 入职第二个月，主管说转正要等部门名额。	[{"type":"tag","target":"history","value":"employment:deliberate"},{"type":"add","target":"agency","value":4},{"type":"applyEmploymentProfile","target":"employment","value":"admin_assistant"},{"type":"add","target":"pressures.career","value":4}]	echo_043@1—3年：那份录用通知后来又被翻了出来。；半年后，名额还没下来，试用期工资倒是一直按时发。；效果 [{"type":"add","target":"agency","value":1},{"type":"tag","target":"history","value":"echo:employment"}]	negotiation/resultVariant；准备“先进去再说”时，这次多做了一层准备：把期限、钱和各自要做的事摊开谈。；回头看这一步，说出口的条件有了能核对的落点。 你这次走的是“先进去再说”。	无	三代理混排复核完成；已发现项已修正
decision_043	decision_043_choice_2	decision	employment	年龄 18—45；人物 []；门槛 {"all":[{"path":"education.status","op":"notIn","value":["notStarted","enrolled"]},{"path":"education.nextStage","op":"eq","value":"career"},{"path":"employment.status","op":"in","value":["unemployed","gig"]}],"any":[],"none":[]}	HR发来录用通知：试用期少两千，转正时间只写了“视表现而定”。	让HR写进邮件 → HR补了一封邮件，语气明显没电话里热情。	[{"type":"tag","target":"history","value":"employment:negotiated"},{"type":"add","target":"agency","value":3},{"type":"applyEmploymentProfile","target":"employment","value":"sales_representative"},{"type":"add","target":"pressures.career","value":1}]	echo_043@2—4年：那份录用通知后来又被翻了出来。；谈补偿时，你翻出那封邮件，多拿回了两个月工资。；效果 [{"type":"add","target":"capabilities.resilience","value":1},{"type":"tag","target":"history","value":"echo:employment"}]	无	无	三代理混排复核完成；已发现项已修正
decision_043	decision_043_choice_3	decision	employment	年龄 18—45；人物 []；门槛 {"all":[{"path":"education.status","op":"notIn","value":["notStarted","enrolled"]},{"path":"education.nextStage","op":"eq","value":"career"},{"path":"employment.status","op":"in","value":["unemployed","gig"]}],"any":[],"none":[]}	HR发来录用通知：试用期少两千，转正时间只写了“视表现而定”。	不去了，继续投 → 对方很快回了“好的”，招聘软件重新开始推岗位。	[{"type":"tag","target":"history","value":"employment:risk"},{"type":"add","target":"agency","value":2},{"type":"leaveEmployment","target":"employment","value":"offerDeclined"},{"type":"add","target":"pressures.career","value":-2}]	echo_043@3—5年：那份录用通知后来又被翻了出来。；下一份工资高了些，你也多空窗了四个月。；效果 [{"type":"add","target":"pressures.career","value":4},{"type":"tag","target":"history","value":"echo:employment"}]	无	无	三代理混排复核完成；已发现项已修正
decision_044	decision_044_choice_1	decision	employment	年龄 21—58；人物 []；门槛 {"all":[{"path":"education.status","op":"notIn","value":["notStarted","enrolled"]},{"path":"employment.status","op":"eq","value":"employed"}],"any":[],"none":[]}	主管说可以涨薪，但从下个月起，周末也要随时回消息。	接下涨薪和职责 → 新工资写进了系统，周六上午也多了一个固定会议。	[{"type":"tag","target":"history","value":"employment:deliberate"},{"type":"add","target":"agency","value":4},{"type":"applyEmploymentProfile","target":"employment","value":"current:high"},{"type":"add","target":"pressures.career","value":4}]	echo_044@1—3年：那次涨薪谈话后来有了下文。；一年后，工资确实高了，家里也不再默认周末能找到你。；效果 [{"type":"add","target":"agency","value":1},{"type":"tag","target":"history","value":"echo:employment"}]	boundary/resultVariant；准备“接下涨薪和职责”时，眼前仍要你自己选；牌能帮的，是把愿意承担和不能接受的部分分别说清。；这次仍要由你承担后果；你的界线没有在点头时一起让出去。 你这次走的是“接下涨薪和职责”。	无	三代理混排复核完成；已发现项已修正
decision_044	decision_044_choice_2	decision	employment	年龄 21—58；人物 []；门槛 {"all":[{"path":"education.status","op":"notIn","value":["notStarted","enrolled"]},{"path":"employment.status","op":"eq","value":"employed"}],"any":[],"none":[]}	主管说可以涨薪，但从下个月起，周末也要随时回消息。	先把加班写清楚 → 主管删掉了“随时响应”，改成每月最多两个周末值班。	[{"type":"tag","target":"history","value":"employment:negotiated"},{"type":"add","target":"agency","value":3},{"type":"applyEmploymentProfile","target":"employment","value":"current:mid"},{"type":"add","target":"pressures.career","value":1}]	echo_044@2—4年：那次涨薪谈话后来有了下文。；后来部门换了负责人，你拿着旧邮件把排班争议挡了回去。；效果 [{"type":"add","target":"capabilities.resilience","value":1},{"type":"tag","target":"history","value":"echo:employment"}]	无	无	三代理混排复核完成；已发现项已修正
decision_044	decision_044_choice_3	decision	employment	年龄 21—58；人物 []；门槛 {"all":[{"path":"education.status","op":"notIn","value":["notStarted","enrolled"]},{"path":"employment.status","op":"eq","value":"employed"}],"any":[],"none":[]}	主管说可以涨薪，但从下个月起，周末也要随时回消息。	不要这次涨薪 → 你保留了原岗位，主管只回了一句“尊重个人选择”。	[{"type":"tag","target":"history","value":"employment:risk"},{"type":"add","target":"agency","value":2},{"type":"add","target":"pressures.career","value":-2}]	echo_044@3—5年：那次涨薪谈话后来有了下文。；下一轮晋升名单没有你，周末倒一直还是自己的。；效果 [{"type":"add","target":"pressures.career","value":4},{"type":"tag","target":"history","value":"echo:employment"}]	无	无	三代理混排复核完成；已发现项已修正
decision_045	decision_045_choice_1	decision	employment	年龄 21—62；人物 []；门槛 {"all":[{"path":"education.status","op":"notIn","value":["notStarted","enrolled"]},{"path":"employment.status","op":"eq","value":"employed"}],"any":[],"none":[]}	部门要撤了。桌上这些材料，你先处理哪一样？	把材料对一遍，该签的签 → 你把工资和年假一项项对完，让对方把解除原因和金额写清楚了再签。交工牌的时候，签收单也拿到了。	[{"type":"tag","target":"history","value":"employment:documented_exit"},{"type":"add","target":"agency","value":4},{"type":"resolveLayoff","target":"employment","value":"documented"},{"type":"set","target":"activity.mode","value":"seeking"},{"type":"add","target":"pressures.career","value":5},{"type":"tag","target":"history","value":"research:E70"}]	echo_045@1—3年：那次谈话留下的纸，后来帮了忙也惹了麻烦。；后来申请失业金，下家背调，离职证明都没再卡住你。；效果 [{"type":"add","target":"agency","value":1},{"type":"tag","target":"history","value":"echo:employment"}]	evidence/resultVariant；准备“把材料对一遍，该签的签”时，你没有急着选，先把日期、凭据和能复核的细节放在手边。；多出来的差别很具体：该留下的凭据没有缺席。 你这次走的是“把材料对一遍，该签的签”。	无	三代理混排复核完成；已发现项已修正
decision_045	decision_045_choice_2	decision	employment	年龄 21—62；人物 []；门槛 {"all":[{"path":"education.status","op":"notIn","value":["notStarted","enrolled"]},{"path":"employment.status","op":"eq","value":"employed"}],"any":[],"none":[]}	部门要撤了。桌上这些材料，你先处理哪一样？	问问能不能转到别的部门 → 新部门那边确认了岗位和薪资，报到日期也定了。门禁就停了一下午。	[{"type":"tag","target":"history","value":"employment:internal_transfer"},{"type":"add","target":"agency","value":3},{"type":"adjustJobTier","target":"employment","value":0},{"type":"set","target":"activity.mode","value":"work"},{"type":"add","target":"pressures.career","value":-2},{"type":"tag","target":"history","value":"research:E70"}]	echo_045@2—4年：那次谈话留下的纸，后来帮了忙也惹了麻烦。；旧部门散伙以后，你在新团队站住了。；效果 [{"type":"add","target":"capabilities.resilience","value":1},{"type":"tag","target":"history","value":"echo:employment"}]	无	无	三代理混排复核完成；已发现项已修正
decision_045	decision_045_choice_3	decision	employment	年龄 21—62；人物 []；门槛 {"all":[{"path":"education.status","op":"notIn","value":["notStarted","enrolled"]},{"path":"employment.status","op":"eq","value":"employed"}],"any":[],"none":[]}	部门要撤了。桌上这些材料，你先处理哪一样？	先不签，找人看看再说 → 你拿着没签字的协议走了。找人看过再回来谈，第二次坐下来，有争议的几项单独标出来了。	[{"type":"tag","target":"history","value":"employment:reviewed_exit"},{"type":"add","target":"agency","value":2},{"type":"resolveLayoff","target":"employment","value":"reviewed"},{"type":"set","target":"activity.mode","value":"seeking"},{"type":"add","target":"pressures.career","value":6},{"type":"tag","target":"history","value":"research:E70"}]	echo_045@3—5年：那次谈话留下的纸，后来帮了忙也惹了麻烦。；后面来来回回只争那几项。不再靠嘴上说。；效果 [{"type":"add","target":"pressures.career","value":4},{"type":"tag","target":"history","value":"echo:employment"}]	无	无	三代理混排复核完成；已发现项已修正
decision_046	decision_046_choice_1	decision	employment	年龄 22—58；人物 []；门槛 {"all":[{"path":"education.status","op":"notIn","value":["notStarted","enrolled"]}],"any":[],"none":[]}	面试过了几家，条件都不一样。你怎么选？	回原来的行业 → 你用老项目的材料过的面试。新合同上职责和试用期都写清了。报到那天，补偿金还没花完。	[{"type":"tag","target":"history","value":"employment:same_field"},{"type":"add","target":"agency","value":4},{"type":"applyEmploymentProfile","target":"employment","value":"sameField"},{"type":"add","target":"capabilities.employability","value":3},{"type":"add","target":"pressures.career","value":-5},{"type":"tag","target":"history","value":"research:E71"}]	echo_046@1—3年：离职证明旁边，后来放上了新的去向。；半年后你已经能独立接手项目，原公司的工牌还躺在旧抽屉里。；效果 [{"type":"add","target":"agency","value":1},{"type":"tag","target":"history","value":"echo:employment"}]	portableSkill/resultVariant；准备“回原来的行业”时，“回原来的行业”要真的走得通，得先拿一件真正做过的事试路。；“回原来的行业”照样有代价，不过做过的事成了这次选择的底气。 你这次走的是“回原来的行业”。	无	三代理混排复核完成；已发现项已修正
decision_046	decision_046_choice_2	decision	employment	年龄 22—58；人物 []；门槛 {"all":[{"path":"education.status","op":"notIn","value":["notStarted","enrolled"]}],"any":[],"none":[]}	面试过了几家，条件都不一样。你怎么选？	先找个活干着 → 接了份钱不多但能马上上班的。晚上接着投，第一笔工资补了房租。	[{"type":"tag","target":"history","value":"employment:bridge_job"},{"type":"add","target":"agency","value":3},{"type":"applyEmploymentProfile","target":"employment","value":"bridgeJob"},{"type":"add","target":"capabilities.employability","value":1},{"type":"add","target":"pressures.career","value":-2},{"type":"tag","target":"history","value":"research:E71"}]	echo_046@2—4年：离职证明旁边，后来放上了新的去向。；后来换了更合适的工作。这段经历没藏，简历上写着。；效果 [{"type":"add","target":"capabilities.resilience","value":1},{"type":"tag","target":"history","value":"echo:employment"}]	无	无	三代理混排复核完成；已发现项已修正
decision_046	decision_046_choice_3	decision	employment	年龄 22—58；人物 []；门槛 {"all":[{"path":"education.status","op":"notIn","value":["notStarted","enrolled"]}],"any":[],"none":[]}	面试过了几家，条件都不一样。你怎么选？	学个新东西，换个方向 → 报了短期班，把以前的经验往新方向靠。新岗位从低的做起。	[{"type":"tag","target":"history","value":"employment:retrained"},{"type":"add","target":"agency","value":2},{"type":"applyEmploymentProfile","target":"employment","value":"careerChange"},{"type":"add","target":"capabilities.employability","value":4},{"type":"add","target":"pressures.career","value":-2},{"type":"tag","target":"history","value":"research:E71"}]	echo_046@3—5年：离职证明旁边，后来放上了新的去向。；一年后级别还没追回来，干的活已经不用靠原来那行了。；效果 [{"type":"add","target":"pressures.career","value":4},{"type":"tag","target":"history","value":"echo:employment"}]	无	无	三代理混排复核完成；已发现项已修正
decision_046	decision_046_choice_4	decision	employment	年龄 22—58；人物 []；门槛 {"all":[{"path":"education.status","op":"notIn","value":["notStarted","enrolled"]}],"any":[],"none":[]}	面试过了几家，条件都不一样。你怎么选？	接着找。省着花 → 面了几轮都没下文。把花销压到最低，零散的活也接。	[{"type":"tag","target":"history","value":"employment:long_search"},{"type":"add","target":"agency","value":1},{"type":"leaveEmployment","target":"employment","value":"longSearch"},{"type":"set","target":"activity.mode","value":"seeking"},{"type":"add","target":"capabilities.employability","value":1},{"type":"add","target":"pressures.career","value":6},{"type":"tag","target":"history","value":"research:E71"}]	echo_046@4—6年：离职证明旁边，后来放上了新的去向。；下一份工作来之前，靠零活撑着。作品没断。；效果 [{"type":"add","target":"pressures.career","value":4},{"type":"tag","target":"history","value":"echo:employment"}]	无	无	三代理混排复核完成；已发现项已修正
decision_047	decision_047_choice_1	decision	employment	年龄 20—62；人物 []；门槛 {"all":[{"path":"education.status","op":"notIn","value":["notStarted","enrolled"]},{"path":"employment.status","op":"eq","value":"employed"}],"any":[],"none":[]}	项目出了错，上级让你先在责任说明上签字，说之后再内部处理。	保存记录如实说明 → 你把版本记录、邮件和会议时间一起交了上去。	[{"type":"tag","target":"history","value":"employment:deliberate"},{"type":"add","target":"agency","value":4},{"type":"add","target":"pressures.career","value":4}]	echo_047@1—3年：那份责任说明进了后来的一次审计。；客户追责时，调查组按时间线找到了真正改过文件的人。；效果 [{"type":"add","target":"agency","value":1},{"type":"tag","target":"history","value":"echo:employment"}]	evidence/resultVariant；准备“保存记录如实说明”时，这次多了一步准备：先把日期、凭据和能复核的细节放在手边。；结果仍不确定；该留下的凭据没有缺席。 你这次走的是“保存记录如实说明”。	无	三代理混排复核完成；已发现项已修正
decision_047	decision_047_choice_2	decision	employment	年龄 20—62；人物 []；门槛 {"all":[{"path":"education.status","op":"notIn","value":["notStarted","enrolled"]},{"path":"employment.status","op":"eq","value":"employed"}],"any":[],"none":[]}	项目出了错，上级让你先在责任说明上签字，说之后再内部处理。	先补救再说明 → 你和同事熬了一晚把交付补上，责任说明暂时没发。	[{"type":"tag","target":"history","value":"employment:negotiated"},{"type":"add","target":"agency","value":3},{"type":"add","target":"pressures.career","value":1}]	echo_047@2—4年：那份责任说明进了后来的一次审计。；项目保住了，复盘会上却只写了“团队主动整改”。；效果 [{"type":"add","target":"capabilities.resilience","value":1},{"type":"tag","target":"history","value":"echo:employment"}]	无	无	三代理混排复核完成；已发现项已修正
decision_047	decision_047_choice_3	decision	employment	年龄 20—62；人物 []；门槛 {"all":[{"path":"education.status","op":"notIn","value":["notStarted","enrolled"]},{"path":"employment.status","op":"eq","value":"employed"}],"any":[],"none":[]}	项目出了错，上级让你先在责任说明上签字，说之后再内部处理。	替上级签字 → 上级拍了拍你，说年底绩效不会亏待你。	[{"type":"tag","target":"history","value":"employment:risk"},{"type":"add","target":"agency","value":2},{"type":"add","target":"pressures.career","value":-2}]	echo_047@3—5年：那份责任说明进了后来的一次审计。；年底评级没变，那份签字文件倒一直留在审计系统里。；效果 [{"type":"add","target":"pressures.career","value":4},{"type":"tag","target":"history","value":"echo:employment"}]	无	无	三代理混排复核完成；已发现项已修正
decision_048	decision_048_choice_1	decision	employment	年龄 25—62；人物 []；门槛 {"all":[{"path":"education.status","op":"notIn","value":["notStarted","enrolled"]},{"path":"employment.status","op":"eq","value":"employed"}],"any":[],"none":[]}	主管岗位空出来了。接下它，你要开始给以前一起吃午饭的同事打绩效。	接下管理岗 → 人事给你换了职级，原来的同事开始叫你领导。	[{"type":"tag","target":"history","value":"employment:deliberate"},{"type":"add","target":"agency","value":4},{"type":"adjustJobTier","target":"employment","value":1},{"type":"tag","target":"history","value":"research:E69"},{"type":"add","target":"pressures.career","value":4}]	echo_048@1—3年：那次晋升后来落到了具体的人身上。；第一次末位沟通时，坐你对面的是带你入职的人。；效果 [{"type":"add","target":"agency","value":1},{"type":"tag","target":"history","value":"echo:employment"}]	boundary/resultVariant；准备“接下管理岗”时，动手以前，你决定把愿意承担和不能接受的部分分别说清，再看要不要“接下管理岗”。；结果落定时，你的界线没有在点头时一起让出去。 你这次走的是“接下管理岗”。	无	三代理混排复核完成；已发现项已修正
decision_048	decision_048_choice_2	decision	employment	年龄 25—62；人物 []；门槛 {"all":[{"path":"education.status","op":"notIn","value":["notStarted","enrolled"]},{"path":"employment.status","op":"eq","value":"employed"}],"any":[],"none":[]}	主管岗位空出来了。接下它，你要开始给以前一起吃午饭的同事打绩效。	只走专业线 → 你保留了项目和涨薪，不再参加排班审批会。	[{"type":"tag","target":"history","value":"employment:negotiated"},{"type":"add","target":"agency","value":3},{"type":"applyEmploymentProfile","target":"employment","value":"current:high"},{"type":"tag","target":"history","value":"research:E69"},{"type":"add","target":"pressures.career","value":1}]	echo_048@2—4年：那次晋升后来落到了具体的人身上。；几年后公司另设专家岗，你的技术记录终于能直接算业绩。；效果 [{"type":"add","target":"capabilities.resilience","value":1},{"type":"tag","target":"history","value":"echo:employment"}]	无	无	三代理混排复核完成；已发现项已修正
decision_048	decision_048_choice_3	decision	employment	年龄 25—62；人物 []；门槛 {"all":[{"path":"education.status","op":"notIn","value":["notStarted","enrolled"]},{"path":"employment.status","op":"eq","value":"employed"}],"any":[],"none":[]}	主管岗位空出来了。接下它，你要开始给以前一起吃午饭的同事打绩效。	这次不升了 → 名单发出前，你把名字撤了回来。	[{"type":"tag","target":"history","value":"employment:risk"},{"type":"add","target":"agency","value":2},{"type":"tag","target":"history","value":"research:E69"},{"type":"add","target":"pressures.career","value":-2}]	echo_048@3—5年：那次晋升后来落到了具体的人身上。；新主管上任后，你的工作没少，只是不再由你决定优先级。；效果 [{"type":"add","target":"pressures.career","value":4},{"type":"tag","target":"history","value":"echo:employment"}]	无	无	三代理混排复核完成；已发现项已修正
decision_049	decision_049_choice_1	decision	employment	年龄 25—66；人物 []；门槛 {"all":[{"path":"education.status","op":"notIn","value":["notStarted","enrolled"]},{"path":"employment.status","op":"eq","value":"employed"}],"any":[],"none":[]}	订单少了，公司让大家签“自愿无薪休假”，恢复上班的日期空着。	休假去学新技能 → 你没签离职，在家开始上晚课，社保仍由公司缴。	[{"type":"tag","target":"history","value":"employment:deliberate"},{"type":"add","target":"agency","value":4},{"type":"add","target":"pressures.career","value":4}]	echo_049@1—3年：那张无薪休假单后来又出现了一次。；复工通知来得很晚，课程证书先一步发到了邮箱。；效果 [{"type":"add","target":"agency","value":1},{"type":"tag","target":"history","value":"echo:employment"}]	learning/resultVariant；准备“休假去学新技能”时，这次多做了一层准备：把陌生的部分拆成眼前能学的一步。；回头看这一步，新学会的那一步当场用上了。 你这次走的是“休假去学新技能”。	无	三代理混排复核完成；已发现项已修正
decision_049	decision_049_choice_2	decision	employment	年龄 25—66；人物 []；门槛 {"all":[{"path":"education.status","op":"notIn","value":["notStarted","enrolled"]},{"path":"employment.status","op":"eq","value":"employed"}],"any":[],"none":[]}	订单少了，公司让大家签“自愿无薪休假”，恢复上班的日期空着。	让他们按合同来 → 人事把“自愿”两个字删了，重新发来待岗工资方案。	[{"type":"tag","target":"history","value":"employment:negotiated"},{"type":"add","target":"agency","value":3},{"type":"add","target":"pressures.career","value":1}]	echo_049@2—4年：那张无薪休假单后来又出现了一次。；公司后来补发工资时，你的名字在第一批名单里。；效果 [{"type":"add","target":"capabilities.resilience","value":1},{"type":"tag","target":"history","value":"echo:employment"}]	无	无	三代理混排复核完成；已发现项已修正
decision_049	decision_049_choice_3	decision	employment	年龄 25—66；人物 []；门槛 {"all":[{"path":"education.status","op":"notIn","value":["notStarted","enrolled"]},{"path":"employment.status","op":"eq","value":"employed"}],"any":[],"none":[]}	订单少了，公司让大家签“自愿无薪休假”，恢复上班的日期空着。	先离职再找 → 离职手续当天办完，招聘软件却比上个月安静得多。	[{"type":"tag","target":"history","value":"employment:risk"},{"type":"add","target":"agency","value":2},{"type":"leaveEmployment","target":"employment","value":"resigned"},{"type":"add","target":"pressures.career","value":-2}]	echo_049@3—5年：那张无薪休假单后来又出现了一次。；三个月后你才入职，谈工资时已经没了在职筹码。；效果 [{"type":"add","target":"pressures.career","value":4},{"type":"tag","target":"history","value":"echo:employment"}]	无	无	三代理混排复核完成；已发现项已修正
decision_050	decision_050_choice_1	decision	employment	年龄 55—72；人物 []；门槛 {"all":[{"path":"education.status","op":"notIn","value":["notStarted","enrolled"]},{"path":"employment.status","op":"eq","value":"employed"}],"any":[],"none":[]}	长期岗位合同到期前，公司想让你再带一年新人，工资另算。	续约一年并带新人 → 续约合同写到具体日期，带的新人也列进了附件。	[{"type":"tag","target":"history","value":"employment:deliberate"},{"type":"add","target":"agency","value":4},{"type":"add","target":"pressures.career","value":4}]	echo_050@1—3年：合同到期的日子还是到了。；一年到期，公司又来问时，新人已经能自己值班了。；效果 [{"type":"add","target":"agency","value":1},{"type":"tag","target":"history","value":"echo:employment"}]	negotiation/resultVariant；准备“续约一年并带新人”时，眼前仍要你自己选；牌能帮的，是把期限、钱和各自要做的事摊开谈。；这次仍要由你承担后果；说出口的条件有了能核对的落点。 你这次走的是“续约一年并带新人”。	无	三代理混排复核完成；已发现项已修正
decision_050	decision_050_choice_2	decision	employment	年龄 55—72；人物 []；门槛 {"all":[{"path":"education.status","op":"notIn","value":["notStarted","enrolled"]},{"path":"employment.status","op":"eq","value":"employed"}],"any":[],"none":[]}	长期岗位合同到期前，公司想让你再带一年新人，工资另算。	只做三个月交接 → 你每周去两天，不再参加部门考勤和临时会议。	[{"type":"tag","target":"history","value":"employment:negotiated"},{"type":"add","target":"agency","value":3},{"type":"completeEmploymentHandover","target":"employment","value":"threeMonths"},{"type":"add","target":"pressures.career","value":1}]	echo_050@2—4年：合同到期的日子还是到了。；项目交接完那天，门禁权限跟着关了。；效果 [{"type":"add","target":"capabilities.resilience","value":1},{"type":"tag","target":"history","value":"echo:employment"}]	无	无	三代理混排复核完成；已发现项已修正
decision_050	decision_050_choice_3	decision	employment	年龄 55—72；人物 []；门槛 {"all":[{"path":"education.status","op":"notIn","value":["notStarted","enrolled"]},{"path":"employment.status","op":"eq","value":"employed"}],"any":[],"none":[]}	长期岗位合同到期前，公司想让你再带一年新人，工资另算。	不续了，走人 → 你交了工牌，结了工资和假期。退不退休的事，不是这份合同能定的。	[{"type":"tag","target":"history","value":"employment:risk"},{"type":"add","target":"agency","value":2},{"type":"leaveEmployment","target":"employment","value":"contractEnded"},{"type":"add","target":"pressures.career","value":-2}]	echo_050@3—5年：合同到期的日子还是到了。；下次再想退不退休的时候，社保年限还得另外算。；效果 [{"type":"add","target":"pressures.career","value":4},{"type":"tag","target":"history","value":"echo:employment"}]	无	无	三代理混排复核完成；已发现项已修正
decision_051	decision_051_choice_1	decision	employment	年龄 16—28；人物 []；门槛 {"all":[{"path":"education.status","op":"notIn","value":["notStarted","enrolled"]},{"path":"education.nextStage","op":"in","value":["firstJob","workOrVocational"]},{"path":"employment.status","op":"notIn","value":["employed","selfEmployed"]}],"any":[],"none":[]}	第一份工作，你先从哪儿找？	先投入门岗位 → 学历和离校时间照实填，做过什么也照实写。你没把一次社团活动改成三年管理经验。	[{"type":"tag","target":"history","value":"employment:graduate_channel"},{"type":"add","target":"agency","value":4},{"type":"set","target":"employment.applicationStatus","value":"applying"},{"type":"set","target":"employment.applicationChannel","value":"openRecruitment"},{"type":"set","target":"employment.firstJobEntryPath","value":"openRecruitment"},{"type":"add","target":"education.practiceEvidence","value":1},{"type":"add","target":"pressures.career","value":1}]	echo_051@1—3年：你选了一个入口，开始真的往外投。；收藏夹短了一点，“已申请”那栏终于不再是空的。；效果 [{"type":"add","target":"agency","value":1},{"type":"tag","target":"history","value":"echo:employment"}]	evidence/resultVariant；准备“先投入门岗位”时，你没有急着选，先把日期、凭据和能复核的细节放在手边。；多出来的差别很具体：该留下的凭据没有缺席。 你这次走的是“先投入门岗位”。	无	三代理混排复核完成；已发现项已修正
decision_051	decision_051_choice_2	decision	employment	年龄 16—28；人物 []；门槛 {"all":[{"path":"education.status","op":"notIn","value":["notStarted","enrolled"]},{"path":"education.nextStage","op":"in","value":["firstJob","workOrVocational"]},{"path":"employment.status","op":"notIn","value":["employed","selfEmployed"]}],"any":[],"none":[]}	第一份工作，你先从哪儿找？	问问实习或项目能不能留下 → 你去问岗位、合同和转正条件。对方说“机会挺大”，你接着问：那什么时候定？	[{"type":"tag","target":"history","value":"employment:conversion"},{"type":"add","target":"agency","value":3},{"type":"set","target":"employment.applicationStatus","value":"applying"},{"type":"set","target":"employment.applicationChannel","value":"conversion"},{"type":"set","target":"employment.firstJobEntryPath","value":"conversion"},{"type":"add","target":"education.practiceEvidence","value":5},{"type":"add","target":"pressures.career","value":1}]	echo_051@2—4年：你选了一个入口，开始真的往外投。；对方开始谈留用。录用通知还是空的。；效果 [{"type":"add","target":"capabilities.resilience","value":1},{"type":"tag","target":"history","value":"echo:employment"}]	无	无	三代理混排复核完成；已发现项已修正
decision_051	decision_051_choice_3	decision	employment	年龄 16—28；人物 []；门槛 {"all":[{"path":"education.status","op":"notIn","value":["notStarted","enrolled"]},{"path":"education.nextStage","op":"in","value":["firstJob","workOrVocational"]},{"path":"employment.status","op":"notIn","value":["employed","selfEmployed"]}],"any":[],"none":[]}	第一份工作，你先从哪儿找？	只看专业对口的岗位 → 你把方法、工具和能独立做的事写在前面。学历占一行，不再占完一整页。	[{"type":"tag","target":"history","value":"employment:specialist"},{"type":"add","target":"agency","value":2},{"type":"set","target":"employment.applicationStatus","value":"applying"},{"type":"set","target":"employment.applicationChannel","value":"specialist"},{"type":"set","target":"employment.firstJobEntryPath","value":"specialist"},{"type":"add","target":"education.practiceEvidence","value":1},{"type":"add","target":"pressures.career","value":2}]	echo_051@3—5年：你选了一个入口，开始真的往外投。；职位少了一截。剩下的至少会问你到底会什么。；效果 [{"type":"add","target":"pressures.career","value":4},{"type":"tag","target":"history","value":"echo:employment"}]	无	无	三代理混排复核完成；已发现项已修正
decision_051	decision_051_choice_4	decision	employment	年龄 16—28；人物 []；门槛 {"all":[{"path":"education.status","op":"notIn","value":["notStarted","enrolled"]},{"path":"education.nextStage","op":"in","value":["firstJob","workOrVocational"]},{"path":"employment.status","op":"notIn","value":["employed","selfEmployed"]}],"any":[],"none":[]}	第一份工作，你先从哪儿找？	先找个能接上的岗位 → 完全对口的职位太少，你把范围放宽了一点。先投能学到行业做法的，别让空窗继续变长。	[{"type":"tag","target":"history","value":"employment:bridge"},{"type":"add","target":"agency","value":1},{"type":"set","target":"employment.applicationStatus","value":"applying"},{"type":"set","target":"employment.applicationChannel","value":"bridge"},{"type":"set","target":"employment.firstJobEntryPath","value":"bridge"},{"type":"add","target":"education.practiceEvidence","value":3},{"type":"add","target":"pressures.career","value":-1}]	echo_051@4—6年：你选了一个入口，开始真的往外投。；收藏夹多了一类职位。工资还没来，申请先多了。；效果 [{"type":"add","target":"pressures.career","value":4},{"type":"tag","target":"history","value":"echo:employment"}]	无	无	三代理混排复核完成；已发现项已修正
decision_052	decision_052_choice_1	decision	employment	年龄 17—29；人物 []；门槛 {"all":[{"path":"education.status","op":"notIn","value":["notStarted","enrolled"]}],"any":[],"none":[]}	下一轮真来了，你准备先讲什么？	就讲做过的项目和上手有多快 → 经验短就是短。你没躲，挑了一件自己做过的，从怎么接手讲到哪里返过工。	[{"type":"tag","target":"history","value":"employment:bachelor_evidence"},{"type":"add","target":"agency","value":4},{"type":"add","target":"education.practiceEvidence","value":6},{"type":"add","target":"education.researchEvidence","value":0},{"type":"add","target":"capabilities.employability","value":5}]	echo_052@1—3年：面试稿改了几版。最顺口的，还是你真做过的那一段。；这段经历不用等别人提醒，你也能从头讲清。；效果 [{"type":"add","target":"agency","value":1},{"type":"tag","target":"history","value":"echo:employment"}]	portableSkill/resultVariant；准备“就讲做过的项目和上手有多快”时，“就讲做过的项目和上手有多快”要真的走得通，得先拿一件真正做过的事试路。；“就讲做过的项目和上手有多快”照样有代价，不过做过的事成了这次选择的底气。 你这次走的是“就讲做过的项目和上手有多快”。	无	三代理混排复核完成；已发现项已修正
decision_052	decision_052_choice_2	decision	employment	年龄 17—29；人物 []；门槛 {"all":[{"path":"education.status","op":"notIn","value":["notStarted","enrolled"]}],"any":[],"none":[]}	下一轮真来了，你准备先讲什么？	把研究讲成他们听得懂的东西 → 半页论文背景删掉，只留问题、方法、结果和怎么与人合作。讲到行业经验时，你也承认这块还薄。	[{"type":"tag","target":"history","value":"employment:postgraduate_evidence"},{"type":"add","target":"agency","value":3},{"type":"add","target":"education.practiceEvidence","value":2},{"type":"add","target":"education.researchEvidence","value":6},{"type":"add","target":"capabilities.employability","value":5}]	echo_052@2—4年：面试稿改了几版。最顺口的，还是你真做过的那一段。；稿子里的专业深度还在，经验不足也没被漂亮话盖住。；效果 [{"type":"add","target":"capabilities.resilience","value":1},{"type":"tag","target":"history","value":"echo:employment"}]	无	无	三代理混排复核完成；已发现项已修正
decision_052	decision_052_choice_3	decision	employment	年龄 17—29；人物 []；门槛 {"all":[{"path":"education.status","op":"notIn","value":["notStarted","enrolled"]}],"any":[],"none":[]}	下一轮真来了，你准备先讲什么？	少说空话，照常见要求做一个 → 你照着常见岗位要求做了测试或作品。学校名字帮不了你改错，最后还是一处处自己查。	[{"type":"tag","target":"history","value":"employment:work_sample"},{"type":"add","target":"agency","value":2},{"type":"add","target":"education.practiceEvidence","value":5},{"type":"add","target":"education.researchEvidence","value":2},{"type":"add","target":"capabilities.employability","value":6}]	echo_052@3—5年：面试稿改了几版。最顺口的，还是你真做过的那一段。；文件能直接打开，也能看出你做到了哪一步。；效果 [{"type":"add","target":"pressures.career","value":4},{"type":"tag","target":"history","value":"echo:employment"}]	无	无	三代理混排复核完成；已发现项已修正
decision_052	decision_052_choice_4	decision	employment	年龄 17—29；人物 []；门槛 {"all":[{"path":"education.status","op":"notIn","value":["notStarted","enrolled"]}],"any":[],"none":[]}	下一轮真来了，你准备先讲什么？	越聊越不对，算了 → 职责和招聘页不是一回事，薪资、资格或合同也有一项过不了。你关掉这条申请，没再陪对方“保持沟通”。	[{"type":"tag","target":"history","value":"employment:application_withdrawn"},{"type":"add","target":"agency","value":1},{"type":"add","target":"education.practiceEvidence","value":0},{"type":"add","target":"education.researchEvidence","value":0},{"type":"add","target":"capabilities.employability","value":0},{"type":"set","target":"employment.applicationStatus","value":"searching"},{"type":"set","target":"employment.firstJobOutcome","value":"longSearch"}]	echo_052@4—6年：面试稿改了几版。最顺口的，还是你真做过的那一段。；少了一次看起来有希望的机会，也少了一个以后更难退的坑。；效果 [{"type":"add","target":"pressures.career","value":4},{"type":"tag","target":"history","value":"echo:employment"}]	无	无	三代理混排复核完成；已发现项已修正
decision_053	decision_053_choice_1	decision	employment	年龄 18—30；人物 []；门槛 {"all":[{"path":"education.status","op":"notIn","value":["notStarted","enrolled"]}],"any":[],"none":[]}	下一轮申请，哪件事先问到底？	把合同和报到条件问到底 → 你只把试用期、薪资、工作地点、职责和报到条件肯写清楚的岗位留在申请里。	[{"type":"tag","target":"history","value":"employment:verified_offer"},{"type":"add","target":"agency","value":4},{"type":"resolveFirstJobApplication","target":"employment","value":"domestic"}]	echo_053@1—3年：申请记录里，能报到的和还在等的，没有再写在同一栏。；电话里说的和正式文件上的，后来没有再混在一起。；效果 [{"type":"add","target":"agency","value":1},{"type":"tag","target":"history","value":"echo:employment"}]	negotiation/resultVariant；准备“把合同和报到条件问到底”时，这次多了一步准备：先把期限、钱和各自要做的事摊开谈。；结果仍不确定；说出口的条件有了能核对的落点。 你这次走的是“把合同和报到条件问到底”。	无	三代理混排复核完成；已发现项已修正
decision_053	decision_053_choice_2	decision	employment	年龄 18—30；人物 []；门槛 {"all":[{"path":"education.status","op":"notIn","value":["notStarted","enrolled"]}],"any":[],"none":[]}	下一轮申请，哪件事先问到底？	人在海外，先问雇主能不能办手续 → 岗位再合适，对方处理不了当前工作资格也走不下去。你一边筛掉不可能的，一边继续投剩下的。	[{"type":"tag","target":"history","value":"employment:overseas_verified"},{"type":"add","target":"agency","value":3},{"type":"resolveFirstJobApplication","target":"employment","value":"overseas"}]	echo_053@2—4年：申请记录里，能报到的和还在等的，没有再写在同一栏。；当地没有形成可核实的录用。你保留材料，继续找下一条路。；效果 [{"type":"add","target":"capabilities.resilience","value":1},{"type":"tag","target":"history","value":"echo:employment"}]	无	无	三代理混排复核完成；已发现项已修正
decision_053	decision_053_choice_3	decision	employment	年龄 18—30；人物 []；门槛 {"all":[{"path":"education.status","op":"notIn","value":["notStarted","enrolled"]}],"any":[],"none":[]}	下一轮申请，哪件事先问到底？	投国内岗位，先赶还开着的批次 → 学历材料补起来，项目说明也按国内岗位重写。错过的批次就是错过了，网页不会因为你在海外待过就重新开放。	[{"type":"tag","target":"history","value":"employment:return_verified"},{"type":"add","target":"agency","value":2},{"type":"set","target":"employment.applicationRegion","value":"domestic"},{"type":"resolveFirstJobApplication","target":"employment","value":"return"}]	echo_053@3—5年：申请记录里，能报到的和还在等的，没有再写在同一栏。；还开着的岗位投出去了。学历那一栏没有替你回答项目做了什么。；效果 [{"type":"add","target":"pressures.career","value":4},{"type":"tag","target":"history","value":"echo:employment"}]	无	无	三代理混排复核完成；已发现项已修正
decision_053	decision_053_choice_4	decision	employment	年龄 18—30；人物 []；门槛 {"all":[{"path":"education.status","op":"notIn","value":["notStarted","enrolled"]}],"any":[],"none":[]}	下一轮申请，哪件事先问到底？	还是没有，接着投 → 你留着申请记录，有短项目就做一点，手里的钱也开始省着花。亲友问起时，你没编一家“快入职”的公司。	[{"type":"tag","target":"history","value":"employment:long_search"},{"type":"add","target":"agency","value":1},{"type":"set","target":"employment.applicationStatus","value":"searching"},{"type":"set","target":"employment.firstJobOutcome","value":"longSearch"},{"type":"set","target":"activity.mode","value":"seeking"}]	echo_053@4—6年：申请记录里，能报到的和还在等的，没有再写在同一栏。；你还在求职。这是当前的生活，不是一份工作。；效果 [{"type":"add","target":"pressures.career","value":4},{"type":"tag","target":"history","value":"echo:employment"}]	无	无	三代理混排复核完成；已发现项已修正
decision_054	decision_054_choice_1	decision	employment	年龄 19—31；人物 []；门槛 {"all":[{"path":"education.status","op":"notIn","value":["notStarted","enrolled"]}],"any":[],"none":[]}	这份工作，你怎么答？	接受这份 offer → 你照合同上的岗位报到。工牌、排班或项目账号到手，第一段正式经验从新人该学的地方开始。	[{"type":"tag","target":"history","value":"employment:accept_offer"},{"type":"add","target":"agency","value":4},{"type":"set","target":"education.nextStage","value":"career"},{"type":"acceptFirstJobOffer","target":"employment","value":"pending"}]	echo_054@1—3年：最后等待日过去。工牌有就有，没有也不能拿别人的单位填进自己的去向。；职位不一定完美，但合同、收入和报到日期都是真的。；效果 [{"type":"add","target":"agency","value":1},{"type":"tag","target":"history","value":"echo:employment"}]	riskSense/riskShift；准备“接受这份 offer”时，动手以前，你决定找出最容易留下后患的那一步，再看要不要“接受这份 offer”。；结果落定时，最容易出问题的地方提前被看见了。 你这次走的是“接受这份 offer”。	无	三代理混排复核完成；已发现项已修正
decision_054	decision_054_choice_2	decision	employment	年龄 19—31；人物 []；门槛 {"all":[{"path":"education.status","op":"notIn","value":["notStarted","enrolled"]}],"any":[],"none":[]}	这份工作，你怎么答？	拒绝这份 offer → 你把不合适的条款说清楚，没有拿“先进去再说”骗自己。招聘进度归零，下一次投递仍要从头来。	[{"type":"tag","target":"history","value":"employment:decline_offer"},{"type":"add","target":"agency","value":3},{"type":"set","target":"education.nextStage","value":"career"},{"type":"leaveEmployment","target":"employment","value":"declined"}]	echo_054@2—4年：最后等待日过去。工牌有就有，没有也不能拿别人的单位填进自己的去向。；你保住了底线，也承担继续待业的成本。；效果 [{"type":"add","target":"capabilities.resilience","value":1},{"type":"tag","target":"history","value":"echo:employment"}]	无	无	三代理混排复核完成；已发现项已修正
decision_054	decision_054_choice_3	decision	employment	年龄 19—31；人物 []；门槛 {"all":[{"path":"education.status","op":"notIn","value":["notStarted","enrolled"]}],"any":[],"none":[]}	这份工作，你怎么答？	继续寻找 → 你没有工牌，也没填一份假去向。招聘网站照旧要点开，下一次消息来了还得回。	[{"type":"tag","target":"history","value":"employment:long_search"},{"type":"add","target":"agency","value":2},{"type":"set","target":"education.nextStage","value":"career"},{"type":"leaveEmployment","target":"employment","value":"longSearch"}]	echo_054@3—5年：最后等待日过去。工牌有就有，没有也不能拿别人的单位填进自己的去向。；第一份工作暂时没有着落。普通求职生活从这里接着往下走。；效果 [{"type":"add","target":"pressures.career","value":4},{"type":"tag","target":"history","value":"echo:employment"}]	无	无	三代理混排复核完成；已发现项已修正
decision_055	decision_055_choice_1	decision	public	年龄 18—42；人物 []；门槛 {"all":[{"path":"education.level","op":"gte","value":3}],"any":[],"none":[{"path":"employment.employerType","op":"eq","value":"public"}]}	这轮你打算怎么报？	报最符合条件的那个 → 你按真实材料填了经历，学历和离职文件逐页上传。截止前系统显示审核通过。	[{"type":"tag","target":"history","value":"public:applied"},{"type":"add","target":"agency","value":4},{"type":"add","target":"capabilities.publicCredential","value":2},{"type":"add","target":"pressures.career","value":2}]	echo_055@1—3年：那张职位表后来和报名结果一起留在了下载文件夹。；打印准考证的时候，报名表上每一项还能和材料对上。；效果 [{"type":"add","target":"agency","value":1},{"type":"tag","target":"history","value":"echo:public"}]	evidence/resultVariant；准备“报最符合条件的那个”时，你没有急着选，先把日期、凭据和能复核的细节放在手边。；多出来的差别很具体：该留下的凭据没有缺席。 你这次走的是“报最符合条件的那个”。	无	三代理混排复核完成；已发现项已修正
decision_055	decision_055_choice_2	decision	public	年龄 18—42；人物 []；门槛 {"all":[{"path":"education.level","op":"gte","value":3}],"any":[],"none":[{"path":"employment.employerType","op":"eq","value":"public"}]}	这轮你打算怎么报？	换个地方更远的，但条件匹配 → 电话确认原岗位的专业目录不对口之后，你赶在截止前改了报名。地点远了，资格没争议。	[{"type":"tag","target":"history","value":"public:retargeted"},{"type":"add","target":"agency","value":3},{"type":"add","target":"capabilities.publicCredential","value":2},{"type":"add","target":"pressures.career","value":1}]	echo_055@2—4年：那张职位表后来和报名结果一起留在了下载文件夹。；复审的时候，工作人员直接翻到对应目录。；效果 [{"type":"add","target":"capabilities.resilience","value":1},{"type":"tag","target":"history","value":"echo:public"}]	无	无	三代理混排复核完成；已发现项已修正
decision_055	decision_055_choice_3	decision	public	年龄 18—42；人物 []；门槛 {"all":[{"path":"education.level","op":"gte","value":3}],"any":[],"none":[{"path":"employment.employerType","op":"eq","value":"public"}]}	这轮你打算怎么报？	这轮算了。先回去上班 → 你没为了赶截止日编经历。保存了岗位表，退出了报名系统。招聘软件重新开始推岗位。	[{"type":"tag","target":"history","value":"public:withdrawn"},{"type":"add","target":"agency","value":2},{"type":"add","target":"capabilities.publicCredential","value":0},{"type":"add","target":"pressures.career","value":-3}]	echo_055@3—5年：那张职位表后来和报名结果一起留在了下载文件夹。；第二年的公告出来时，已经有了一段新工作经历，不用只走这一条路。；效果 [{"type":"add","target":"pressures.career","value":4},{"type":"tag","target":"history","value":"echo:public"}]	无	无	三代理混排复核完成；已发现项已修正
decision_056	decision_056_choice_1	decision	public	年龄 18—45；人物 []；门槛 {"all":[{"path":"education.level","op":"gte","value":3}],"any":[],"none":[]}	到最后了，怎么走？	面试体检考察，走完 → 你按通知面的试，体检和考察也一步步过了。公示名单上有了你的名字，报到日在下个月。	[{"type":"tag","target":"history","value":"public:appointed"},{"type":"add","target":"agency","value":4},{"type":"applyEmploymentProfile","target":"employment","value":"public_clerk"},{"type":"add","target":"capabilities.publicCredential","value":5},{"type":"add","target":"pressures.career","value":-4}]	echo_056@1—3年：那轮笔试、面试和名单，最终有了明确去向。；入职后第一次理档案，那张折过的准考证还在。；效果 [{"type":"add","target":"agency","value":1},{"type":"tag","target":"history","value":"echo:public"}]	evidence/resultVariant；准备“面试体检考察，走完”时，“面试体检考察，走完”要真的走得通，得先把日期、凭据和能复核的细节放在手边。；“面试体检考察，走完”照样有代价，不过该留下的凭据没有缺席。 你这次走的是“面试体检考察，走完”。	无	三代理混排复核完成；已发现项已修正
decision_056	decision_056_choice_2	decision	public	年龄 18—45；人物 []；门槛 {"all":[{"path":"education.level","op":"gte","value":3}],"any":[],"none":[]}	到最后了，怎么走？	没进。准备下一轮 → 综合成绩没入拟录用名单。你把笔试和面试记录看了一遍，把下一轮限定在一年内。	[{"type":"tag","target":"history","value":"public:retake"},{"type":"add","target":"agency","value":3},{"type":"add","target":"capabilities.publicCredential","value":2},{"type":"add","target":"pressures.career","value":3}]	echo_056@2—4年：那轮笔试、面试和名单，最终有了明确去向。；新公告出来的时候，不匹配的岗位直接删了，只留了几个真能报的。；效果 [{"type":"add","target":"capabilities.resilience","value":1},{"type":"tag","target":"history","value":"echo:public"}]	无	无	三代理混排复核完成；已发现项已修正
decision_056	decision_056_choice_3	decision	public	年龄 18—45；人物 []；门槛 {"all":[{"path":"education.level","op":"gte","value":3}],"any":[],"none":[]}	到最后了，怎么走？	不等了。外面有家公司在催 → 普通公司的录用通知先到了。你核完合同签了，也跟招录单位说了退出后续。	[{"type":"tag","target":"history","value":"public:market_exit"},{"type":"add","target":"agency","value":2},{"type":"applyEmploymentProfile","target":"employment","value":"admin_assistant"},{"type":"add","target":"capabilities.publicCredential","value":0},{"type":"add","target":"pressures.career","value":-2}]	echo_056@3—5年：那轮笔试、面试和名单，最终有了明确去向。；后来同批补录通知出现时，你已经过了新工作的试用期。；效果 [{"type":"add","target":"pressures.career","value":4},{"type":"tag","target":"history","value":"echo:public"}]	无	无	三代理混排复核完成；已发现项已修正
decision_056	decision_056_choice_4	decision	public	年龄 18—45；人物 []；门槛 {"all":[{"path":"education.level","op":"gte","value":3}],"any":[],"none":[]}	到最后了，怎么走？	被筛下来了。如实退出 → 复审发现一项经历不合要求。没补造材料，按通知退出。	[{"type":"tag","target":"history","value":"public:withdrawn"},{"type":"add","target":"agency","value":1},{"type":"add","target":"capabilities.publicCredential","value":0},{"type":"add","target":"pressures.career","value":4}]	echo_056@4—6年：那轮笔试、面试和名单，最终有了明确去向。；下一次筛职位的时候，先翻专业目录和经历证明。；效果 [{"type":"add","target":"pressures.career","value":4},{"type":"tag","target":"history","value":"echo:public"}]	无	无	三代理混排复核完成；已发现项已修正
decision_057	decision_057_choice_1	decision	public	年龄 20—48；人物 []；门槛 {"all":[{"path":"education.level","op":"gte","value":3},{"path":"employment.employerType","op":"eq","value":"public"}],"any":[],"none":[]}	基层岗位给编制和宿舍，但合同写着三年内不得调动。	签了。先稳定下来 → 你领了宿舍钥匙，行李只带了两个箱子。	[{"type":"tag","target":"history","value":"public:deliberate"},{"type":"add","target":"agency","value":4},{"type":"add","target":"capabilities.publicCredential","value":2},{"type":"add","target":"pressures.career","value":3},{"type":"transitionHousing","target":"housing","value":{"status":"supported","arrangement":"dormitory","region":"tier2","stability":"conditional","accessibility":"standard","costShare":"supported","coResidentRefs":[],"kind":"choice","reason":"publicServiceDormitory","housingChoiceKind":"workMigration","residenceOnly":true}}]	echo_057@1—3年：那份三年合同后来决定了你是否留下。；家里有事想回城的时候，假能请，调动申请还是不能交。；效果 [{"type":"add","target":"agency","value":1},{"type":"tag","target":"history","value":"echo:public"}]	negotiation/resultVariant；准备“签了。先稳定下来”时，这次多了一步准备：先把期限、钱和各自要做的事摊开谈。；结果仍不确定；说出口的条件有了能核对的落点。 你这次走的是“签了。先稳定下来”。	无	三代理混排复核完成；已发现项已修正
decision_057	decision_057_choice_2	decision	public	年龄 20—48；人物 []；门槛 {"all":[{"path":"education.level","op":"gte","value":3},{"path":"employment.employerType","op":"eq","value":"public"}],"any":[],"none":[]}	基层岗位给编制和宿舍，但合同写着三年内不得调动。	让别人先签。我再等等 → 你把合同推回去，家里半天没说话。	[{"type":"tag","target":"history","value":"public:negotiated"},{"type":"add","target":"agency","value":3},{"type":"add","target":"capabilities.publicCredential","value":1},{"type":"add","target":"pressures.career","value":1}]	echo_057@2—4年：那份三年合同后来决定了你是否留下。；后来换过两份工作，过年还有人问：当初怎么不去当公务员。；效果 [{"type":"add","target":"capabilities.resilience","value":1},{"type":"tag","target":"history","value":"echo:public"}]	无	无	三代理混排复核完成；已发现项已修正
decision_057	decision_057_choice_3	decision	public	年龄 20—48；人物 []；门槛 {"all":[{"path":"education.level","op":"gte","value":3},{"path":"employment.employerType","op":"eq","value":"public"}],"any":[],"none":[]}	基层岗位给编制和宿舍，但合同写着三年内不得调动。	让他们把调动条件写清楚 → 人事补了一句期满可申请——没写一定批。	[{"type":"tag","target":"history","value":"public:risk"},{"type":"add","target":"agency","value":2},{"type":"add","target":"capabilities.publicCredential","value":0},{"type":"add","target":"pressures.career","value":-2}]	echo_057@3—5年：那份三年合同后来决定了你是否留下。；三年后凭那句话递了表。又等了九个月。；效果 [{"type":"add","target":"pressures.career","value":4},{"type":"tag","target":"history","value":"echo:public"}]	无	无	三代理混排复核完成；已发现项已修正
decision_058	decision_058_choice_1	decision	public	年龄 20—62；人物 []；门槛 {"all":[{"path":"education.level","op":"gte","value":3},{"path":"employment.employerType","op":"eq","value":"public"}],"any":[],"none":[]}	熟人把材料发来，想让你在截止后补进系统一次。	把公开流程截图发给他 → 你没登录经办账号。把规定截过去——不是不帮，是真办不了。	[{"type":"tag","target":"history","value":"public:deliberate"},{"type":"add","target":"agency","value":4},{"type":"add","target":"capabilities.publicCredential","value":2},{"type":"add","target":"pressures.career","value":3}]	echo_058@1—3年：那次熟人托办后来没有只停在聊天框。；审计抽查那批记录的时候，你的操作日志干干净净。；效果 [{"type":"add","target":"agency","value":1},{"type":"tag","target":"history","value":"echo:public"}]	boundary/resultVariant；准备“把公开流程截图发给他”时，动手以前，你决定把愿意承担和不能接受的部分分别说清，再看要不要“把公开流程截图发给他”。；结果落定时，你的界线没有在点头时一起让出去。 你这次走的是“把公开流程截图发给他”。	无	三代理混排复核完成；已发现项已修正
decision_058	decision_058_choice_2	decision	public	年龄 20—62；人物 []；门槛 {"all":[{"path":"education.level","op":"gte","value":3},{"path":"employment.employerType","op":"eq","value":"public"}],"any":[],"none":[]}	熟人把材料发来，想让你在截止后补进系统一次。	给他指条路。让他自己跑 → 你给了补救窗口电话，让对方自己联系。	[{"type":"tag","target":"history","value":"public:negotiated"},{"type":"add","target":"agency","value":3},{"type":"add","target":"capabilities.publicCredential","value":1},{"type":"add","target":"pressures.career","value":1}]	echo_058@2—4年：那次熟人托办后来没有只停在聊天框。；事情最后按特殊情况受理了。饭局上还是有人说：多亏你。；效果 [{"type":"add","target":"capabilities.resilience","value":1},{"type":"tag","target":"history","value":"echo:public"}]	无	无	三代理混排复核完成；已发现项已修正
decision_058	decision_058_choice_3	decision	public	年龄 20—62；人物 []；门槛 {"all":[{"path":"education.level","op":"gte","value":3},{"path":"employment.employerType","op":"eq","value":"public"}],"any":[],"none":[]}	熟人把材料发来，想让你在截止后补进系统一次。	下班后给他补了 → 你在系统里补录了材料，备注栏只写了"材料补齐"。那几天提心吊胆。	[{"type":"tag","target":"history","value":"public:risk"},{"type":"add","target":"agency","value":2},{"type":"add","target":"capabilities.publicCredential","value":0},{"type":"add","target":"pressures.career","value":-2}]	echo_058@3—5年：那次熟人托办后来没有只停在聊天框。；一年后复核追到账号。熟人先说：我记不清了。；效果 [{"type":"add","target":"pressures.career","value":4},{"type":"tag","target":"history","value":"echo:public"}]	无	无	三代理混排复核完成；已发现项已修正
decision_059	decision_059_choice_1	decision	public	年龄 25—58；人物 [{"slot":"child","relationAny":["child","adoptedChild","stepChild"],"alive":true,"ageMin":5,"ageMax":9,"optional":false}]；门槛 {"all":[{"path":"education.level","op":"gte","value":3},{"path":"relationships.childCount","op":"gte","value":1},{"path":"employment.employerType","op":"eq","value":"public"}],"any":[],"none":[]}	晋升名额要去外地驻点两年。孩子刚上学，家里也离不开人。	去。周末再赶回来 → 周日晚上出发，周五末班车回来。	[{"type":"tag","target":"history","value":"public:deliberate"},{"type":"add","target":"agency","value":4},{"type":"add","target":"capabilities.publicCredential","value":2},{"type":"add","target":"pressures.career","value":3}]	echo_059@1—3年：那次驻点决定后来写进了履历。；两年后职级升了。孩子家长会的照片里很少有你。；效果 [{"type":"add","target":"agency","value":1},{"type":"tag","target":"history","value":"echo:public"}]	careSkill/resultVariant；准备“去。周末再赶回来”时，这次多做了一层准备：顾到每天真正需要被照看的地方。；回头看这一步，需要照看的日常没有被一句承诺带过。 你这次走的是“去。周末再赶回来”。	人物	三代理混排复核完成；已发现项已修正
decision_059	decision_059_choice_2	decision	public	年龄 25—58；人物 [{"slot":"child","relationAny":["child","adoptedChild","stepChild"],"alive":true,"ageMin":5,"ageMax":9,"optional":false}]；门槛 {"all":[{"path":"education.level","op":"gte","value":3},{"path":"relationships.childCount","op":"gte","value":1},{"path":"employment.employerType","op":"eq","value":"public"}],"any":[],"none":[]}	晋升名额要去外地驻点两年。孩子刚上学，家里也离不开人。	不去了。留在这 → 你撤回申请，继续处理那摞熟悉的材料。	[{"type":"tag","target":"history","value":"public:negotiated"},{"type":"add","target":"agency","value":3},{"type":"add","target":"capabilities.publicCredential","value":1},{"type":"add","target":"pressures.career","value":1}]	echo_059@2—4年：那次驻点决定后来写进了履历。；下一轮名额给了去过驻点的人。你的工龄照常往前走。；效果 [{"type":"add","target":"capabilities.resilience","value":1},{"type":"tag","target":"history","value":"echo:public"}]	无	人物	三代理混排复核完成；已发现项已修正
decision_059	decision_059_choice_3	decision	public	年龄 25—58；人物 [{"slot":"child","relationAny":["child","adoptedChild","stepChild"],"alive":true,"ageMin":5,"ageMax":9,"optional":false}]；门槛 {"all":[{"path":"education.level","op":"gte","value":3},{"path":"relationships.childCount","op":"gte","value":1},{"path":"employment.employerType","op":"eq","value":"public"}],"any":[],"none":[]}	晋升名额要去外地驻点两年。孩子刚上学，家里也离不开人。	不干了。辞职 → 辞职手续办了一个月，档案转出也是。	[{"type":"tag","target":"history","value":"public:risk"},{"type":"add","target":"agency","value":2},{"type":"add","target":"capabilities.publicCredential","value":0},{"type":"add","target":"pressures.career","value":-2},{"type":"leaveEmployment","target":"employment","value":"publicResigned"}]	echo_059@3—5年：那次驻点决定后来写进了履历。；市场工资高了点。原来的补贴和年金，从此不再累积。；效果 [{"type":"add","target":"pressures.career","value":4},{"type":"tag","target":"history","value":"echo:public"}]	无	人物	三代理混排复核完成；已发现项已修正
decision_060	decision_060_choice_1	decision	public	年龄 25—62；人物 []；门槛 {"all":[{"path":"education.level","op":"gte","value":3},{"path":"employment.employerType","op":"eq","value":"public"}],"any":[],"none":[]}	一通投诉把窗口推上热搜，你是当天签字的经办人。	把材料调出来，公开说明 → 你把受理时间、电话录音和签字件按顺序列好。	[{"type":"tag","target":"history","value":"public:deliberate"},{"type":"add","target":"agency","value":4},{"type":"add","target":"capabilities.publicCredential","value":2},{"type":"add","target":"pressures.career","value":3}]	echo_060@1—3年：那次投诉后来有了完整办理记录。；后续通报认定流程有缺口。没把责任压在你一个人身上。；效果 [{"type":"add","target":"agency","value":1},{"type":"tag","target":"history","value":"echo:public"}]	evidence/resultVariant；准备“把材料调出来，公开说明”时，眼前仍要你自己选；牌能帮的，是把日期、凭据和能复核的细节放在手边。；这次仍要由你承担后果；该留下的凭据没有缺席。 你这次走的是“把材料调出来，公开说明”。	无	三代理混排复核完成；已发现项已修正
decision_060	decision_060_choice_2	decision	public	年龄 25—62；人物 []；门槛 {"all":[{"path":"education.level","op":"gte","value":3},{"path":"employment.employerType","op":"eq","value":"public"}],"any":[],"none":[]}	一通投诉把窗口推上热搜，你是当天签字的经办人。	先在内部处理掉 → 你给投诉人赔了不是。单位只发了一段很短的说明。	[{"type":"tag","target":"history","value":"public:negotiated"},{"type":"add","target":"agency","value":3},{"type":"add","target":"capabilities.publicCredential","value":1},{"type":"add","target":"pressures.career","value":1}]	echo_060@2—4年：那次投诉后来有了完整办理记录。；热度过了。流程没改。下一位经办人遇到了同一个问题。；效果 [{"type":"add","target":"capabilities.resilience","value":1},{"type":"tag","target":"history","value":"echo:public"}]	无	无	三代理混排复核完成；已发现项已修正
decision_060	decision_060_choice_3	decision	public	年龄 25—62；人物 []；门槛 {"all":[{"path":"education.level","op":"gte","value":3},{"path":"employment.employerType","op":"eq","value":"public"}],"any":[],"none":[]}	一通投诉把窗口推上热搜，你是当天签字的经办人。	走人。手机终于安静了 → 你在调查结束前交了辞呈。	[{"type":"tag","target":"history","value":"public:risk"},{"type":"add","target":"agency","value":2},{"type":"add","target":"capabilities.publicCredential","value":0},{"type":"add","target":"pressures.career","value":-2},{"type":"leaveEmployment","target":"employment","value":"publicResigned"}]	echo_060@3—5年：那次投诉后来有了完整办理记录。；新单位背调的时候还是问起那条新闻。你得从头讲一遍。；效果 [{"type":"add","target":"pressures.career","value":4},{"type":"tag","target":"history","value":"echo:public"}]	无	无	三代理混排复核完成；已发现项已修正
decision_061	decision_061_choice_1	decision	public	年龄 25—62；人物 []；门槛 {"all":[{"path":"education.level","op":"gte","value":3},{"path":"employment.employerType","op":"eq","value":"public"}],"any":[],"none":[]}	外面的岗位薪水更高。但一旦辞职，编制和年金就回不来了。	留下。不走了 → 你把申请撕了。第二天照常去开例会。	[{"type":"tag","target":"history","value":"public:deliberate"},{"type":"add","target":"agency","value":4},{"type":"add","target":"capabilities.publicCredential","value":2},{"type":"add","target":"pressures.career","value":3}]	echo_061@1—3年：那份辞职申请曾在抽屉里放了很久。；几年后岗位轮换，你终于离开了那个最想逃的窗口。；效果 [{"type":"add","target":"agency","value":1},{"type":"tag","target":"history","value":"echo:public"}]	riskSense/riskShift；准备“留下。不走了”时，你没有急着选，先找出最容易留下后患的那一步。；多出来的差别很具体：最容易出问题的地方提前被看见了。 你这次走的是“留下。不走了”。	无	三代理混排复核完成；已发现项已修正
decision_061	decision_061_choice_2	decision	public	年龄 25—62；人物 []；门槛 {"all":[{"path":"education.level","op":"gte","value":3},{"path":"employment.employerType","op":"eq","value":"public"}],"any":[],"none":[]}	外面的岗位薪水更高。但一旦辞职，编制和年金就回不来了。	先办个停薪留职试试 → 单位同意保留关系一年。你出去试了试水温。	[{"type":"tag","target":"history","value":"public:negotiated"},{"type":"add","target":"agency","value":3},{"type":"add","target":"capabilities.publicCredential","value":1},{"type":"add","target":"pressures.career","value":1},{"type":"takeCareLeave","target":"employment","value":"oneYear"}]	echo_061@2—4年：那份辞职申请曾在抽屉里放了很久。；期限到了，新工作还没稳。还是按时回去报到了。；效果 [{"type":"add","target":"capabilities.resilience","value":1},{"type":"tag","target":"history","value":"echo:public"}]	无	无	三代理混排复核完成；已发现项已修正
decision_061	decision_061_choice_3	decision	public	年龄 25—62；人物 []；门槛 {"all":[{"path":"education.level","op":"gte","value":3},{"path":"employment.employerType","op":"eq","value":"public"}],"any":[],"none":[]}	外面的岗位薪水更高。但一旦辞职，编制和年金就回不来了。	辞了。换行业 → 批复下来那天，同事请你吃了最后一顿食堂。	[{"type":"tag","target":"history","value":"public:risk"},{"type":"add","target":"agency","value":2},{"type":"add","target":"capabilities.publicCredential","value":0},{"type":"add","target":"pressures.career","value":-2},{"type":"applyEmploymentProfile","target":"employment","value":"admin_assistant"}]	echo_061@3—5年：那份辞职申请曾在抽屉里放了很久。；三年后行业下行。没有退路了，重新开始找。；效果 [{"type":"add","target":"pressures.career","value":4},{"type":"tag","target":"history","value":"echo:public"}]	无	无	三代理混排复核完成；已发现项已修正
decision_062	decision_062_choice_1	decision	public	年龄 55—72；人物 []；门槛 {"all":[{"path":"education.level","op":"gte","value":3},{"path":"employment.employerType","op":"eq","value":"public"}],"any":[],"none":[]}	跨单位调动的时候，系统少了七年经历记录。新岗位要求截止前说清楚。	翻出旧工资条和调令，补齐 → 你找了原单位出具可核验的记录。	[{"type":"tag","target":"history","value":"public:deliberate"},{"type":"add","target":"agency","value":4},{"type":"add","target":"capabilities.publicCredential","value":2},{"type":"add","target":"pressures.career","value":3}]	echo_062@1—3年：那七年经历最终落在了调动材料上。；材料补齐。调动按原计划继续。；效果 [{"type":"add","target":"agency","value":1},{"type":"tag","target":"history","value":"echo:public"}]	evidence/resultVariant；准备“翻出旧工资条和调令，补齐”时，“翻出旧工资条和调令，补齐”要真的走得通，得先把日期、凭据和能复核的细节放在手边。；“翻出旧工资条和调令，补齐”照样有代价，不过该留下的凭据没有缺席。 你这次走的是“翻出旧工资条和调令，补齐”。	无	三代理混排复核完成；已发现项已修正
decision_062	decision_062_choice_2	decision	public	年龄 55—72；人物 []；门槛 {"all":[{"path":"education.level","op":"gte","value":3},{"path":"employment.employerType","op":"eq","value":"public"}],"any":[],"none":[]}	跨单位调动的时候，系统少了七年经历记录。新岗位要求截止前说清楚。	让档案室复核 → 复核组重新查了底册。有争议的年限先出了书面说明。	[{"type":"tag","target":"history","value":"public:negotiated"},{"type":"add","target":"agency","value":3},{"type":"add","target":"capabilities.publicCredential","value":1},{"type":"add","target":"pressures.career","value":1}]	echo_062@2—4年：那七年经历最终落在了调动材料上。；新单位接受了复核回执。没靠口头保证放行。；效果 [{"type":"add","target":"capabilities.resilience","value":1},{"type":"tag","target":"history","value":"echo:public"}]	无	无	三代理混排复核完成；已发现项已修正
decision_062	decision_062_choice_3	decision	public	年龄 55—72；人物 []；门槛 {"all":[{"path":"education.level","op":"gte","value":3},{"path":"employment.employerType","op":"eq","value":"public"}],"any":[],"none":[]}	跨单位调动的时候，系统少了七年经历记录。新岗位要求截止前说清楚。	算了。不调了 → 原始凭证在期限内找不齐。你撤了申请——没用不实的材料填空白。	[{"type":"tag","target":"history","value":"public:risk"},{"type":"add","target":"agency","value":2},{"type":"add","target":"capabilities.publicCredential","value":0},{"type":"add","target":"pressures.career","value":-2}]	echo_062@3—5年：那七年经历最终落在了调动材料上。；下一次换岗的时候，缺件的清单还能继续核对。；效果 [{"type":"add","target":"pressures.career","value":4},{"type":"tag","target":"history","value":"echo:public"}]	无	无	三代理混排复核完成；已发现项已修正
decision_063	decision_063_choice_1	decision	remote	年龄 20—65；人物 []；门槛 {"all":[{"path":"capabilities.portableSkill","op":"gte","value":1}],"any":[],"none":[]}	第一份远程合同，怎么处理？	让对方把条款补齐再签 → 你让他们写明工作地点、可联络时段、设备和结算日期。空白补了——再签。	[{"type":"tag","target":"history","value":"remote:accepted"},{"type":"add","target":"agency","value":4},{"type":"applyEmploymentProfile","target":"employment","value":"remote_contractor"},{"type":"add","target":"capabilities.portableSkill","value":3},{"type":"add","target":"pressures.career","value":-2}]	echo_063@1—3年：电子合同后来证明，自由和责任都需要具体条款。；第一次有争议的时候，两边翻的是同一份文件。；效果 [{"type":"add","target":"agency","value":1},{"type":"tag","target":"history","value":"echo:remote"}]	negotiation/resultVariant；准备“让对方把条款补齐再签”时，你没有急着选，先把期限、钱和各自要做的事摊开谈。；多出来的差别很具体：说出口的条件有了能核对的落点。 你这次走的是“让对方把条款补齐再签”。	无	三代理混排复核完成；已发现项已修正
decision_063	decision_063_choice_2	decision	remote	年龄 20—65；人物 []；门槛 {"all":[{"path":"capabilities.portableSkill","op":"gte","value":1}],"any":[],"none":[]}	第一份远程合同，怎么处理？	先接个短活试试 → 你只接了一个边界清楚的短项目，收入和保障按这份合同重新核算。	[{"type":"tag","target":"history","value":"remote:trial"},{"type":"add","target":"agency","value":3},{"type":"applyEmploymentProfile","target":"employment","value":"remote_contractor"},{"type":"add","target":"capabilities.portableSkill","value":2},{"type":"add","target":"pressures.career","value":1}]	echo_063@2—4年：电子合同后来证明，自由和责任都需要具体条款。；项目做完了，手里有了远程作品，也知道真实的工时是多少。；效果 [{"type":"add","target":"capabilities.resilience","value":1},{"type":"tag","target":"history","value":"echo:remote"}]	无	无	三代理混排复核完成；已发现项已修正
decision_063	decision_063_choice_3	decision	remote	年龄 20—65；人物 []；门槛 {"all":[{"path":"capabilities.portableSkill","op":"gte","value":1}],"any":[],"none":[]}	第一份远程合同，怎么处理？	合同太模糊了。不签 → 对方不愿意补关键条款。你停了沟通，留着现在的工作。	[{"type":"tag","target":"history","value":"remote:declined"},{"type":"add","target":"agency","value":2},{"type":"add","target":"capabilities.portableSkill","value":0},{"type":"add","target":"pressures.career","value":-1}]	echo_063@3—5年：电子合同后来证明，自由和责任都需要具体条款。；这次远程入口——没进去。；效果 [{"type":"add","target":"pressures.loneliness","value":4},{"type":"tag","target":"history","value":"echo:remote"}]	无	无	三代理混排复核完成；已发现项已修正
decision_063	decision_063_choice_4	decision	remote	年龄 20—65；人物 []；门槛 {"all":[{"path":"capabilities.portableSkill","op":"gte","value":1}],"any":[],"none":[]}	第一份远程合同，怎么处理？	对方把条件改了。没法继续 → 签约以前对方变了岗位、地区或保障。原来的没法做。	[{"type":"tag","target":"history","value":"remote:invalidated"},{"type":"add","target":"agency","value":1},{"type":"add","target":"capabilities.portableSkill","value":0},{"type":"add","target":"pressures.career","value":2}]	echo_063@4—6年：电子合同后来证明，自由和责任都需要具体条款。；事件用一封撤回邮件收尾。没假装合同已经成立。；效果 [{"type":"add","target":"pressures.loneliness","value":4},{"type":"tag","target":"history","value":"echo:remote"}]	无	无	三代理混排复核完成；已发现项已修正
decision_064	decision_064_choice_1	decision	remote	年龄 22—70；人物 []；门槛 {"all":[{"path":"capabilities.portableSkill","op":"gte","value":1},{"path":"mobility.platformDependence","op":"gte","value":8}],"any":[{"path":"employment.arrangement","op":"in","value":["remote","hybrid"]},{"path":"mobility.mode","op":"in","value":["domesticNomad","overseasNomad"]}],"none":[]}	被一个平台捏住了。先怎么办？	把作品和账单导出来。找自己的客户 → 你能带走的作品、合同和收入记录——整理了。开始建自己的联系入口。	[{"type":"tag","target":"history","value":"remote:diversified"},{"type":"add","target":"agency","value":4},{"type":"add","target":"mobility.platformDependence","value":-12},{"type":"add","target":"pressures.career","value":-2}]	echo_064@1—3年：收入表第一次把平台占比单独标了出来。；平台还在用，但不是唯一能找到你的地方了。；效果 [{"type":"add","target":"agency","value":1},{"type":"tag","target":"history","value":"echo:remote"}]	portableSkill/resultVariant；准备“把作品和账单导出来。找自己的客户”时，“把作品和账单导出来。找自己的客户”要真的走得通，得先拿一件真正做过的事试路。；“把作品和账单导出来。找自己的客户”照样有代价，不过做过的事成了这次选择的底气。 你这次走的是“把作品和账单导出来。找自己的客户”。	无	三代理混排复核完成；已发现项已修正
decision_064	decision_064_choice_2	decision	remote	年龄 22—70；人物 []；门槛 {"all":[{"path":"capabilities.portableSkill","op":"gte","value":1},{"path":"mobility.platformDependence","op":"gte","value":8}],"any":[{"path":"employment.arrangement","op":"in","value":["remote","hybrid"]},{"path":"mobility.mode","op":"in","value":["domesticNomad","overseasNomad"]}],"none":[]}	被一个平台捏住了。先怎么办？	留一些在平台。多存点现金 → 你没马上走。限定平台占比，先留出几个月的基本开销。	[{"type":"tag","target":"history","value":"remote:buffered"},{"type":"add","target":"agency","value":3},{"type":"add","target":"mobility.platformDependence","value":-6},{"type":"add","target":"pressures.career","value":0}]	echo_064@2—4年：收入表第一次把平台占比单独标了出来。；规则怎么变还有影响——账单不会当天断裂。；效果 [{"type":"add","target":"capabilities.resilience","value":1},{"type":"tag","target":"history","value":"echo:remote"}]	无	无	三代理混排复核完成；已发现项已修正
decision_064	decision_064_choice_3	decision	remote	年龄 22—70；人物 []；门槛 {"all":[{"path":"capabilities.portableSkill","op":"gte","value":1},{"path":"mobility.platformDependence","op":"gte","value":8}],"any":[{"path":"employment.arrangement","op":"in","value":["remote","hybrid"]},{"path":"mobility.mode","op":"in","value":["domesticNomad","overseasNomad"]}],"none":[]}	被一个平台捏住了。先怎么办？	继续冲平台。把排名做上去 → 你压了更多时间在平台任务上。收入暂时涨了——申诉和客户，还是平台在管。	[{"type":"tag","target":"history","value":"remote:concentrated"},{"type":"add","target":"agency","value":2},{"type":"add","target":"mobility.platformDependence","value":10},{"type":"add","target":"pressures.career","value":5}]	echo_064@3—5年：收入表第一次把平台占比单独标了出来。；集中度继续往上走。；效果 [{"type":"add","target":"pressures.loneliness","value":4},{"type":"tag","target":"history","value":"echo:remote"}]	无	无	三代理混排复核完成；已发现项已修正
decision_065	decision_065_choice_1	decision	remote	年龄 22—72；人物 []；门槛 {"all":[{"path":"capabilities.portableSkill","op":"gte","value":1}],"any":[{"path":"employment.arrangement","op":"in","value":["remote","hybrid"]},{"path":"mobility.mode","op":"in","value":["domesticNomad","overseasNomad"]}],"none":[]}	平台依赖这件事，怎么收？	分散开。平台只留一小块 → 独立客户和另一份合同接住了主要账单。平台继续用——但只是一部分。	[{"type":"tag","target":"history","value":"remote:independent"},{"type":"add","target":"agency","value":4},{"type":"add","target":"mobility.platformDependence","value":-18},{"type":"add","target":"finance.cash","value":3000},{"type":"add","target":"pressures.career","value":-4}]	echo_065@1—3年：评分面板旁边，后来多了平台外的收入记录。；你退出了对单一平台的依赖。；效果 [{"type":"add","target":"agency","value":1},{"type":"tag","target":"history","value":"echo:remote"}]	network/resultVariant；准备“分散开。平台只留一小块”时，这次多了一步准备：先问一个确实了解情况的人。；结果仍不确定；可靠的消息补上了原来够不着的一角。 你这次走的是“分散开。平台只留一小块”。	无	三代理混排复核完成；已发现项已修正
decision_065	decision_065_choice_2	decision	remote	年龄 22—72；人物 []；门槛 {"all":[{"path":"capabilities.portableSkill","op":"gte","value":1}],"any":[{"path":"employment.arrangement","op":"in","value":["remote","hybrid"]},{"path":"mobility.mode","op":"in","value":["domesticNomad","overseasNomad"]}],"none":[]}	平台依赖这件事，怎么收？	少用。但先共存着 → 你继续用平台，设了收入占比上限和现金缓冲。重要文件另存。	[{"type":"tag","target":"history","value":"remote:coexist"},{"type":"add","target":"agency","value":3},{"type":"add","target":"mobility.platformDependence","value":-8},{"type":"add","target":"finance.cash","value":0},{"type":"add","target":"pressures.career","value":1}]	echo_065@2—4年：评分面板旁边，后来多了平台外的收入记录。；风险还在。日子还能过。；效果 [{"type":"add","target":"capabilities.resilience","value":1},{"type":"tag","target":"history","value":"echo:remote"}]	无	无	三代理混排复核完成；已发现项已修正
decision_065	decision_065_choice_3	decision	remote	年龄 22—72；人物 []；门槛 {"all":[{"path":"capabilities.portableSkill","op":"gte","value":1}],"any":[{"path":"employment.arrangement","op":"in","value":["remote","hybrid"]},{"path":"mobility.mode","op":"in","value":["domesticNomad","overseasNomad"]}],"none":[]}	平台依赖这件事，怎么收？	不干了。回去找稳定工作 → 你关了接单状态。接了一份边界清楚的受雇合同。	[{"type":"tag","target":"history","value":"remote:exited"},{"type":"add","target":"agency","value":2},{"type":"add","target":"mobility.platformDependence","value":-20},{"type":"applyEmploymentProfile","target":"employment","value":"admin_assistant"},{"type":"add","target":"finance.cash","value":1000},{"type":"add","target":"pressures.career","value":-2}]	echo_065@3—5年：评分面板旁边，后来多了平台外的收入记录。；平台这条线——明确退出。；效果 [{"type":"add","target":"pressures.loneliness","value":4},{"type":"tag","target":"history","value":"echo:remote"}]	无	无	三代理混排复核完成；已发现项已修正
decision_065	decision_065_choice_4	decision	remote	年龄 22—72；人物 []；门槛 {"all":[{"path":"capabilities.portableSkill","op":"gte","value":1}],"any":[{"path":"employment.arrangement","op":"in","value":["remote","hybrid"]},{"path":"mobility.mode","op":"in","value":["domesticNomad","overseasNomad"]}],"none":[]}	平台依赖这件事，怎么收？	账号被关了。收入断了 → 停权邮件来了。申诉没及时恢复。——客户记录也打不开了。	[{"type":"tag","target":"history","value":"remote:invalidated"},{"type":"add","target":"agency","value":1},{"type":"add","target":"mobility.platformDependence","value":15},{"type":"leaveEmployment","target":"employment","value":"platformClosed"},{"type":"add","target":"finance.cash","value":-12000},{"type":"add","target":"pressures.career","value":9}]	echo_065@4—6年：评分面板旁边，后来多了平台外的收入记录。；平台失效。收入骤停。；效果 [{"type":"add","target":"pressures.loneliness","value":4},{"type":"tag","target":"history","value":"echo:remote"}]	无	无	三代理混排复核完成；已发现项已修正
decision_066	decision_066_choice_1	decision	remote	年龄 23—70；人物 []；门槛 {"all":[{"path":"capabilities.portableSkill","op":"gte","value":1}],"any":[{"path":"employment.arrangement","op":"in","value":["remote","hybrid"]},{"path":"mobility.mode","op":"in","value":["domesticNomad","overseasNomad"]}],"none":[]}	这次跨境，怎么准备？	一项项查清楚。用真实材料 → 许可类型、收入证明、保险、税务、工作地点——全确认了。按真实目的准备申请。	[{"type":"tag","target":"history","value":"remote:prepared"},{"type":"add","target":"agency","value":4},{"type":"add","target":"mobility.visaPressure","value":-4},{"type":"add","target":"finance.cash","value":-5000}]	echo_066@1—3年：签证材料夹里没有再用旅游照片代替工作说明。；计划进入正式审理。；效果 [{"type":"add","target":"agency","value":1},{"type":"tag","target":"history","value":"echo:remote"}]	evidence/resultVariant；准备“一项项查清楚。用真实材料”时，动手以前，你决定把日期、凭据和能复核的细节放在手边，再看要不要“一项项查清楚。用真实材料”。；结果落定时，该留下的凭据没有缺席。 你这次走的是“一项项查清楚。用真实材料”。	无	三代理混排复核完成；已发现项已修正
decision_066	decision_066_choice_2	decision	remote	年龄 23—70；人物 []；门槛 {"all":[{"path":"capabilities.portableSkill","op":"gte","value":1}],"any":[{"path":"employment.arrangement","op":"in","value":["remote","hybrid"]},{"path":"mobility.mode","op":"in","value":["domesticNomad","overseasNomad"]}],"none":[]}	这次跨境，怎么准备？	缩一缩。换个规则清楚的地方 → 你缩短了停留时间，或者换了许可边界更清楚的地方。返程和现金做了缓冲。	[{"type":"tag","target":"history","value":"remote:adjusted"},{"type":"add","target":"agency","value":3},{"type":"add","target":"mobility.visaPressure","value":-1},{"type":"add","target":"finance.cash","value":-2500}]	echo_066@2—4年：签证材料夹里没有再用旅游照片代替工作说明。；规模小了。但合规的路——可以走。；效果 [{"type":"add","target":"capabilities.resilience","value":1},{"type":"tag","target":"history","value":"echo:remote"}]	无	无	三代理混排复核完成；已发现项已修正
decision_066	decision_066_choice_3	decision	remote	年龄 23—70；人物 []；门槛 {"all":[{"path":"capabilities.portableSkill","op":"gte","value":1}],"any":[{"path":"employment.arrangement","op":"in","value":["remote","hybrid"]},{"path":"mobility.mode","op":"in","value":["domesticNomad","overseasNomad"]}],"none":[]}	这次跨境，怎么准备？	先用旅游身份过去再说 → 你没确认当地的规则。只备了住宿和往返票。工作照做。	[{"type":"tag","target":"history","value":"remote:risky"},{"type":"add","target":"agency","value":2},{"type":"add","target":"mobility.visaPressure","value":8},{"type":"add","target":"finance.cash","value":-1000}]	echo_066@3—5年：签证材料夹里没有再用旅游照片代替工作说明。；入境、续留和税务——风险都留到了现场。；效果 [{"type":"add","target":"pressures.loneliness","value":4},{"type":"tag","target":"history","value":"echo:remote"}]	无	无	三代理混排复核完成；已发现项已修正
decision_067	decision_067_choice_1	decision	remote	年龄 23—72；人物 []；门槛 {"all":[{"path":"capabilities.portableSkill","op":"gte","value":1}],"any":[{"path":"employment.arrangement","op":"in","value":["remote","hybrid"]},{"path":"mobility.mode","op":"in","value":["domesticNomad","overseasNomad"]}],"none":[]}	跨境这件事，最后怎么落？	许可下来了。按条件去 → 许可、保险和工作安排都对得上。你按批准的范围开始待下来。	[{"type":"tag","target":"history","value":"remote:approved"},{"type":"add","target":"agency","value":4},{"type":"set","target":"mobility.mode","value":"overseasNomad"},{"type":"add","target":"mobility.visaPressure","value":-8},{"type":"add","target":"mobility.rootlessness","value":4},{"type":"add","target":"finance.cash","value":-9000}]	echo_067@1—3年：材料夹最后留下许可、改期通知或一张返程票。；批准期限、保险和工作范围都写进了日历。；效果 [{"type":"add","target":"agency","value":1},{"type":"tag","target":"history","value":"echo:remote"}]	riskSense/riskShift；准备“许可下来了。按条件去”时，这次多做了一层准备：找出最容易留下后患的那一步。；回头看这一步，最容易出问题的地方提前被看见了。 你这次走的是“许可下来了。按条件去”。	无	三代理混排复核完成；已发现项已修正
decision_067	decision_067_choice_2	decision	remote	年龄 23—72；人物 []；门槛 {"all":[{"path":"capabilities.portableSkill","op":"gte","value":1}],"any":[{"path":"employment.arrangement","op":"in","value":["remote","hybrid"]},{"path":"mobility.mode","op":"in","value":["domesticNomad","overseasNomad"]}],"none":[]}	跨境这件事，最后怎么落？	改短一点。别冒险 → 你留着远程工作，把停留缩到不超出许可和税务的边界。	[{"type":"tag","target":"history","value":"remote:limited"},{"type":"add","target":"agency","value":3},{"type":"set","target":"mobility.mode","value":"domesticNomad"},{"type":"add","target":"mobility.visaPressure","value":-3},{"type":"add","target":"mobility.rootlessness","value":2},{"type":"add","target":"finance.cash","value":-4500}]	echo_067@2—4年：材料夹最后留下许可、改期通知或一张返程票。；旅居以有限共存的方式继续。；效果 [{"type":"add","target":"capabilities.resilience","value":1},{"type":"tag","target":"history","value":"echo:remote"}]	无	无	三代理混排复核完成；已发现项已修正
decision_067	decision_067_choice_3	decision	remote	年龄 23—72；人物 []；门槛 {"all":[{"path":"capabilities.portableSkill","op":"gte","value":1}],"any":[{"path":"employment.arrangement","op":"in","value":["remote","hybrid"]},{"path":"mobility.mode","op":"in","value":["domesticNomad","overseasNomad"]}],"none":[]}	跨境这件事，最后怎么落？	算了。不去了 → 条件不合适。你撤了申请，或者不出发了。原工作和住处继续。	[{"type":"tag","target":"history","value":"remote:withdrawn"},{"type":"add","target":"agency","value":2},{"type":"set","target":"mobility.mode","value":"home"},{"type":"add","target":"mobility.visaPressure","value":-5},{"type":"add","target":"mobility.rootlessness","value":-3},{"type":"add","target":"finance.cash","value":-1500}]	echo_067@3—5年：材料夹最后留下许可、改期通知或一张返程票。；这次跨境——明确退出。；效果 [{"type":"add","target":"pressures.loneliness","value":4},{"type":"tag","target":"history","value":"echo:remote"}]	无	无	三代理混排复核完成；已发现项已修正
decision_067	decision_067_choice_4	decision	remote	年龄 23—72；人物 []；门槛 {"all":[{"path":"capabilities.portableSkill","op":"gte","value":1}],"any":[{"path":"employment.arrangement","op":"in","value":["remote","hybrid"]},{"path":"mobility.mode","op":"in","value":["domesticNomad","overseasNomad"]}],"none":[]}	跨境这件事，最后怎么落？	材料或许可失效了 → 申请被退了。或雇主不让在那个地方工作。能退的按可退处理。	[{"type":"tag","target":"history","value":"remote:invalidated"},{"type":"add","target":"agency","value":1},{"type":"set","target":"mobility.mode","value":"home"},{"type":"add","target":"mobility.visaPressure","value":8},{"type":"add","target":"mobility.rootlessness","value":6},{"type":"add","target":"finance.cash","value":-5000}]	echo_067@4—6年：材料夹最后留下许可、改期通知或一张返程票。；事件用退件和返程安排收尾。；效果 [{"type":"add","target":"pressures.loneliness","value":4},{"type":"tag","target":"history","value":"echo:remote"}]	无	无	三代理混排复核完成；已发现项已修正
decision_068	decision_068_choice_1	decision	remote	年龄 25—78；人物 []；门槛 {"all":[{"path":"capabilities.portableSkill","op":"gte","value":1},{"path":"mobility.mode","op":"in","value":["domesticNomad","overseasNomad"]}],"any":[{"path":"employment.arrangement","op":"in","value":["remote","hybrid"]},{"path":"mobility.mode","op":"in","value":["domesticNomad","overseasNomad"]}],"none":[]}	先怎么试？	租个稳定的地方。把本地的都补齐 → 你签了能撑的租约。登记了医疗和收件地址。也给工作设了关机时间。	[{"type":"tag","target":"history","value":"remote:rooted"},{"type":"add","target":"agency","value":4},{"type":"set","target":"mobility.mode","value":"home"},{"type":"add","target":"mobility.rootlessness","value":-10},{"type":"add","target":"finance.cash","value":-8000},{"type":"transitionHousing","target":"housing","value":{"status":"renting","arrangement":"solo","region":"$homeRegion","stability":"conditional","costShare":"self","coResidentRefs":[],"kind":"choice","reason":"baseTrialLease","housingChoiceKind":"workMigration"}}]	echo_068@1—3年：那次是否留下固定地址，后来改变了收件、就医和休息的安排。；基地开始像生活了——不只是住宿订单。；效果 [{"type":"add","target":"agency","value":1},{"type":"tag","target":"history","value":"echo:remote"}]	cashBuffer/costShift；准备“租个稳定的地方。把本地的都补齐”时，眼前仍要你自己选；牌能帮的，是算清手里的缓冲能垫住哪一段。；这次仍要由你承担后果；缓冲只垫住眼前，没有假装风险已经消失。 你这次走的是“租个稳定的地方。把本地的都补齐”。	无	三代理混排复核完成；已发现项已修正
decision_068	decision_068_choice_2	decision	remote	年龄 25—78；人物 []；门槛 {"all":[{"path":"capabilities.portableSkill","op":"gte","value":1},{"path":"mobility.mode","op":"in","value":["domesticNomad","overseasNomad"]}],"any":[{"path":"employment.arrangement","op":"in","value":["remote","hybrid"]},{"path":"mobility.mode","op":"in","value":["domesticNomad","overseasNomad"]}],"none":[]}	先怎么试？	两头跑。但定个主地址 → 你明确一个主基地。另一个地方只短停。账单和文件不再漂。	[{"type":"tag","target":"history","value":"remote:dual"},{"type":"add","target":"agency","value":3},{"type":"set","target":"mobility.mode","value":"domesticNomad"},{"type":"add","target":"mobility.rootlessness","value":-4},{"type":"add","target":"finance.cash","value":-5000},{"type":"transitionHousing","target":"housing","value":{"status":"renting","arrangement":"shared","region":"$homeRegion","stability":"conditional","costShare":"self","coResidentRefs":[],"kind":"choice","reason":"baseTrialMainAddress","housingChoiceKind":"workMigration"}}]	echo_068@2—4年：那次是否留下固定地址，后来改变了收件、就医和休息的安排。；还在移动。但行政和生活有了中心。；效果 [{"type":"add","target":"capabilities.resilience","value":1},{"type":"tag","target":"history","value":"echo:remote"}]	无	无	三代理混排复核完成；已发现项已修正
decision_068	decision_068_choice_3	decision	remote	年龄 25—78；人物 []；门槛 {"all":[{"path":"capabilities.portableSkill","op":"gte","value":1},{"path":"mobility.mode","op":"in","value":["domesticNomad","overseasNomad"]}],"any":[{"path":"employment.arrangement","op":"in","value":["remote","hybrid"]},{"path":"mobility.mode","op":"in","value":["domesticNomad","overseasNomad"]}],"none":[]}	先怎么试？	继续换。下个月的事下个月说 → 你不设主地址。按价格和项目走。医疗、收件和社交都是临时的。	[{"type":"tag","target":"history","value":"remote:drifting"},{"type":"add","target":"agency","value":2},{"type":"set","target":"mobility.mode","value":"overseasNomad"},{"type":"add","target":"mobility.rootlessness","value":8},{"type":"add","target":"finance.cash","value":-3000},{"type":"transitionHousing","target":"housing","value":{"status":"unstable","arrangement":"solo","region":"$educationRegion","stability":"temporary","costShare":"self","coResidentRefs":[],"kind":"choice","reason":"baseTrialContinuedDrift","housingChoiceKind":"workMigration"}}]	echo_068@3—5年：那次是否留下固定地址，后来改变了收件、就医和休息的安排。；自由还在。根和备用支持——继续变少。；效果 [{"type":"add","target":"pressures.loneliness","value":4},{"type":"tag","target":"history","value":"echo:remote"}]	无	无	三代理混排复核完成；已发现项已修正
decision_069	decision_069_choice_1	decision	remote	年龄 25—80；人物 []；门槛 {"all":[{"path":"capabilities.portableSkill","op":"gte","value":1}],"any":[{"path":"employment.arrangement","op":"in","value":["remote","hybrid"]},{"path":"mobility.mode","op":"in","value":["domesticNomad","overseasNomad"]}],"none":[]}	基地这件事，最后怎么定？	稳下来。扎根 → 住处、医疗、税务、社交和工作边界——都能持续。偶尔出门，不再不停搬家。	[{"type":"tag","target":"history","value":"remote:rooted"},{"type":"add","target":"agency","value":4},{"type":"set","target":"mobility.mode","value":"home"},{"type":"add","target":"mobility.rootlessness","value":-14},{"type":"add","target":"relationships.network","value":5},{"type":"add","target":"finance.cash","value":-6000},{"type":"transitionHousing","target":"housing","value":{"status":"renting","arrangement":"solo","region":"$homeRegion","stability":"stable","costShare":"self","coResidentRefs":[],"kind":"background","reason":"establishedStableBase"}}]	echo_069@1—3年：固定地址成了别人真正能找到你的地方。；你有了固定地址，出门也不必每次清空房间。；效果 [{"type":"add","target":"agency","value":1},{"type":"tag","target":"history","value":"echo:remote"}]	network/resultVariant；准备“稳下来。扎根”时，你没有急着选，先问一个确实了解情况的人。；多出来的差别很具体：可靠的消息补上了原来够不着的一角。 你这次走的是“稳下来。扎根”。	无	三代理混排复核完成；已发现项已修正
decision_069	decision_069_choice_2	decision	remote	年龄 25—80；人物 []；门槛 {"all":[{"path":"capabilities.portableSkill","op":"gte","value":1}],"any":[{"path":"employment.arrangement","op":"in","value":["remote","hybrid"]},{"path":"mobility.mode","op":"in","value":["domesticNomad","overseasNomad"]}],"none":[]}	基地这件事，最后怎么定？	两头跑。但基地还在 → 你按固定周期移动。重要的文件和医疗留在主基地。	[{"type":"tag","target":"history","value":"remote:dual"},{"type":"add","target":"agency","value":3},{"type":"set","target":"mobility.mode","value":"domesticNomad"},{"type":"add","target":"mobility.rootlessness","value":-6},{"type":"add","target":"relationships.network","value":2},{"type":"add","target":"finance.cash","value":-4000},{"type":"transitionHousing","target":"housing","value":{"status":"renting","arrangement":"shared","region":"$homeRegion","stability":"conditional","costShare":"self","coResidentRefs":[],"kind":"background","reason":"establishedDualBase"}}]	echo_069@2—4年：固定地址成了别人真正能找到你的地方。；地方还有变化。生活没有全漂起来。；效果 [{"type":"add","target":"capabilities.resilience","value":1},{"type":"tag","target":"history","value":"echo:remote"}]	无	无	三代理混排复核完成；已发现项已修正
decision_069	decision_069_choice_3	decision	remote	年龄 25—80；人物 []；门槛 {"all":[{"path":"capabilities.portableSkill","op":"gte","value":1}],"any":[{"path":"employment.arrangement","op":"in","value":["remote","hybrid"]},{"path":"mobility.mode","op":"in","value":["domesticNomad","overseasNomad"]}],"none":[]}	基地这件事，最后怎么定？	回去了 → 你结束这边的租约，回到原来的地方。重新安排工作时段和本地关系。	[{"type":"tag","target":"history","value":"remote:returned"},{"type":"add","target":"agency","value":2},{"type":"set","target":"mobility.mode","value":"home"},{"type":"add","target":"mobility.rootlessness","value":-10},{"type":"add","target":"relationships.network","value":3},{"type":"add","target":"finance.cash","value":-5000},{"type":"transitionHousing","target":"housing","value":{"status":"family","arrangement":"originFamily","region":"$homeRegion","stability":"conditional","costShare":"supported","coResidentRefs":[],"kind":"background","reason":"returnedFromBase"}}]	echo_069@3—5年：固定地址成了别人真正能找到你的地方。；这次外部基地——退出。；效果 [{"type":"add","target":"pressures.loneliness","value":4},{"type":"tag","target":"history","value":"echo:remote"}]	无	无	三代理混排复核完成；已发现项已修正
decision_069	decision_069_choice_4	decision	remote	年龄 25—80；人物 []；门槛 {"all":[{"path":"capabilities.portableSkill","op":"gte","value":1}],"any":[{"path":"employment.arrangement","op":"in","value":["remote","hybrid"]},{"path":"mobility.mode","op":"in","value":["domesticNomad","overseasNomad"]}],"none":[]}	基地这件事，最后怎么定？	撑不住了。收掉 → 租约到期前，钱、许可或身体条件不行了。你按备用计划退租离开。	[{"type":"tag","target":"history","value":"remote:invalidated"},{"type":"add","target":"agency","value":1},{"type":"set","target":"mobility.mode","value":"home"},{"type":"add","target":"mobility.rootlessness","value":8},{"type":"add","target":"relationships.network","value":-3},{"type":"add","target":"finance.cash","value":-9000},{"type":"transitionHousing","target":"housing","value":{"status":"unstable","arrangement":"solo","region":"$homeRegion","stability":"temporary","costShare":"self","coResidentRefs":[],"kind":"background","reason":"baseClosedWithoutReplacement"}}]	echo_069@4—6年：固定地址成了别人真正能找到你的地方。；退租清单和返程票——收尾。；效果 [{"type":"add","target":"pressures.loneliness","value":4},{"type":"tag","target":"history","value":"echo:remote"}]	无	无	三代理混排复核完成；已发现项已修正
decision_070	decision_070_choice_1	decision	business	年龄 24—55；人物 []；门槛 {"all":[{"path":"finance.available","op":"gte","value":5000}],"any":[],"none":[]}	交定金之前，先怎么搞清楚能不能做？	查备案。找做过的人看账 → 你查了备案和公开材料。从二手设备信息摸到离场店主——宣传的流水，头一次和房租、人工、损耗摆在同一张表上。	[{"type":"tag","target":"history","value":"business:verified"},{"type":"add","target":"agency","value":4},{"type":"set","target":"business.status","value":"testing"},{"type":"set","target":"business.mode","value":"franchise"},{"type":"add","target":"business.operatingSkill","value":5},{"type":"add","target":"finance.cash","value":-2000}]	echo_070@1—3年：那次签约前的功课，后来决定了店从哪里起步。；开业后遇到淡季，你还是先看净现金——不是排队照片。；效果 [{"type":"add","target":"agency","value":1},{"type":"tag","target":"history","value":"echo:business"}]	riskSense/riskShift；准备“查备案。找做过的人看账”时，这次多了一步准备：先找出最容易留下后患的那一步。；结果仍不确定；最容易出问题的地方提前被看见了。 你这次走的是“查备案。找做过的人看账”。	无	三代理混排复核完成；已发现项已修正
decision_070	decision_070_choice_2	decision	business	年龄 24—55；人物 []；门槛 {"all":[{"path":"finance.available","op":"gte","value":5000}],"any":[],"none":[]}	交定金之前，先怎么搞清楚能不能做？	先租个短期小档口跑跑看 → 你只租了短期柜台，设备简单，留了一笔退出备用金。一个月的真实订单，比招商预测有用得多。	[{"type":"tag","target":"history","value":"business:independent_test"},{"type":"add","target":"agency","value":3},{"type":"set","target":"business.status","value":"testing"},{"type":"set","target":"business.mode","value":"independent"},{"type":"add","target":"business.operatingSkill","value":4},{"type":"add","target":"finance.cash","value":-5000}]	echo_070@2—4年：那次签约前的功课，后来决定了店从哪里起步。；正式找店面的时候，按测试的客单和复购缩了面积。；效果 [{"type":"add","target":"capabilities.resilience","value":1},{"type":"tag","target":"history","value":"echo:business"}]	无	无	三代理混排复核完成；已发现项已修正
decision_070	decision_070_choice_3	decision	business	年龄 24—55；人物 []；门槛 {"all":[{"path":"finance.available","op":"gte","value":5000}],"any":[],"none":[]}	交定金之前，先怎么搞清楚能不能做？	签了。用个人担保补资金 → 定金、设备款、首批物料——同一天转出去。担保页也签了名。总部发来统一装修和进货清单。	[{"type":"tag","target":"history","value":"business:guaranteed"},{"type":"add","target":"agency","value":2},{"type":"set","target":"business.status","value":"testing"},{"type":"set","target":"business.mode","value":"franchise"},{"type":"add","target":"business.operatingSkill","value":0},{"type":"add","target":"finance.cash","value":-60000},{"type":"addLiability","target":"finance.liabilities","value":90000,"kind":"business","rate":0.09,"guaranteed":true}]	echo_070@3—5年：那次签约前的功课，后来决定了店从哪里起步。；第一张还款单到的时候，门店还在装。；效果 [{"type":"add","target":"pressures.money","value":4},{"type":"tag","target":"history","value":"echo:business"}]	无	住房债务	三代理混排复核完成；已发现项已修正
decision_071	decision_071_choice_1	decision	business	年龄 24—58；人物 []；门槛 {"all":[{"path":"business.status","op":"in","value":["testing","operating"]}],"any":[],"none":[]}	第一轮真实数字出来了。先改什么？	缩菜单和排班。先活下来 → 停掉周转最慢的。班次对上真有客人的时段。营业额小了——报废和空班先下来了。	[{"type":"tag","target":"history","value":"business:lean"},{"type":"add","target":"agency","value":4},{"type":"set","target":"business.status","value":"operating"},{"type":"add","target":"business.operatingSkill","value":5},{"type":"add","target":"finance.cash","value":-12000},{"type":"applyEmploymentProfile","target":"employment","value":"small_shop_owner"}]	echo_071@1—3年：开业后的第一轮账，比门口花篮留得久。；淡季又来的时候，第一次不用借钱发工资。；效果 [{"type":"add","target":"agency","value":1},{"type":"tag","target":"history","value":"echo:business"}]	learning/resultVariant；准备“缩菜单和排班。先活下来”时，动手以前，你决定把陌生的部分拆成眼前能学的一步，再看要不要“缩菜单和排班。先活下来”。；结果落定时，新学会的那一步当场用上了。 你这次走的是“缩菜单和排班。先活下来”。	无	三代理混排复核完成；已发现项已修正
decision_071	decision_071_choice_2	decision	business	年龄 24—58；人物 []；门槛 {"all":[{"path":"business.status","op":"in","value":["testing","operating"]}],"any":[],"none":[]}	第一轮真实数字出来了。先改什么？	品牌那些成本拆开。往独立走 → 指定物料、设备维护、活动抽成——逐项看。开始用自己的菜单名、供应商备选和熟客名单做过渡。	[{"type":"tag","target":"history","value":"business:independent_plan"},{"type":"add","target":"agency","value":3},{"type":"set","target":"business.status","value":"operating"},{"type":"set","target":"business.mode","value":"independent"},{"type":"add","target":"business.operatingSkill","value":4},{"type":"add","target":"finance.cash","value":-8000},{"type":"applyEmploymentProfile","target":"employment","value":"small_shop_owner"}]	echo_071@2—4年：开业后的第一轮账，比门口花篮留得久。；品牌活动停了。熟客还是那个时间来。；效果 [{"type":"add","target":"capabilities.resilience","value":1},{"type":"tag","target":"history","value":"echo:business"}]	无	无	三代理混排复核完成；已发现项已修正
decision_071	decision_071_choice_3	decision	business	年龄 24—58；人物 []；门槛 {"all":[{"path":"business.status","op":"in","value":["testing","operating"]}],"any":[],"none":[]}	第一轮真实数字出来了。先改什么？	继续进货投流。等旺季翻 → 你接了总部的新活动。仓库又进了一批统一包装，广告也加钱。曝光涨了——到店没跟着涨。	[{"type":"tag","target":"history","value":"business:double_down"},{"type":"add","target":"agency","value":2},{"type":"set","target":"business.status","value":"operating"},{"type":"set","target":"business.mode","value":"franchise"},{"type":"add","target":"business.operatingSkill","value":0},{"type":"add","target":"finance.cash","value":-35000},{"type":"applyEmploymentProfile","target":"employment","value":"small_shop_owner"},{"type":"addLiability","target":"finance.liabilities","value":50000,"kind":"business","rate":0.1,"guaranteed":true}]	echo_071@3—5年：开业后的第一轮账，比门口花篮留得久。；结算日到了。临期贴纸贴满了一排。；效果 [{"type":"add","target":"pressures.money","value":4},{"type":"tag","target":"history","value":"echo:business"}]	无	无	三代理混排复核完成；已发现项已修正
decision_072	decision_072_choice_1	decision	business	年龄 24—58；人物 []；门槛 {"all":[{"path":"business.status","op":"in","value":["testing","operating"]}],"any":[],"none":[]}	这家店，最后怎么弄？	缩。保住能活的 → 退掉多余仓位。按真实复购留着店面。招牌还亮——以后每次进货，先看现金能转几圈。	[{"type":"tag","target":"history","value":"business:survived"},{"type":"add","target":"agency","value":4},{"type":"set","target":"business.status","value":"operating"},{"type":"add","target":"business.operatingSkill","value":4},{"type":"add","target":"business.equity","value":60000},{"type":"add","target":"finance.cash","value":0}]	echo_072@1—3年：最后一张经营表，写清了这家店真正留下了什么。；一年后没暴涨。工资、房租和货款——都能按时付。；效果 [{"type":"add","target":"agency","value":1},{"type":"tag","target":"history","value":"echo:business"}]	creativity/resultVariant；准备“缩。保住能活的”时，这次多做了一层准备：换个角度，找一条不必硬顶的路。；回头看这一步，原来那条路不再是唯一答案。 你这次走的是“缩。保住能活的”。	无	三代理混排复核完成；已发现项已修正
decision_072	decision_072_choice_2	decision	business	年龄 24—58；人物 []；门槛 {"all":[{"path":"business.status","op":"in","value":["testing","operating"]}],"any":[],"none":[]}	这家店，最后怎么弄？	撕掉招牌。自己做 → 品牌名和专用物料不跟了。通用设备、熟客和自己练出的节奏——留着。新菜单没总部模板。	[{"type":"tag","target":"history","value":"business:independent"},{"type":"add","target":"agency","value":3},{"type":"set","target":"business.status","value":"operating"},{"type":"set","target":"business.mode","value":"independent"},{"type":"add","target":"business.operatingSkill","value":5},{"type":"add","target":"business.equity","value":35000},{"type":"add","target":"finance.cash","value":-4000}]	echo_072@2—4年：最后一张经营表，写清了这家店真正留下了什么。；采购降下来以后，小店按自己的客流慢慢稳。；效果 [{"type":"add","target":"capabilities.resilience","value":1},{"type":"tag","target":"history","value":"echo:business"}]	无	无	三代理混排复核完成；已发现项已修正
decision_072	decision_072_choice_3	decision	business	年龄 24—58；人物 []；门槛 {"all":[{"path":"business.status","op":"in","value":["testing","operating"]}],"any":[],"none":[]}	这家店，最后怎么弄？	清货退租。认了 → 库存贴最后的折扣。设备转让拍了照。跟房东签交接，再去清税和注销。	[{"type":"tag","target":"history","value":"business:stop_loss"},{"type":"add","target":"agency","value":2},{"type":"set","target":"business.status","value":"closed"},{"type":"set","target":"business.mode","value":"none"},{"type":"add","target":"business.operatingSkill","value":1},{"type":"add","target":"business.equity","value":0},{"type":"add","target":"finance.cash","value":-8000},{"type":"leaveEmployment","target":"employment","value":"businessClosed"}]	echo_072@3—5年：最后一张经营表，写清了这家店真正留下了什么。；卷帘门最后一次落下来，没带新借款。；效果 [{"type":"add","target":"pressures.money","value":4},{"type":"tag","target":"history","value":"echo:business"}]	无	无	三代理混排复核完成；已发现项已修正
decision_072	decision_072_choice_4	decision	business	年龄 24—58；人物 []；门槛 {"all":[{"path":"business.status","op":"in","value":["testing","operating"]}],"any":[],"none":[]}	这家店，最后怎么弄？	再借一笔。再扛一阵 → 个人担保又续了。广告和进货走在真实订单前面。旺季没填平旧坑——店关了，还款单还寄到住处。	[{"type":"tag","target":"history","value":"business:debt_failure"},{"type":"add","target":"agency","value":1},{"type":"set","target":"business.status","value":"closed"},{"type":"set","target":"business.mode","value":"franchise"},{"type":"add","target":"business.operatingSkill","value":0},{"type":"add","target":"business.equity","value":0},{"type":"add","target":"finance.cash","value":-45000},{"type":"leaveEmployment","target":"employment","value":"businessClosed"},{"type":"addLiability","target":"finance.liabilities","value":120000,"kind":"business","rate":0.12,"guaranteed":true}]	echo_072@4—6年：最后一张经营表，写清了这家店真正留下了什么。；招牌拆了。担保债务没跟着一起消失。；效果 [{"type":"add","target":"pressures.money","value":4},{"type":"tag","target":"history","value":"echo:business"}]	无	住房债务	三代理混排复核完成；已发现项已修正
decision_073	decision_073_choice_1	decision	business	年龄 28—68；人物 []；门槛 {"all":[{"path":"finance.available","op":"gte","value":5000},{"path":"business.status","op":"in","value":["testing","operating"]},{"path":"business.status","op":"eq","value":"operating"},{"path":"business.operatingSkill","op":"gte","value":45},{"path":"business.equity","op":"gte","value":30000}],"any":[],"none":[]}	扩张之前，先试什么？	让老店自己转一个周期 → 排班、采购、投诉和日结——交给店长。你只看出问题的事。店没因为你在不在就停摆。	[{"type":"tag","target":"history","value":"business:validated"},{"type":"add","target":"agency","value":4},{"type":"add","target":"business.operatingSkill","value":6},{"type":"add","target":"finance.cash","value":-3000}]	echo_073@1—3年：第二家店的意向书，先过一次真实检验。；真谈第二个点的时候，流程手册不是摆着看的了。；效果 [{"type":"add","target":"agency","value":1},{"type":"tag","target":"history","value":"echo:business"}]	network/resultVariant；准备“让老店自己转一个周期”时，眼前仍要你自己选；牌能帮的，是问一个确实了解情况的人。；这次仍要由你承担后果；可靠的消息补上了原来够不着的一角。 你这次走的是“让老店自己转一个周期”。	无	三代理混排复核完成；已发现项已修正
decision_073	decision_073_choice_2	decision	business	年龄 28—68；人物 []；门槛 {"all":[{"path":"finance.available","op":"gte","value":5000},{"path":"business.status","op":"in","value":["testing","operating"]},{"path":"business.status","op":"eq","value":"operating"},{"path":"business.operatingSkill","op":"gte","value":45},{"path":"business.equity","op":"gte","value":30000}],"any":[],"none":[]}	扩张之前，先试什么？	先在老店加一条产品线试 → 用现有场地测新业务。库存和试验期先限定。	[{"type":"tag","target":"history","value":"business:limited_test"},{"type":"add","target":"agency","value":3},{"type":"add","target":"business.operatingSkill","value":4},{"type":"add","target":"finance.cash","value":-6000}]	echo_073@2—4年：第二家店的意向书，先过一次真实检验。；不行的按期撤。留下的订单给了扩张真实数据。；效果 [{"type":"add","target":"capabilities.resilience","value":1},{"type":"tag","target":"history","value":"echo:business"}]	无	无	三代理混排复核完成；已发现项已修正
decision_073	decision_073_choice_3	decision	business	年龄 28—68；人物 []；门槛 {"all":[{"path":"finance.available","op":"gte","value":5000},{"path":"business.status","op":"in","value":["testing","operating"]},{"path":"business.status","op":"eq","value":"operating"},{"path":"business.operatingSkill","op":"gte","value":45},{"path":"business.equity","op":"gte","value":30000}],"any":[],"none":[]}	扩张之前，先试什么？	数字不支持。停了 → 固定成本和现金缓冲扛不住第二个点。意向书谈过——但没签。	[{"type":"tag","target":"history","value":"business:not_ready"},{"type":"add","target":"agency","value":2},{"type":"add","target":"business.operatingSkill","value":1},{"type":"add","target":"finance.cash","value":0},{"type":"set","target":"business.scale","value":"local"}]	echo_073@3—5年：第二家店的意向书，先过一次真实检验。；一年后老店还能发工资。这轮扩张——没启动。；效果 [{"type":"add","target":"pressures.money","value":4},{"type":"tag","target":"history","value":"echo:business"}]	无	无	三代理混排复核完成；已发现项已修正
decision_074	decision_074_choice_1	decision	business	年龄 29—70；人物 []；门槛 {"all":[{"path":"business.status","op":"in","value":["testing","operating"]}],"any":[],"none":[]}	钱怎么来？	用自己挣的。一步一步来 → 按开业的里程碑付款。工资和供应商的现金先留着。慢——但没新增固定还款。	[{"type":"tag","target":"history","value":"business:internal_cash"},{"type":"add","target":"agency","value":4},{"type":"add","target":"finance.cash","value":-30000},{"type":"add","target":"business.control","value":0}]	echo_074@1—3年：那份资金安排后来同时留在现金流和股权表里。；装修延期的时候，老店没被抽空。；效果 [{"type":"add","target":"agency","value":1},{"type":"tag","target":"history","value":"echo:business"}]	cashBuffer/costShift；准备“用自己挣的。一步一步来”时，你没有急着选，先算清手里的缓冲能垫住哪一段。；多出来的差别很具体：缓冲只垫住眼前，没有假装风险已经消失。 你这次走的是“用自己挣的。一步一步来”。	无	三代理混排复核完成；已发现项已修正
decision_074	decision_074_choice_2	decision	business	年龄 29—70；人物 []；门槛 {"all":[{"path":"business.status","op":"in","value":["testing","operating"]}],"any":[],"none":[]}	钱怎么来？	借能扛得住的。先算最差 → 利率、期限、个人担保——单列。只借淡季也还得起的。	[{"type":"tag","target":"history","value":"business:debt_finance"},{"type":"add","target":"agency","value":3},{"type":"add","target":"finance.cash","value":20000},{"type":"add","target":"business.control","value":-2},{"type":"addLiability","target":"finance.liabilities","value":80000,"kind":"business","rate":0.08,"guaranteed":true}]	echo_074@2—4年：那份资金安排后来同时留在现金流和股权表里。；第二店爬坡。还款没先于工资把现金挤走。；效果 [{"type":"add","target":"capabilities.resilience","value":1},{"type":"tag","target":"history","value":"echo:business"}]	无	住房债务	三代理混排复核完成；已发现项已修正
decision_074	decision_074_choice_3	decision	business	年龄 29—70；人物 []；门槛 {"all":[{"path":"business.status","op":"in","value":["testing","operating"]}],"any":[],"none":[]}	钱怎么来？	找人投。但把条款写死 → 钱到账以前——股权多少、谁有表决权、怎么退出——全落在纸上。	[{"type":"tag","target":"history","value":"business:equity_finance"},{"type":"add","target":"agency","value":2},{"type":"add","target":"finance.cash","value":90000},{"type":"add","target":"business.control","value":-18}]	echo_074@3—5年：那份资金安排后来同时留在现金流和股权表里。；下次争扩张速度的时候，谁能决定已经写了。；效果 [{"type":"add","target":"pressures.money","value":4},{"type":"tag","target":"history","value":"echo:business"}]	无	职业资产	三代理混排复核完成；已发现项已修正
decision_075	decision_075_choice_1	decision	business	年龄 30—72；人物 []；门槛 {"all":[{"path":"business.status","op":"in","value":["testing","operating"]}],"any":[],"none":[]}	这次扩张，最后留下了什么？	能赚的留着。慢慢来 → 只留能扛住成本的。下次复制的条件写在经营表里。	[{"type":"tag","target":"history","value":"business:scaled"},{"type":"add","target":"agency","value":4},{"type":"set","target":"business.status","value":"operating"},{"type":"set","target":"business.scale","value":"regional"},{"type":"add","target":"business.equity","value":300000},{"type":"add","target":"finance.cash","value":25000},{"type":"add","target":"business.control","value":0},{"type":"applyEmploymentProfile","target":"employment","value":"mature_owner"}]	echo_075@1—3年：扩张后的第一份完整经营表——给出了结论。；规模涨得不快。工资、货款和税——都有固定来源。；效果 [{"type":"add","target":"agency","value":1},{"type":"tag","target":"history","value":"echo:business"}]	negotiation/resultVariant；准备“能赚的留着。慢慢来”时，“能赚的留着。慢慢来”要真的走得通，得先把期限、钱和各自要做的事摊开谈。；“能赚的留着。慢慢来”照样有代价，不过说出口的条件有了能核对的落点。 你这次走的是“能赚的留着。慢慢来”。	无	三代理混排复核完成；已发现项已修正
decision_075	decision_075_choice_2	decision	business	年龄 30—72；人物 []；门槛 {"all":[{"path":"business.status","op":"in","value":["testing","operating"]}],"any":[],"none":[]}	这次扩张，最后留下了什么？	缩回来。关掉不行的 → 新签约停了。清货、员工结算和设备转让——做完。	[{"type":"tag","target":"history","value":"business:downsized"},{"type":"add","target":"agency","value":3},{"type":"set","target":"business.status","value":"operating"},{"type":"set","target":"business.scale","value":"local"},{"type":"add","target":"business.equity","value":50000},{"type":"add","target":"finance.cash","value":-12000},{"type":"add","target":"business.control","value":2}]	echo_075@2—4年：扩张后的第一份完整经营表——给出了结论。；缩了。老店重新有了现金缓冲。；效果 [{"type":"add","target":"capabilities.resilience","value":1},{"type":"tag","target":"history","value":"echo:business"}]	无	无	三代理混排复核完成；已发现项已修正
decision_075	decision_075_choice_3	decision	business	年龄 30—72；人物 []；门槛 {"all":[{"path":"business.status","op":"in","value":["testing","operating"]}],"any":[],"none":[]}	这次扩张，最后留下了什么？	卖掉。把管理交出去 → 买方接手部分门店和团队。你按清单移交。供应商和员工先结。	[{"type":"tag","target":"history","value":"business:sold"},{"type":"add","target":"agency","value":2},{"type":"set","target":"business.status","value":"operating"},{"type":"set","target":"business.scale","value":"local"},{"type":"add","target":"business.equity","value":-80000},{"type":"add","target":"finance.cash","value":80000},{"type":"add","target":"business.control","value":-12}]	echo_075@3—5年：扩张后的第一份完整经营表——给出了结论。；版图变小了。退出来的钱真正进了自己能用的账户。；效果 [{"type":"add","target":"pressures.money","value":4},{"type":"tag","target":"history","value":"echo:business"}]	无	无	三代理混排复核完成；已发现项已修正
decision_075	decision_075_choice_4	decision	business	年龄 30—72；人物 []；门槛 {"all":[{"path":"business.status","op":"in","value":["testing","operating"]}],"any":[],"none":[]}	这次扩张，最后留下了什么？	借钱继续撑。最后收在债上 → 用新债盖固定成本——撑到租金和工资同时到期。店关了。担保还款还在你名下。	[{"type":"tag","target":"history","value":"business:debt_failure"},{"type":"add","target":"agency","value":1},{"type":"set","target":"business.status","value":"closed"},{"type":"set","target":"business.scale","value":"none"},{"type":"add","target":"business.equity","value":-150000},{"type":"add","target":"finance.cash","value":-50000},{"type":"add","target":"business.control","value":-8},{"type":"addLiability","target":"finance.liabilities","value":160000,"kind":"business","rate":0.11,"guaranteed":true},{"type":"leaveEmployment","target":"employment","value":"businessClosed"}]	echo_075@4—6年：扩张后的第一份完整经营表——给出了结论。；第二店招牌拆了。债务进了处置——不是等下一次旺季。；效果 [{"type":"add","target":"pressures.money","value":4},{"type":"tag","target":"history","value":"echo:business"}]	无	住房债务	三代理混排复核完成；已发现项已修正
decision_076	decision_076_choice_1	decision	business	年龄 38—80；人物 []；门槛 {"all":[{"path":"finance.available","op":"gte","value":5000},{"path":"business.status","op":"in","value":["testing","operating"]},{"path":"business.status","op":"eq","value":"operating"},{"path":"business.scale","op":"in","value":["national","global"]},{"path":"business.equity","op":"gte","value":100000000}],"any":[],"none":[]}	站在这之前，先搞清楚什么？	股权、债务、交易顺序——让专业的人查 → 你让财务和法律把稀释、优先权、税费和交割条件列成单子。	[{"type":"tag","target":"history","value":"business:reviewed"},{"type":"add","target":"agency","value":4},{"type":"add","target":"business.control","value":1},{"type":"add","target":"finance.cash","value":-10000}]	echo_076@1—3年：那次估值会先把账面数字和能花的钱分开了。；签字前你知道了：公司值多少，不等于你今天能拿多少。；效果 [{"type":"add","target":"agency","value":1},{"type":"tag","target":"history","value":"echo:business"}]	evidence/resultVariant；准备“股权、债务、交易顺序——让专业的人查”时，这次多了一步准备：先把日期、凭据和能复核的细节放在手边。；结果仍不确定；该留下的凭据没有缺席。 你这次走的是“股权、债务、交易顺序——让专业的人查”。	住房债务、职业资产	三代理混排复核完成；已发现项已修正
decision_076	decision_076_choice_2	decision	business	年龄 38—80；人物 []；门槛 {"all":[{"path":"finance.available","op":"gte","value":5000},{"path":"business.status","op":"in","value":["testing","operating"]},{"path":"business.status","op":"eq","value":"operating"},{"path":"business.scale","op":"in","value":["national","global"]},{"path":"business.equity","op":"gte","value":100000000}],"any":[],"none":[]}	站在这之前，先搞清楚什么？	卖一小部分。控制权还留着 → 你找老股买家，但核心表决权和日常管理不交。	[{"type":"tag","target":"history","value":"business:partial_exit"},{"type":"add","target":"agency","value":3},{"type":"add","target":"business.control","value":0},{"type":"add","target":"finance.cash","value":250000},{"type":"add","target":"business.equity","value":-200000}]	echo_076@2—4年：那次估值会先把账面数字和能花的钱分开了。；个人账户第一次有了流动性。公司还是原来的人在管。；效果 [{"type":"add","target":"capabilities.resilience","value":1},{"type":"tag","target":"history","value":"echo:business"}]	无	无	三代理混排复核完成；已发现项已修正
decision_076	decision_076_choice_3	decision	business	年龄 38—80；人物 []；门槛 {"all":[{"path":"finance.available","op":"gte","value":5000},{"path":"business.status","op":"in","value":["testing","operating"]},{"path":"business.status","op":"eq","value":"operating"},{"path":"business.scale","op":"in","value":["national","global"]},{"path":"business.equity","op":"gte","value":100000000}],"any":[],"none":[]}	站在这之前，先搞清楚什么？	条件不行。不卖了 → 对方要的控制条件超出了你能接受的。排他谈判停了。	[{"type":"tag","target":"history","value":"business:declined"},{"type":"add","target":"agency","value":2},{"type":"add","target":"business.control","value":2},{"type":"add","target":"finance.cash","value":0}]	echo_076@3—5年：那次估值会先把账面数字和能花的钱分开了。；交易归档。公司回到原来的节奏。；效果 [{"type":"add","target":"pressures.money","value":4},{"type":"tag","target":"history","value":"echo:business"}]	无	无	三代理混排复核完成；已发现项已修正
decision_077	decision_077_choice_1	decision	business	年龄 39—82；人物 []；门槛 {"all":[{"path":"business.status","op":"in","value":["testing","operating"]}],"any":[],"none":[]}	控制权和钱，最后怎么选？	不卖了。慢点长 → 不再稀释了。增长调到现金能撑住的速度。	[{"type":"tag","target":"history","value":"business:controlled"},{"type":"add","target":"agency","value":4},{"type":"add","target":"business.control","value":3},{"type":"add","target":"finance.cash","value":0},{"type":"add","target":"business.equity","value":250000},{"type":"applyEmploymentProfile","target":"employment","value":"mature_owner"},{"type":"tag","target":"history","value":"wealthApex"},{"type":"tag","target":"history","value":"research:E72"}]	echo_077@1—3年：最后一次交易会留下的，不只估值新闻。；行业冷的时候，决定权还在你手上。生活没押在下一轮融资。；效果 [{"type":"add","target":"agency","value":1},{"type":"tag","target":"history","value":"echo:business"}]	boundary/resultVariant；准备“不卖了。慢点长”时，动手以前，你决定把愿意承担和不能接受的部分分别说清，再看要不要“不卖了。慢点长”。；结果落定时，你的界线没有在点头时一起让出去。 你这次走的是“不卖了。慢点长”。	无	三代理混排复核完成；已发现项已修正
decision_077	decision_077_choice_2	decision	business	年龄 39—82；人物 []；门槛 {"all":[{"path":"business.status","op":"in","value":["testing","operating"]}],"any":[],"none":[]}	控制权和钱，最后怎么选？	兑现一部分。继续拿着 → 一部分股份交割了。剩下的留着，边界清楚。	[{"type":"tag","target":"history","value":"business:cashed_out"},{"type":"add","target":"agency","value":3},{"type":"add","target":"business.control","value":-8},{"type":"add","target":"finance.cash","value":800000},{"type":"add","target":"business.equity","value":-500000},{"type":"tag","target":"history","value":"wealthApex"},{"type":"tag","target":"history","value":"research:E72"}]	echo_077@2—4年：最后一次交易会留下的，不只估值新闻。；钱真到了。公司的下一步不再决定你全部的日常。；效果 [{"type":"add","target":"capabilities.resilience","value":1},{"type":"tag","target":"history","value":"echo:business"}]	无	职业资产	三代理混排复核完成；已发现项已修正
decision_077	decision_077_choice_3	decision	business	年龄 39—82；人物 []；门槛 {"all":[{"path":"business.status","op":"in","value":["testing","operating"]}],"any":[],"none":[]}	控制权和钱，最后怎么选？	全卖了。走人 → 你按交接期移交账户、合同和团队。日常管理退出。	[{"type":"tag","target":"history","value":"business:management_exit"},{"type":"add","target":"agency","value":2},{"type":"add","target":"business.control","value":-100},{"type":"add","target":"finance.cash","value":2400000},{"type":"add","target":"business.equity","value":-2000000},{"type":"set","target":"business.status","value":"sold"},{"type":"leaveEmployment","target":"employment","value":"businessSold"},{"type":"tag","target":"history","value":"wealthApex"},{"type":"tag","target":"history","value":"research:E72"}]	echo_077@3—5年：最后一次交易会留下的，不只估值新闻。；店里换招牌不用再问你。个人资产也不只是账面数字。；效果 [{"type":"add","target":"pressures.money","value":4},{"type":"tag","target":"history","value":"echo:business"}]	无	无	三代理混排复核完成；已发现项已修正
decision_077	decision_077_choice_4	decision	business	年龄 39—82；人物 []；门槛 {"all":[{"path":"business.status","op":"in","value":["testing","operating"]}],"any":[],"none":[]}	控制权和钱，最后怎么选？	买方垮了。没成 → 尽调或融资变了，交易做不了。你终止交割，收回临时权限。	[{"type":"tag","target":"history","value":"business:invalidated"},{"type":"add","target":"agency","value":1},{"type":"add","target":"business.control","value":0},{"type":"add","target":"finance.cash","value":0},{"type":"add","target":"business.equity","value":0},{"type":"tag","target":"history","value":"research:E72"}]	echo_077@4—6年：最后一次交易会留下的，不只估值新闻。；这次没变成现金。至少没留下半份失控的交易。；效果 [{"type":"add","target":"pressures.money","value":4},{"type":"tag","target":"history","value":"echo:business"}]	无	无	三代理混排复核完成；已发现项已修正
decision_078	decision_078_choice_1	decision	leisure	年龄 18—55；人物 []；门槛 {"all":[{"path":"employment.status","op":"in","value":["employed","gig","selfEmployed"]}],"any":[],"none":[]}	钱从哪来？	用自己的积蓄。写个结束日期 → 你把固定开支和备用金分开，给自己留了十二个月。重新做决定的日子圈在了日历上。	[{"type":"tag","target":"history","value":"leisure:self_funded"},{"type":"add","target":"agency","value":4},{"type":"leaveEmployment","target":"employment","value":"careerBreak"},{"type":"set","target":"activity.mode","value":"sabbatical"},{"type":"set","target":"activity.funding","value":"self"},{"type":"add","target":"finance.cash","value":-5000},{"type":"add","target":"capabilities.employability","value":-1},{"type":"add","target":"desires.freedom.fulfillment","value":4}]	echo_078@1—3年：那张预算表后来没有只停在离职当天。；期限到的时候，每笔大的花销都还能在表里找到。；效果 [{"type":"add","target":"agency","value":1},{"type":"tag","target":"history","value":"echo:leisure"}]	cashBuffer/costShift；准备“用自己的积蓄。写个结束日期”时，“用自己的积蓄。写个结束日期”要真的走得通，得先算清手里的缓冲能垫住哪一段。；“用自己的积蓄。写个结束日期”照样有代价，不过缓冲只垫住眼前，没有假装风险已经消失。 你这次走的是“用自己的积蓄。写个结束日期”。	无	三代理混排复核完成；已发现项已修正
decision_078	decision_078_choice_2	decision	leisure	年龄 18—55；人物 []；门槛 {"all":[{"path":"employment.status","op":"in","value":["employed","gig","selfEmployed"]}],"any":[],"none":[]}	钱从哪来？	家里先帮一阵。但把边界说好 → 你只约了每月对一次预算——不汇报每天几点起、投了几份简历。转账和生活安排分开记。	[{"type":"tag","target":"history","value":"leisure:family_funded"},{"type":"add","target":"agency","value":3},{"type":"leaveEmployment","target":"employment","value":"careerBreak"},{"type":"set","target":"activity.mode","value":"sabbatical"},{"type":"set","target":"activity.funding","value":"family"},{"type":"add","target":"finance.cash","value":-2500},{"type":"add","target":"capabilities.employability","value":-1},{"type":"add","target":"desires.freedom.fulfillment","value":3}]	echo_078@2—4年：那张预算表后来没有只停在离职当天。；家里后来还是会问。但没有把每次转账变成临时命令。；效果 [{"type":"add","target":"capabilities.resilience","value":1},{"type":"tag","target":"history","value":"echo:leisure"}]	无	无	三代理混排复核完成；已发现项已修正
decision_078	decision_078_choice_3	decision	leisure	年龄 18—55；人物 []；门槛 {"all":[{"path":"employment.status","op":"in","value":["employed","gig","selfEmployed"]}],"any":[],"none":[]}	钱从哪来？	接点零活。不全停下来 → 你停了全职排班，留了几个每周能交的短项目。钱不多，工时和休息日写得清楚。	[{"type":"tag","target":"history","value":"leisure:project_funded"},{"type":"add","target":"agency","value":2},{"type":"applyEmploymentProfile","target":"employment","value":"remote_contractor"},{"type":"set","target":"activity.mode","value":"flexible"},{"type":"set","target":"activity.funding","value":"mixed"},{"type":"add","target":"finance.cash","value":1000},{"type":"add","target":"capabilities.employability","value":1},{"type":"add","target":"desires.freedom.fulfillment","value":1}]	echo_078@3—5年：那张预算表后来没有只停在离职当天。；第一个项目结束时，房租和社保还是自己出的。；效果 [{"type":"add","target":"pressures.money","value":4},{"type":"tag","target":"history","value":"echo:leisure"}]	无	无	三代理混排复核完成；已发现项已修正
decision_079	decision_079_choice_1	decision	leisure	年龄 18—55；人物 []；门槛 {"all":[],"any":[],"none":[]}	接下来一年怎么调？	照原计划走。固定节奏 → 起床、运动、每周理一次账——时间留着。保险也按计划在缴。生活没有工牌，还是有边界。	[{"type":"tag","target":"history","value":"leisure:on_budget"},{"type":"add","target":"agency","value":4},{"type":"set","target":"activity.mode","value":"leisure"},{"type":"set","target":"activity.funding","value":"self"},{"type":"add","target":"finance.cash","value":-4500},{"type":"add","target":"capabilities.employability","value":-1},{"type":"add","target":"pressures.money","value":0},{"type":"add","target":"desires.freedom.fulfillment","value":4}]	echo_079@1—3年：主动停下以后，第二年按新的成本在运行。；下次看余额的时候，花销还落在预留的范围里。；效果 [{"type":"add","target":"agency","value":1},{"type":"tag","target":"history","value":"echo:leisure"}]	creativity/resultVariant；准备“照原计划走。固定节奏”时，这次多了一步准备：先换个角度，找一条不必硬顶的路。；结果仍不确定；原来那条路不再是唯一答案。 你这次走的是“照原计划走。固定节奏”。	无	三代理混排复核完成；已发现项已修正
decision_079	decision_079_choice_2	decision	leisure	年龄 18—55；人物 []；门槛 {"all":[],"any":[],"none":[]}	接下来一年怎么调？	换小点的住处。把花销压下来 → 你搬到了更小的地方，停掉了不常用的订阅。把每个月最低要花多少重算了一遍。自由少了——期限更清了。	[{"type":"tag","target":"history","value":"leisure:shrinking"},{"type":"add","target":"agency","value":3},{"type":"set","target":"activity.mode","value":"leisure"},{"type":"set","target":"activity.funding","value":"self"},{"type":"add","target":"finance.cash","value":-2500},{"type":"add","target":"capabilities.employability","value":-2},{"type":"add","target":"pressures.money","value":-1},{"type":"transitionHousing","target":"housing","value":{"status":"renting","arrangement":"solo","stability":"conditional","costShare":"self","coResidentRefs":[],"kind":"choice","reason":"careerBreakDownsize","housingChoiceKind":"firstIndependent","residenceOnly":true}},{"type":"add","target":"desires.freedom.fulfillment","value":3}]	echo_079@2—4年：主动停下以后，第二年按新的成本在运行。；搬家押金退回来以后，预算又撑了几个月。；效果 [{"type":"add","target":"capabilities.resilience","value":1},{"type":"tag","target":"history","value":"echo:leisure"}]	无	无	三代理混排复核完成；已发现项已修正
decision_079	decision_079_choice_3	decision	leisure	年龄 18—55；人物 []；门槛 {"all":[],"any":[],"none":[]}	接下来一年怎么调？	花超了。开始准备回去 → 一笔意外的支出吃掉了备用金。你更新了简历和作品，也联系了能按周结钱的小项目。休息还没结束，回去的路已经在准备了。	[{"type":"tag","target":"history","value":"leisure:overrun"},{"type":"add","target":"agency","value":2},{"type":"set","target":"activity.mode","value":"seeking"},{"type":"set","target":"activity.funding","value":"mixed"},{"type":"add","target":"finance.cash","value":-7000},{"type":"add","target":"capabilities.employability","value":2},{"type":"add","target":"pressures.money","value":5},{"type":"add","target":"desires.freedom.fulfillment","value":1}]	echo_079@3—5年：主动停下以后，第二年按新的成本在运行。；后来面试被问起这段空窗的时候，你能把这一年的安排讲清楚。；效果 [{"type":"add","target":"pressures.money","value":4},{"type":"tag","target":"history","value":"echo:leisure"}]	无	无	三代理混排复核完成；已发现项已修正
decision_080	decision_080_choice_1	decision	leisure	年龄 20—60；人物 []；门槛 {"all":[],"any":[],"none":[]}	这段空窗，最后怎么收？	继续缩着。不去找工作 → 你确认自己不主动求职。房租和花销压在能撑的范围里。也不再跟人假装"马上入职"。	[{"type":"tag","target":"history","value":"leisure:continue"},{"type":"add","target":"agency","value":4},{"type":"leaveEmployment","target":"employment","value":"leisure"},{"type":"set","target":"activity.mode","value":"leisure"},{"type":"set","target":"activity.funding","value":"self"},{"type":"add","target":"finance.cash","value":-3000},{"type":"add","target":"capabilities.employability","value":-2},{"type":"add","target":"pressures.career","value":-2},{"type":"add","target":"desires.freedom.fulfillment","value":4}]	echo_080@1—3年：这段不工作的日子，终于有了清楚的边。；后来生活还是很小。但每个月的开销和底线——你自己在扛。；效果 [{"type":"add","target":"agency","value":1},{"type":"tag","target":"history","value":"echo:leisure"}]	boundary/resultVariant；准备“继续缩着。不去找工作”时，动手以前，你决定把愿意承担和不能接受的部分分别说清，再看要不要“继续缩着。不去找工作”。；结果落定时，你的界线没有在点头时一起让出去。 你这次走的是“继续缩着。不去找工作”。	无	三代理混排复核完成；已发现项已修正
decision_080	decision_080_choice_2	decision	leisure	年龄 20—60；人物 []；门槛 {"all":[],"any":[],"none":[]}	这段空窗，最后怎么收？	接点活。不全职 → 你固定接了几个客户，按件收钱。剩下的时间还是自己的。不是全职的节奏，基本开销不再只靠存款。	[{"type":"tag","target":"history","value":"leisure:low_intensity"},{"type":"add","target":"agency","value":3},{"type":"applyEmploymentProfile","target":"employment","value":"remote_contractor"},{"type":"set","target":"activity.mode","value":"flexible"},{"type":"set","target":"activity.funding","value":"mixed"},{"type":"add","target":"finance.cash","value":1500},{"type":"add","target":"capabilities.employability","value":2},{"type":"add","target":"pressures.career","value":-1},{"type":"add","target":"desires.freedom.fulfillment","value":3}]	echo_080@2—4年：这段不工作的日子，终于有了清楚的边。；客户慢慢稳了。自由还在，只是有了成本。；效果 [{"type":"add","target":"capabilities.resilience","value":1},{"type":"tag","target":"history","value":"echo:leisure"}]	无	无	三代理混排复核完成；已发现项已修正
decision_080	decision_080_choice_3	decision	leisure	年龄 20—60；人物 []；门槛 {"all":[],"any":[],"none":[]}	这段空窗，最后怎么收？	回去上班。闹钟重新响了 → 你用这段时间的作品和真实安排把空窗说清楚了。核完合同，签了。	[{"type":"tag","target":"history","value":"leisure:full_time"},{"type":"add","target":"agency","value":2},{"type":"applyEmploymentProfile","target":"employment","value":"admin_assistant"},{"type":"set","target":"activity.mode","value":"work"},{"type":"set","target":"activity.funding","value":"self"},{"type":"add","target":"finance.cash","value":3000},{"type":"add","target":"capabilities.employability","value":4},{"type":"add","target":"pressures.career","value":-3},{"type":"add","target":"desires.freedom.fulfillment","value":1}]	echo_080@3—5年：这段不工作的日子，终于有了清楚的边。；第一个发薪日——预算表终于不再往下掉了。；效果 [{"type":"add","target":"pressures.money","value":4},{"type":"tag","target":"history","value":"echo:leisure"}]	无	无	三代理混排复核完成；已发现项已修正
decision_080	decision_080_choice_4	decision	leisure	年龄 20—60；人物 []；门槛 {"all":[],"any":[],"none":[]}	这段空窗，最后怎么收？	钱不够了。先随便找个班上 → 备用金撑不到下个月房租。你接了一份能马上报到的岗位。钱和工作内容都比原来低。	[{"type":"tag","target":"history","value":"leisure:forced_return"},{"type":"add","target":"agency","value":1},{"type":"applyEmploymentProfile","target":"employment","value":"store_clerk"},{"type":"set","target":"activity.mode","value":"work"},{"type":"set","target":"activity.funding","value":"self"},{"type":"add","target":"finance.cash","value":1000},{"type":"add","target":"capabilities.employability","value":1},{"type":"add","target":"pressures.career","value":3},{"type":"add","target":"desires.freedom.fulfillment","value":-2}]	echo_080@4—6年：这段不工作的日子，终于有了清楚的边。；现金流先恢复了。这份工作要不要继续——等站稳再说。；效果 [{"type":"add","target":"pressures.money","value":4},{"type":"tag","target":"history","value":"echo:leisure"}]	无	无	三代理混排复核完成；已发现项已修正
decision_081	decision_081_choice_1	decision	leisure	年龄 20—62；人物 []；门槛 {"all":[{"path":"activity.mode","op":"in","value":["sabbatical","leisure"]}],"any":[],"none":[]}	存款只够六个月，你要缩减开支、借钱维持，还是重新求职。	砍开支延长时间 → 你退掉会员、搬去小房间，把期限又拉长三个月。	[{"type":"tag","target":"history","value":"leisure:deliberate"},{"type":"add","target":"agency","value":4},{"type":"set","target":"activity.mode","value":"leisure"},{"type":"set","target":"activity.funding","value":"self"},{"type":"transitionHousing","target":"housing","value":{"status":"renting","arrangement":"solo","stability":"conditional","costShare":"self","coResidentRefs":[],"kind":"choice","reason":"leisureBudgetDownsize","housingChoiceKind":"firstIndependent","residenceOnly":true}},{"type":"add","target":"desires.freedom.fulfillment","value":4},{"type":"add","target":"capabilities.employability","value":-1},{"type":"add","target":"finance.cash","value":-5000}]	echo_081@1—3年：那六个月很快出现在银行卡余额里。；找到工作时手里仍有押金，不用向朋友周转。；效果 [{"type":"add","target":"agency","value":1},{"type":"tag","target":"history","value":"echo:leisure"}]	cashBuffer/costShift；准备“砍开支延长时间”时，这次多做了一层准备：算清手里的缓冲能垫住哪一段。；回头看这一步，缓冲只垫住眼前，没有假装风险已经消失。 你这次走的是“砍开支延长时间”。	无	三代理混排复核完成；已发现项已修正
decision_081	decision_081_choice_2	decision	leisure	年龄 20—62；人物 []；门槛 {"all":[{"path":"activity.mode","op":"in","value":["sabbatical","leisure"]}],"any":[],"none":[]}	存款只够六个月，你要缩减开支、借钱维持，还是重新求职。	借钱继续休息 → 朋友转来一笔钱，没有催你写还款日期。	[{"type":"tag","target":"history","value":"leisure:negotiated"},{"type":"add","target":"agency","value":3},{"type":"set","target":"activity.mode","value":"leisure"},{"type":"set","target":"activity.funding","value":"debt"},{"type":"add","target":"desires.freedom.fulfillment","value":6},{"type":"add","target":"capabilities.employability","value":-4},{"type":"add","target":"finance.cash","value":-9000}]	echo_081@2—4年：那六个月很快出现在银行卡余额里。；重新上班后的前四个月工资，先还给了那位朋友。；效果 [{"type":"add","target":"capabilities.resilience","value":1},{"type":"tag","target":"history","value":"echo:leisure"}]	无	无	三代理混排复核完成；已发现项已修正
decision_081	decision_081_choice_3	decision	leisure	年龄 20—62；人物 []；门槛 {"all":[{"path":"activity.mode","op":"in","value":["sabbatical","leisure"]}],"any":[],"none":[]}	存款只够六个月，你要缩减开支、借钱维持，还是重新求职。	现在开始求职 → 简历当天更新，第二周就去见了第一家公司。	[{"type":"tag","target":"history","value":"leisure:risk"},{"type":"add","target":"agency","value":2},{"type":"set","target":"activity.mode","value":"seeking"},{"type":"set","target":"activity.funding","value":"self"},{"type":"add","target":"desires.freedom.fulfillment","value":-1},{"type":"add","target":"capabilities.employability","value":2},{"type":"add","target":"finance.cash","value":2000}]	echo_081@3—5年：那六个月很快出现在银行卡余额里。；你接下的岗位不算理想，却在存款耗尽前发了工资。；效果 [{"type":"add","target":"pressures.money","value":4},{"type":"tag","target":"history","value":"echo:leisure"}]	无	无	三代理混排复核完成；已发现项已修正
decision_082	decision_082_choice_1	decision	leisure	年龄 20—62；人物 []；门槛 {"all":[{"path":"activity.mode","op":"in","value":["sabbatical","leisure"]}],"any":[],"none":[]}	你开始分不清自己是在休息，还是不敢回到外面的生活。	找人帮忙调作息 → 你约了咨询，也让朋友每天中午拉你出门。	[{"type":"tag","target":"history","value":"leisure:deliberate"},{"type":"add","target":"agency","value":4},{"type":"set","target":"activity.mode","value":"sabbatical"},{"type":"set","target":"activity.funding","value":"self"},{"type":"add","target":"desires.freedom.fulfillment","value":4},{"type":"add","target":"capabilities.employability","value":-1},{"type":"add","target":"finance.cash","value":-5000}]	echo_082@1—3年：那段作息失控后来有了一个转折。；一个月后你能在白天完成事情，屏幕时间少了近一半。；效果 [{"type":"add","target":"agency","value":1},{"type":"tag","target":"history","value":"echo:leisure"}]	creativity/resultVariant；准备“找人帮忙调作息”时，眼前仍要你自己选；牌能帮的，是换个角度，找一条不必硬顶的路。；这次仍要由你承担后果；原来那条路不再是唯一答案。 你这次走的是“找人帮忙调作息”。	无	三代理混排复核完成；已发现项已修正
decision_082	decision_082_choice_2	decision	leisure	年龄 20—62；人物 []；门槛 {"all":[{"path":"activity.mode","op":"in","value":["sabbatical","leisure"]}],"any":[],"none":[]}	你开始分不清自己是在休息，还是不敢回到外面的生活。	继续躲进屏幕 → 你把夜里当白天，外卖放在门口很久才拿。	[{"type":"tag","target":"history","value":"leisure:negotiated"},{"type":"add","target":"agency","value":3},{"type":"set","target":"activity.mode","value":"leisure"},{"type":"set","target":"activity.funding","value":"self"},{"type":"add","target":"desires.freedom.fulfillment","value":6},{"type":"add","target":"capabilities.employability","value":-4},{"type":"add","target":"finance.cash","value":-9000}]	echo_082@2—4年：那段作息失控后来有了一个转折。；体检预约错过两次，直到失眠也撑不住夜晚。；效果 [{"type":"add","target":"capabilities.resilience","value":1},{"type":"tag","target":"history","value":"echo:leisure"}]	无	无	三代理混排复核完成；已发现项已修正
decision_082	decision_082_choice_3	decision	leisure	年龄 20—62；人物 []；门槛 {"all":[{"path":"activity.mode","op":"in","value":["sabbatical","leisure"]}],"any":[],"none":[]}	你开始分不清自己是在休息，还是不敢回到外面的生活。	换个地方住一阵 → 你去了朋友的小城，每天跟着他一起吃饭。	[{"type":"tag","target":"history","value":"leisure:risk"},{"type":"add","target":"agency","value":2},{"type":"set","target":"activity.mode","value":"leisure"},{"type":"set","target":"activity.funding","value":"self"},{"type":"transitionHousing","target":"housing","value":{"status":"supported","arrangement":"shared","stability":"temporary","costShare":"supported","coResidentRefs":[],"kind":"background","reason":"temporaryFriendCityStay","residenceOnly":true}},{"type":"add","target":"desires.freedom.fulfillment","value":-1},{"type":"add","target":"capabilities.employability","value":2},{"type":"add","target":"finance.cash","value":2000}]	echo_082@3—5年：那段作息失控后来有了一个转折。；环境让作息暂时恢复，回家后仍得自己重新维持。；效果 [{"type":"add","target":"pressures.money","value":4},{"type":"tag","target":"history","value":"echo:leisure"}]	无	无	三代理混排复核完成；已发现项已修正
decision_083	decision_083_choice_1	decision	leisure	年龄 22—65；人物 []；门槛 {"all":[{"path":"activity.mode","op":"in","value":["sabbatical","leisure"]}],"any":[],"none":[]}	朋友邀你做一个低强度项目，每周两天，不保证以后有工作。	去做，保持手感 → 你按周交付，简历上终于不再只剩空白。	[{"type":"tag","target":"history","value":"leisure:deliberate"},{"type":"add","target":"agency","value":4},{"type":"set","target":"activity.mode","value":"flexible"},{"type":"set","target":"activity.funding","value":"mixed"},{"type":"applyEmploymentProfile","target":"employment","value":"remote_contractor"},{"type":"add","target":"desires.freedom.fulfillment","value":4},{"type":"add","target":"capabilities.employability","value":-1},{"type":"add","target":"finance.cash","value":-5000}]	echo_083@1—3年：那个小项目后来没有停在两天。；客户把你推荐给下一单，收入慢慢恢复成常态。；效果 [{"type":"add","target":"agency","value":1},{"type":"tag","target":"history","value":"echo:leisure"}]	portableSkill/resultVariant；准备“去做，保持手感”时，你没有急着选，先拿一件真正做过的事试路。；多出来的差别很具体：做过的事成了这次选择的底气。 你这次走的是“去做，保持手感”。	无	三代理混排复核完成；已发现项已修正
decision_083	decision_083_choice_2	decision	leisure	年龄 22—65；人物 []；门槛 {"all":[{"path":"activity.mode","op":"in","value":["sabbatical","leisure"]}],"any":[],"none":[]}	朋友邀你做一个低强度项目，每周两天，不保证以后有工作。	继续彻底休息 → 你婉拒项目，把那两天也留给自己。	[{"type":"tag","target":"history","value":"leisure:negotiated"},{"type":"add","target":"agency","value":3},{"type":"set","target":"activity.mode","value":"leisure"},{"type":"set","target":"activity.funding","value":"self"},{"type":"add","target":"desires.freedom.fulfillment","value":6},{"type":"add","target":"capabilities.employability","value":-4},{"type":"add","target":"finance.cash","value":-9000}]	echo_083@2—4年：那个小项目后来没有停在两天。；半年后再联系时，团队已经招了固定的人。；效果 [{"type":"add","target":"capabilities.resilience","value":1},{"type":"tag","target":"history","value":"echo:leisure"}]	无	无	三代理混排复核完成；已发现项已修正
decision_083	decision_083_choice_3	decision	leisure	年龄 22—65；人物 []；门槛 {"all":[{"path":"activity.mode","op":"in","value":["sabbatical","leisure"]}],"any":[],"none":[]}	朋友邀你做一个低强度项目，每周两天，不保证以后有工作。	把它做成全职 → 你主动接下更多任务，休息日重新塞满会议。	[{"type":"tag","target":"history","value":"leisure:risk"},{"type":"add","target":"agency","value":2},{"type":"set","target":"activity.mode","value":"work"},{"type":"set","target":"activity.funding","value":"self"},{"type":"applyEmploymentProfile","target":"employment","value":"small_shop_owner"},{"type":"add","target":"desires.freedom.fulfillment","value":-1},{"type":"add","target":"capabilities.employability","value":2},{"type":"add","target":"finance.cash","value":2000}]	echo_083@3—5年：那个小项目后来没有停在两天。；项目转成长期合同，你也回到了熟悉的忙法。；效果 [{"type":"add","target":"pressures.money","value":4},{"type":"tag","target":"history","value":"echo:leisure"}]	无	无	三代理混排复核完成；已发现项已修正
decision_084	decision_084_choice_1	decision	leisure	年龄 24—68；人物 []；门槛 {"all":[{"path":"activity.mode","op":"in","value":["sabbatical","leisure"]}],"any":[],"none":[]}	空窗期已超过两年，面试官开始把它当成首要问题。	补技能如实说明 → 你完成一门课程，把停下来的原因讲得简短。	[{"type":"tag","target":"history","value":"leisure:deliberate"},{"type":"add","target":"agency","value":4},{"type":"set","target":"activity.mode","value":"study"},{"type":"set","target":"activity.funding","value":"self"},{"type":"add","target":"desires.freedom.fulfillment","value":4},{"type":"add","target":"capabilities.employability","value":-1},{"type":"add","target":"finance.cash","value":-5000}]	echo_084@1—3年：那段空窗后来被写成了不同的说法。；下一位面试官继续追问，但作品让谈话回到岗位本身。；效果 [{"type":"add","target":"agency","value":1},{"type":"tag","target":"history","value":"echo:leisure"}]	learning/resultVariant；准备“补技能如实说明”时，“补技能如实说明”要真的走得通，得先把陌生的部分拆成眼前能学的一步。；“补技能如实说明”照样有代价，不过新学会的那一步当场用上了。 你这次走的是“补技能如实说明”。	无	三代理混排复核完成；已发现项已修正
decision_084	decision_084_choice_2	decision	leisure	年龄 24—68；人物 []；门槛 {"all":[{"path":"activity.mode","op":"in","value":["sabbatical","leisure"]}],"any":[],"none":[]}	空窗期已超过两年，面试官开始把它当成首要问题。	从基层重新开始 → 你接受低一级的职位，重新适应打卡和汇报。	[{"type":"tag","target":"history","value":"leisure:negotiated"},{"type":"add","target":"agency","value":3},{"type":"set","target":"activity.mode","value":"work"},{"type":"set","target":"activity.funding","value":"self"},{"type":"applyEmploymentProfile","target":"employment","value":"store_clerk"},{"type":"add","target":"desires.freedom.fulfillment","value":6},{"type":"add","target":"capabilities.employability","value":-4},{"type":"add","target":"finance.cash","value":-9000}]	echo_084@2—4年：那段空窗后来被写成了不同的说法。；两年后职级回来了，工资还差一点才追平。；效果 [{"type":"add","target":"capabilities.resilience","value":1},{"type":"tag","target":"history","value":"echo:leisure"}]	无	无	三代理混排复核完成；已发现项已修正
decision_084	decision_084_choice_3	decision	leisure	年龄 24—68；人物 []；门槛 {"all":[{"path":"activity.mode","op":"in","value":["sabbatical","leisure"]}],"any":[],"none":[]}	空窗期已超过两年，面试官开始把它当成首要问题。	再等理想岗位 → 你拒绝降级，继续筛掉不合心意的邀请。	[{"type":"tag","target":"history","value":"leisure:risk"},{"type":"add","target":"agency","value":2},{"type":"set","target":"activity.mode","value":"leisure"},{"type":"set","target":"activity.funding","value":"family"},{"type":"add","target":"desires.freedom.fulfillment","value":-1},{"type":"add","target":"capabilities.employability","value":2},{"type":"add","target":"finance.cash","value":2000}]	echo_084@3—5年：那段空窗后来被写成了不同的说法。；理想职位没有立刻出现，存款先逼你接起零工。；效果 [{"type":"add","target":"pressures.money","value":4},{"type":"tag","target":"history","value":"echo:leisure"}]	无	无	三代理混排复核完成；已发现项已修正
decision_085	decision_085_choice_1	decision	leisure	年龄 25—72；人物 []；门槛 {"all":[{"path":"activity.mode","op":"in","value":["sabbatical","leisure"]}],"any":[],"none":[]}	你可以继续闲着、回全职，或保留自由同时建立一点收入。	做少量稳定工作 → 你固定接两位客户，剩下的日子仍归自己。	[{"type":"tag","target":"history","value":"leisure:deliberate"},{"type":"add","target":"agency","value":4},{"type":"set","target":"activity.mode","value":"flexible"},{"type":"set","target":"activity.funding","value":"mixed"},{"type":"add","target":"desires.freedom.fulfillment","value":4},{"type":"add","target":"capabilities.employability","value":-1},{"type":"add","target":"finance.cash","value":-5000}]	echo_085@1—3年：那次重新安排生活后，星期几又有了区别。；收入够基本生活，自由也开始有了可维持的成本。；效果 [{"type":"add","target":"agency","value":1},{"type":"tag","target":"history","value":"echo:leisure"}]	creativity/resultVariant；准备“做少量稳定工作”时，这次多了一步准备：先换个角度，找一条不必硬顶的路。；结果仍不确定；原来那条路不再是唯一答案。 你这次走的是“做少量稳定工作”。	无	三代理混排复核完成；已发现项已修正
decision_085	decision_085_choice_2	decision	leisure	年龄 25—72；人物 []；门槛 {"all":[{"path":"activity.mode","op":"in","value":["sabbatical","leisure"]}],"any":[],"none":[]}	你可以继续闲着、回全职，或保留自由同时建立一点收入。	回到全职岗位 → 你签下劳动合同，重新设置了工作日闹钟。	[{"type":"tag","target":"history","value":"leisure:negotiated"},{"type":"add","target":"agency","value":3},{"type":"set","target":"activity.mode","value":"work"},{"type":"set","target":"activity.funding","value":"self"},{"type":"applyEmploymentProfile","target":"employment","value":"admin_assistant"},{"type":"add","target":"desires.freedom.fulfillment","value":6},{"type":"add","target":"capabilities.employability","value":-4},{"type":"add","target":"finance.cash","value":-9000}]	echo_085@2—4年：那次重新安排生活后，星期几又有了区别。；工资恢复稳定，午后的长散步只留在周末。；效果 [{"type":"add","target":"capabilities.resilience","value":1},{"type":"tag","target":"history","value":"echo:leisure"}]	无	无	三代理混排复核完成；已发现项已修正
decision_085	decision_085_choice_3	decision	leisure	年龄 25—72；人物 []；门槛 {"all":[{"path":"activity.mode","op":"in","value":["sabbatical","leisure"]}],"any":[],"none":[]}	你可以继续闲着、回全职，或保留自由同时建立一点收入。	继续不工作 → 你接受存款继续减少，也不再假装马上会求职。	[{"type":"tag","target":"history","value":"leisure:risk"},{"type":"add","target":"agency","value":2},{"type":"set","target":"activity.mode","value":"leisure"},{"type":"set","target":"activity.funding","value":"family"},{"type":"add","target":"desires.freedom.fulfillment","value":-1},{"type":"add","target":"capabilities.employability","value":2},{"type":"add","target":"finance.cash","value":2000}]	echo_085@3—5年：那次重新安排生活后，星期几又有了区别。；后来搬到更便宜的地方，生活缩小了，自主仍在。；效果 [{"type":"add","target":"pressures.money","value":4},{"type":"tag","target":"history","value":"echo:leisure"}]	无	无	三代理混排复核完成；已发现项已修正
decision_086	decision_086_choice_1	decision	partnership	年龄 16—55；人物 []；门槛 {"all":[{"path":"relationships.partnerStatus","op":"in","value":["none","divorced","widowed"]}],"any":[],"none":[]}	这段关系怎么开始？	在一起，先把边界说清楚 → 你们确认了关系，也把大额开销、失联和见家人的边界先谈了一遍。备用钥匙还没交出去。	[{"type":"tag","target":"history","value":"partnership:committed"},{"type":"add","target":"agency","value":4},{"type":"createPerson","target":"people","value":1,"relation":"partner"},{"type":"set","target":"relationships.partnerStatus","value":"dating"},{"type":"add","target":"relationships.partnerBond","value":5},{"type":"add","target":"pressures.family","value":-1}]	echo_086@1—3年：那次把话说开的晚上，后来没有被暧昧盖过去。；下一次意见不合的时候，你们先翻到了那天说过的话。；效果 [{"type":"add","target":"agency","value":1},{"type":"tag","target":"history","value":"echo:partnership"}]	boundary/resultVariant；准备“在一起，先把边界说清楚”时，眼前仍要你自己选；牌能帮的，是把愿意承担和不能接受的部分分别说清。；这次仍要由你承担后果；你的界线没有在点头时一起让出去。 你这次走的是“在一起，先把边界说清楚”。	无	三代理混排复核完成；已发现项已修正
decision_086	decision_086_choice_2	decision	partnership	年龄 16—55；人物 []；门槛 {"all":[{"path":"relationships.partnerStatus","op":"in","value":["none","divorced","widowed"]}],"any":[],"none":[]}	这段关系怎么开始？	继续见，各自的生活先不动 → 你们保持见面，住处和账单各管各的。谁也没把对方写进自己的调动计划。	[{"type":"tag","target":"history","value":"partnership:independent"},{"type":"add","target":"agency","value":3},{"type":"createPerson","target":"people","value":1,"relation":"partner"},{"type":"set","target":"relationships.partnerStatus","value":"dating"},{"type":"add","target":"relationships.partnerBond","value":2},{"type":"add","target":"pressures.family","value":0}]	echo_086@2—4年：那次把话说开的晚上，后来没有被暧昧盖过去。；关系没有立刻定格。但谁也没被一句"以后"绑住。；效果 [{"type":"add","target":"capabilities.resilience","value":1},{"type":"tag","target":"history","value":"echo:partnership"}]	无	无	三代理混排复核完成；已发现项已修正
decision_086	decision_086_choice_3	decision	partnership	年龄 16—55；人物 []；门槛 {"all":[{"path":"relationships.partnerStatus","op":"in","value":["none","divorced","widowed"]}],"any":[],"none":[]}	这段关系怎么开始？	算了。到此为止 → 你发了最后一条消息，取消了下一次见面。落在你这里的东西，托人还了。	[{"type":"tag","target":"history","value":"partnership:exited"},{"type":"add","target":"agency","value":2},{"type":"add","target":"relationships.partnerBond","value":0},{"type":"add","target":"pressures.family","value":-2}]	echo_086@3—5年：那次把话说开的晚上，后来没有被暧昧盖过去。；共同日历空了。这次没继续。；效果 [{"type":"add","target":"pressures.family","value":4},{"type":"tag","target":"history","value":"echo:partnership"}]	无	无	三代理混排复核完成；已发现项已修正
decision_087	decision_087_choice_1	decision	partnership	年龄 17—58；人物 [{"slot":"partner","relation":"partner","alive":true,"personIdPath":"relationships.activePartnerId","optional":false}]；门槛 {"all":[],"any":[],"none":[]}	钥匙、住处和账单，怎么安排？	登记。但自己的账户自己留着 → 你们把证领了。共同开销按月转，工资和应急金还是各管各的。	[{"type":"tag","target":"history","value":"partnership:stable"},{"type":"add","target":"agency","value":4},{"type":"set","target":"relationships.partnerStatus","value":"married"},{"type":"add","target":"relationships.partnerBond","value":8},{"type":"add","target":"pressures.family","value":-2}]	echo_087@1—3年：钥匙圈和转账备注，留下了这段关系真正的样子。；后来一方收入断了一阵，账还是能一笔笔说清。；效果 [{"type":"add","target":"agency","value":1},{"type":"tag","target":"history","value":"echo:partnership"}]	negotiation/resultVariant；准备“登记。但自己的账户自己留着”时，你没有急着选，先把期限、钱和各自要做的事摊开谈。；多出来的差别很具体：说出口的条件有了能核对的落点。 你这次走的是“登记。但自己的账户自己留着”。	无	三代理混排复核完成；已发现项已修正
decision_087	decision_087_choice_2	decision	partnership	年龄 17—58；人物 [{"slot":"partner","relation":"partner","alive":true,"personIdPath":"relationships.activePartnerId","optional":false}]；门槛 {"all":[],"any":[],"none":[]}	钥匙、住处和账单，怎么安排？	搬一起住。先试三个月 → 你们签了共同租约。家务和开销按三个月试行，到期再看要不要继续。	[{"type":"tag","target":"history","value":"partnership:cohabiting"},{"type":"add","target":"agency","value":3},{"type":"set","target":"relationships.partnerStatus","value":"partnered"},{"type":"transitionHousing","target":"housing","value":{"status":"renting","arrangement":"partner","stability":"conditional","costShare":"joint","coResidentRefs":["$activePartner"],"kind":"choice","reason":"relationshipTrialCohabitation","housingChoiceKind":"partnerReconfiguration","residenceOnly":true}},{"type":"add","target":"relationships.partnerBond","value":5},{"type":"add","target":"pressures.family","value":1}]	echo_087@2—4年：钥匙圈和转账备注，留下了这段关系真正的样子。；第一次坐下来复盘的时候，没有甜言蜜语——生活却因为这次谈话可以继续。；效果 [{"type":"add","target":"capabilities.resilience","value":1},{"type":"tag","target":"history","value":"echo:partnership"}]	无	无	三代理混排复核完成；已发现项已修正
decision_087	decision_087_choice_3	decision	partnership	年龄 17—58；人物 [{"slot":"partner","relation":"partner","alive":true,"personIdPath":"relationships.activePartnerId","optional":false}]；门槛 {"all":[],"any":[],"none":[]}	钥匙、住处和账单，怎么安排？	先这样。不合并 → 你们没搬家，也没开共同账户。只给对方留了一把紧急用的钥匙。	[{"type":"tag","target":"history","value":"partnership:separate"},{"type":"add","target":"agency","value":2},{"type":"set","target":"relationships.partnerStatus","value":"dating"},{"type":"add","target":"relationships.partnerBond","value":2},{"type":"add","target":"pressures.family","value":0}]	echo_087@3—5年：钥匙圈和转账备注，留下了这段关系真正的样子。；关系继续。但两个人的工作和住处还能各自运转。；效果 [{"type":"add","target":"pressures.family","value":4},{"type":"tag","target":"history","value":"echo:partnership"}]	无	无	三代理混排复核完成；已发现项已修正
decision_087	decision_087_choice_4	decision	partnership	年龄 17—58；人物 [{"slot":"partner","relation":"partner","alive":true,"personIdPath":"relationships.activePartnerId","optional":false}]；门槛 {"all":[],"any":[],"none":[]}	钥匙、住处和账单，怎么安排？	分开吧。钥匙还了 → 你们把共同花的钱结清，取消了共享日历。钥匙装回信封。	[{"type":"tag","target":"history","value":"partnership:ended"},{"type":"add","target":"agency","value":1},{"type":"set","target":"relationships.partnerStatus","value":"none"},{"type":"transitionPartner","target":"people","value":"exPartner"},{"type":"add","target":"relationships.partnerBond","value":-10},{"type":"add","target":"pressures.family","value":3}]	echo_087@4—6年：钥匙圈和转账备注，留下了这段关系真正的样子。；这段关系有个清楚的句号。；效果 [{"type":"add","target":"pressures.family","value":4},{"type":"tag","target":"history","value":"echo:partnership"}]	无	无	三代理混排复核完成；已发现项已修正
decision_088	decision_088_choice_1	decision	partnership	年龄 20—72；人物 [{"slot":"partner","relation":"partner","alive":true,"personIdPath":"relationships.activePartnerId","optional":false}]；门槛 {"all":[{"path":"relationships.partnerStatus","op":"eq","value":"married"}],"any":[],"none":[]}	你现在碰哪件事？	把流水和排班表一起摊出来 → 你拉出半年账单，旁边列上谁请了多少假、谁管了多少次夜。不是为了算账——有些事不写出来，就默认是你一个人的。	[{"type":"tag","target":"history","value":"partnership:documented"},{"type":"add","target":"agency","value":4},{"type":"add","target":"relationships.partnerBond","value":2},{"type":"add","target":"pressures.family","value":-3}]	echo_088@1—3年：共享账本里第一次同时写下钱和时间。；对方沉默了很久。你们的信任要重新来过了。；效果 [{"type":"add","target":"agency","value":1},{"type":"tag","target":"history","value":"echo:partnership"}]	evidence/resultVariant；准备“把流水和排班表一起摊出来”时，“把流水和排班表一起摊出来”要真的走得通，得先把日期、凭据和能复核的细节放在手边。；“把流水和排班表一起摊出来”照样有代价，不过该留下的凭据没有缺席。 你这次走的是“把流水和排班表一起摊出来”。	无	三代理混排复核完成；已发现项已修正
decision_088	decision_088_choice_2	decision	partnership	年龄 20—72；人物 [{"slot":"partner","relation":"partner","alive":true,"personIdPath":"relationships.activePartnerId","optional":false}]；门槛 {"all":[{"path":"relationships.partnerStatus","op":"eq","value":"married"}],"any":[],"none":[]}	你现在碰哪件事？	先分开住一阵，别的照旧 → 你说不是为了离婚。短租钥匙放桌上，账单分摊写在冰箱贴上。	[{"type":"tag","target":"history","value":"partnership:separated"},{"type":"add","target":"agency","value":3},{"type":"set","target":"relationships.partnerStatus","value":"separated"},{"type":"transitionHousing","target":"housing","value":{"status":"renting","arrangement":"solo","stability":"temporary","costShare":"self","coResidentRefs":[],"kind":"choice","reason":"marriageCrisisSeparation","housingChoiceKind":"partnerReconfiguration","residenceOnly":true}},{"type":"add","target":"relationships.partnerBond","value":-2},{"type":"add","target":"pressures.family","value":1}]	echo_088@2—4年：共享账本里第一次同时写下钱和时间。；一个人住的第一周很安静。账单按时转了，饭桌上只剩一副碗筷。；效果 [{"type":"add","target":"capabilities.resilience","value":1},{"type":"tag","target":"history","value":"echo:partnership"}]	无	无	三代理混排复核完成；已发现项已修正
decision_088	decision_088_choice_3	decision	partnership	年龄 20—72；人物 [{"slot":"partner","relation":"partner","alive":true,"personIdPath":"relationships.activePartnerId","optional":false}]；门槛 {"all":[{"path":"relationships.partnerStatus","op":"eq","value":"married"}],"any":[],"none":[]}	你现在碰哪件事？	你藏你的，我也藏我的 → 你也开了一个自己的账户。不是要害对方——是怕对方哪天先把钱全转走。	[{"type":"tag","target":"history","value":"partnership:hidden"},{"type":"add","target":"agency","value":2},{"type":"add","target":"relationships.partnerBond","value":-8},{"type":"add","target":"pressures.family","value":7}]	echo_088@3—5年：共享账本里第一次同时写下钱和时间。；两个人都假装账单还正常。直到逾期通知贴在门上，邻居也看到了。谁都没先开口。；效果 [{"type":"add","target":"pressures.family","value":4},{"type":"tag","target":"history","value":"echo:partnership"}]	无	无	三代理混排复核完成；已发现项已修正
decision_089	decision_089_choice_1	decision	partnership	年龄 21—74；人物 [{"slot":"partner","relation":"partner","alive":true,"personIdPath":"relationships.activePartnerId","optional":false}]；门槛 {"all":[],"any":[],"none":[]}	这场危机怎么收场？	重新约定。回家 → 你们各留一笔应急金，把大额开销和照护规则重写了一遍。短租钥匙退了。	[{"type":"tag","target":"history","value":"partnership:repaired"},{"type":"add","target":"agency","value":4},{"type":"set","target":"relationships.partnerStatus","value":"married"},{"type":"transitionHousing","target":"housing","value":{"arrangement":"partner","stability":"conditional","costShare":"joint","coResidentRefs":["$activePartner"],"kind":"background","reason":"marriageCrisisReturn"}},{"type":"add","target":"relationships.partnerBond","value":8},{"type":"add","target":"pressures.family","value":-5}]	echo_089@1—3年：那张分工表上，后来留下了最后一次修改。；关系没有回到从没吵过的样子，只回到了还能合作的样子。；效果 [{"type":"add","target":"agency","value":1},{"type":"tag","target":"history","value":"echo:partnership"}]	negotiation/resultVariant；准备“重新约定。回家”时，这次多了一步准备：先把期限、钱和各自要做的事摊开谈。；结果仍不确定；说出口的条件有了能核对的落点。 你这次走的是“重新约定。回家”。	健康照护	三代理混排复核完成；已发现项已修正
decision_089	decision_089_choice_2	decision	partnership	年龄 21—74；人物 [{"slot":"partner","relation":"partner","alive":true,"personIdPath":"relationships.activePartnerId","optional":false}]；门槛 {"all":[],"any":[],"none":[]}	这场危机怎么收场？	先分着住。账单照分 → 你们不再装已经好了。只保留账单、照护和紧急联系。	[{"type":"tag","target":"history","value":"partnership:coexist"},{"type":"add","target":"agency","value":3},{"type":"set","target":"relationships.partnerStatus","value":"separated"},{"type":"transitionHousing","target":"housing","value":{"arrangement":"solo","stability":"conditional","costShare":"self","coResidentRefs":[],"kind":"background","reason":"marriageCrisisSeparateHomes"}},{"type":"add","target":"relationships.partnerBond","value":-1},{"type":"add","target":"pressures.family","value":1}]	echo_089@2—4年：那张分工表上，后来留下了最后一次修改。；日子勉强过。界限比感情更清。；效果 [{"type":"add","target":"capabilities.resilience","value":1},{"type":"tag","target":"history","value":"echo:partnership"}]	无	健康照护	三代理混排复核完成；已发现项已修正
decision_089	decision_089_choice_3	decision	partnership	年龄 21—74；人物 [{"slot":"partner","relation":"partner","alive":true,"personIdPath":"relationships.activePartnerId","optional":false}]；门槛 {"all":[],"any":[],"none":[]}	这场危机怎么收场？	往离婚的方向走 → 你们不再往共同账户里转钱，开始理清债务、住处和接下来的各自安排。	[{"type":"tag","target":"history","value":"partnership:divorce_prepared"},{"type":"add","target":"agency","value":2},{"type":"set","target":"relationships.partnerStatus","value":"separated"},{"type":"transitionHousing","target":"housing","value":{"arrangement":"solo","stability":"conditional","costShare":"self","coResidentRefs":[],"kind":"background","reason":"marriageCrisisSeparateHomes"}},{"type":"add","target":"relationships.partnerBond","value":-5},{"type":"add","target":"pressures.family","value":4}]	echo_089@3—5年：那张分工表上，后来留下了最后一次修改。；这段婚姻往分开的方向去了，手续和交接还要继续办。；效果 [{"type":"add","target":"pressures.family","value":4},{"type":"tag","target":"history","value":"echo:partnership"}]	无	住房债务	三代理混排复核完成；已发现项已修正
decision_089	decision_089_choice_4	decision	partnership	年龄 21—74；人物 [{"slot":"partner","relation":"partner","alive":true,"personIdPath":"relationships.activePartnerId","optional":false}]；门槛 {"all":[],"any":[],"none":[]}	这场危机怎么收场？	瞒不住了。关系彻底裂了 → 没说清的转账又来了一笔。分工也没人再执行。有人先拿走了常用的东西。	[{"type":"tag","target":"history","value":"partnership:broken"},{"type":"add","target":"agency","value":1},{"type":"set","target":"relationships.partnerStatus","value":"divorced"},{"type":"transitionHousing","target":"housing","value":{"arrangement":"solo","stability":"conditional","costShare":"self","coResidentRefs":[],"kind":"background","reason":"marriageCrisisSeparateHomes"}},{"type":"transitionPartner","target":"people","value":"exPartner"},{"type":"add","target":"relationships.partnerBond","value":-14},{"type":"add","target":"pressures.family","value":10}]	echo_089@4—6年：那张分工表上，后来留下了最后一次修改。；共同生活在没有协议的情况下断了。；效果 [{"type":"add","target":"pressures.family","value":4},{"type":"tag","target":"history","value":"echo:partnership"}]	无	无	三代理混排复核完成；已发现项已修正
decision_090	decision_090_choice_1	decision	partnership	年龄 22—75；人物 [{"slot":"partner","relation":"partner","alive":true,"personIdPath":"relationships.activePartnerId","optional":false}]；门槛 {"all":[{"path":"relationships.partnerStatus","op":"in","value":["married","separated"]}],"any":[],"none":[]}	你打算怎么开这个头？	一样一样列清楚 → 你把账户、住处和欠款全写成单子。有争议的先空着，能定的当场签了。	[{"type":"tag","target":"history","value":"partnership:documented"},{"type":"add","target":"agency","value":4},{"type":"set","target":"relationships.partnerStatus","value":"separated"},{"type":"add","target":"relationships.partnerBond","value":-2},{"type":"add","target":"pressures.family","value":2},{"type":"add","target":"finance.cash","value":-2000}]	echo_090@1—3年：财产清单旁边，后来多了一份搬家和探望的日历。；后来扯皮的时候，这张单子替你们省了来回拉扯的力气。；效果 [{"type":"add","target":"agency","value":1},{"type":"tag","target":"history","value":"echo:partnership"}]	evidence/resultVariant；准备“一样一样列清楚”时，动手以前，你决定把日期、凭据和能复核的细节放在手边，再看要不要“一样一样列清楚”。；结果落定时，该留下的凭据没有缺席。 你这次走的是“一样一样列清楚”。	住房债务	三代理混排复核完成；已发现项已修正
decision_090	decision_090_choice_2	decision	partnership	年龄 22—75；人物 [{"slot":"partner","relation":"partner","alive":true,"personIdPath":"relationships.activePartnerId","optional":false}]；门槛 {"all":[{"path":"relationships.partnerStatus","op":"in","value":["married","separated"]}],"any":[],"none":[]}	你打算怎么开这个头？	先搬出去，剩下慢慢谈 → 当晚你收了一只箱子。不是不想争——是现在看见对方只想先走。	[{"type":"tag","target":"history","value":"partnership:separated"},{"type":"add","target":"agency","value":3},{"type":"set","target":"relationships.partnerStatus","value":"separated"},{"type":"transitionHousing","target":"housing","value":{"status":"renting","arrangement":"solo","stability":"temporary","costShare":"self","coResidentRefs":[],"kind":"choice","reason":"divorceMoveOut","housingChoiceKind":"partnerReconfiguration","residenceOnly":true}},{"type":"add","target":"relationships.partnerBond","value":-4},{"type":"add","target":"pressures.family","value":4},{"type":"add","target":"finance.cash","value":-3500}]	echo_090@2—4年：财产清单旁边，后来多了一份搬家和探望的日历。；分居以后争吵少了。钱和住处还在那，拖着没动。下一次坐下来之前，账单各付各的。；效果 [{"type":"add","target":"capabilities.resilience","value":1},{"type":"tag","target":"history","value":"echo:partnership"}]	无	无	三代理混排复核完成；已发现项已修正
decision_090	decision_090_choice_3	decision	partnership	年龄 22—75；人物 [{"slot":"partner","relation":"partner","alive":true,"personIdPath":"relationships.activePartnerId","optional":false}]；门槛 {"all":[{"path":"relationships.partnerStatus","op":"in","value":["married","separated"]}],"any":[],"none":[]}	你打算怎么开这个头？	把钱先转走，别让自己吃亏 → 你把共同存款转走大半。告诉自己只是先拿着，又不是不还——但对方发现的时候，你没有提前说。	[{"type":"tag","target":"history","value":"partnership:concealed"},{"type":"add","target":"agency","value":2},{"type":"set","target":"relationships.partnerStatus","value":"separated"},{"type":"add","target":"relationships.partnerBond","value":-10},{"type":"add","target":"pressures.family","value":9},{"type":"add","target":"finance.cash","value":-6000}]	echo_090@3—5年：财产清单旁边，后来多了一份搬家和探望的日历。；对方停了所有沟通。再谈的时候，连你转走多少都一笔笔算清了。；效果 [{"type":"add","target":"pressures.family","value":4},{"type":"tag","target":"history","value":"echo:partnership"}]	无	无	三代理混排复核完成；已发现项已修正
decision_091	decision_091_choice_1	decision	partnership	年龄 23—77；人物 [{"slot":"partner","relation":"partner","alive":true,"personIdPath":"relationships.activePartnerId","optional":false}]；门槛 {"all":[],"any":[],"none":[]}	离婚这件事，最后怎么结束？	协议签完。生活分开 → 共同账户关了。债务和住处按单子交割。	[{"type":"tag","target":"history","value":"partnership:settled"},{"type":"add","target":"agency","value":4},{"type":"set","target":"relationships.partnerStatus","value":"divorced"},{"type":"transitionHousing","target":"housing","value":{"arrangement":"solo","stability":"conditional","costShare":"self","coResidentRefs":[],"kind":"background","reason":"divorceHousingSeparation"}},{"type":"transitionPartner","target":"people","value":"exPartner"},{"type":"add","target":"relationships.partnerBond","value":-6},{"type":"add","target":"pressures.family","value":-3},{"type":"add","target":"finance.cash","value":-5000}]	echo_091@1—3年：搬家纸箱封上以后，责任没有跟着婚姻一起消失。；两个人真的分开了。但纸上的责任还在，有事的时候能对上。；效果 [{"type":"add","target":"agency","value":1},{"type":"tag","target":"history","value":"echo:partnership"}]	negotiation/resultVariant；准备“协议签完。生活分开”时，这次多做了一层准备：把期限、钱和各自要做的事摊开谈。；回头看这一步，说出口的条件有了能核对的落点。 你这次走的是“协议签完。生活分开”。	住房债务	三代理混排复核完成；已发现项已修正
decision_091	decision_091_choice_2	decision	partnership	年龄 23—77；人物 [{"slot":"partner","relation":"partner","alive":true,"personIdPath":"relationships.activePartnerId","optional":false}]；门槛 {"all":[],"any":[],"none":[]}	离婚这件事，最后怎么结束？	还有一项没谈拢，先这样 → 财产有一项还卡着。但住处、生活费和照护先按临时方案走了。	[{"type":"tag","target":"history","value":"partnership:interim"},{"type":"add","target":"agency","value":3},{"type":"set","target":"relationships.partnerStatus","value":"divorced"},{"type":"transitionHousing","target":"housing","value":{"arrangement":"solo","stability":"temporary","costShare":"self","coResidentRefs":[],"kind":"background","reason":"divorceHousingSeparation"}},{"type":"transitionPartner","target":"people","value":"exPartner"},{"type":"add","target":"relationships.partnerBond","value":-8},{"type":"add","target":"pressures.family","value":2},{"type":"add","target":"finance.cash","value":-8000}]	echo_091@2—4年：搬家纸箱封上以后，责任没有跟着婚姻一起消失。；有点僵。但日常没有悬着。；效果 [{"type":"add","target":"capabilities.resilience","value":1},{"type":"tag","target":"history","value":"echo:partnership"}]	无	健康照护	三代理混排复核完成；已发现项已修正
decision_091	decision_091_choice_3	decision	partnership	年龄 23—77；人物 [{"slot":"partner","relation":"partner","alive":true,"personIdPath":"relationships.activePartnerId","optional":false}]；门槛 {"all":[],"any":[],"none":[]}	离婚这件事，最后怎么结束？	先不分了。拖着 → 你们没恢复一起住，也没推进最后的手续。现有的开销和联系方式先记下来。	[{"type":"tag","target":"history","value":"partnership:paused"},{"type":"add","target":"agency","value":2},{"type":"set","target":"relationships.partnerStatus","value":"separated"},{"type":"transitionHousing","target":"housing","value":{"arrangement":"solo","stability":"conditional","costShare":"self","coResidentRefs":[],"kind":"background","reason":"divorceHousingSeparation"}},{"type":"add","target":"relationships.partnerBond","value":-3},{"type":"add","target":"pressures.family","value":1},{"type":"add","target":"finance.cash","value":-2500}]	echo_091@3—5年：搬家纸箱封上以后，责任没有跟着婚姻一起消失。；这次离婚程序停在这。分居还在继续。；效果 [{"type":"add","target":"pressures.family","value":4},{"type":"tag","target":"history","value":"echo:partnership"}]	无	无	三代理混排复核完成；已发现项已修正
decision_091	decision_091_choice_4	decision	partnership	年龄 23—77；人物 [{"slot":"partner","relation":"partner","alive":true,"personIdPath":"relationships.activePartnerId","optional":false}]；门槛 {"all":[],"any":[],"none":[]}	离婚这件事，最后怎么结束？	不交接了。断了 → 对方不再回清单。钥匙和账单都没还完。	[{"type":"tag","target":"history","value":"partnership:conflict"},{"type":"add","target":"agency","value":1},{"type":"set","target":"relationships.partnerStatus","value":"divorced"},{"type":"transitionHousing","target":"housing","value":{"arrangement":"solo","stability":"conditional","costShare":"self","coResidentRefs":[],"kind":"background","reason":"divorceHousingSeparation"}},{"type":"transitionPartner","target":"people","value":"exPartner"},{"type":"add","target":"relationships.partnerBond","value":-14},{"type":"add","target":"pressures.family","value":10},{"type":"add","target":"finance.cash","value":-12000}]	echo_091@4—6年：搬家纸箱封上以后，责任没有跟着婚姻一起消失。；这次离婚以冲突收场。没处理完的事，挂在了以后。；效果 [{"type":"add","target":"pressures.family","value":4},{"type":"tag","target":"history","value":"echo:partnership"}]	无	无	三代理混排复核完成；已发现项已修正
decision_092	decision_092_choice_1	decision	partnership	年龄 30—80；人物 [{"slot":"partner","relation":"exPartner","alive":true,"personIdPath":"relationships.lastPartnerId","optional":false}]；门槛 {"all":[{"path":"relationships.partnerStatus","op":"eq","value":"divorced"}],"any":[],"none":[]}	你如何回应这次试探？	去。但先说好——不是复合 → 你回了"好"，紧跟着补了一句：就当吃顿饭。见面没寒暄，直接问了当初那几件事后来有没有想清楚。	[{"type":"tag","target":"history","value":"partnership:reviewed"},{"type":"add","target":"agency","value":4},{"type":"add","target":"relationships.partnerBond","value":3},{"type":"add","target":"pressures.family","value":0}]	echo_092@1—3年：那顿饭没有自动把两份生活重新拼起来。；几项事实对上了。能不能复合，留到下一步再说。；效果 [{"type":"add","target":"agency","value":1},{"type":"tag","target":"history","value":"echo:partnership"}]	boundary/resultVariant；准备“去。但先说好——不是复合”时，眼前仍要你自己选；牌能帮的，是把愿意承担和不能接受的部分分别说清。；这次仍要由你承担后果；你的界线没有在点头时一起让出去。 你这次走的是“去。但先说好——不是复合”。	无	三代理混排复核完成；已发现项已修正
decision_092	decision_092_choice_2	decision	partnership	年龄 30—80；人物 [{"slot":"partner","relation":"exPartner","alive":true,"personIdPath":"relationships.lastPartnerId","optional":false}]；门槛 {"all":[{"path":"relationships.partnerStatus","op":"eq","value":"divorced"}],"any":[],"none":[]}	你如何回应这次试探？	回个消息。别聊太深 → 隔了几个小时才回，语气很平。偶尔说两句可以，但不要再往以前的方向走了。	[{"type":"tag","target":"history","value":"partnership:bounded"},{"type":"add","target":"agency","value":3},{"type":"add","target":"relationships.partnerBond","value":1},{"type":"add","target":"pressures.family","value":-1}]	echo_092@2—4年：那顿饭没有自动把两份生活重新拼起来。；关系从完全断掉变成了有边界的来往。；效果 [{"type":"add","target":"capabilities.resilience","value":1},{"type":"tag","target":"history","value":"echo:partnership"}]	无	无	三代理混排复核完成；已发现项已修正
decision_092	decision_092_choice_3	decision	partnership	年龄 30—80；人物 [{"slot":"partner","relation":"exPartner","alive":true,"personIdPath":"relationships.lastPartnerId","optional":false}]；门槛 {"all":[{"path":"relationships.partnerStatus","op":"eq","value":"divorced"}],"any":[],"none":[]}	你如何回应这次试探？	不用了。已经翻篇了 → 你回了三个字。那个聊天框后来没有再打开。	[{"type":"tag","target":"history","value":"partnership:declined"},{"type":"add","target":"agency","value":2},{"type":"add","target":"relationships.partnerBond","value":-2},{"type":"add","target":"pressures.family","value":-2}]	echo_092@3—5年：那顿饭没有自动把两份生活重新拼起来。；这次复合试探，到这里就停了。；效果 [{"type":"add","target":"pressures.family","value":4},{"type":"tag","target":"history","value":"echo:partnership"}]	无	无	三代理混排复核完成；已发现项已修正
decision_093	decision_093_choice_1	decision	partnership	年龄 31—82；人物 [{"slot":"partner","relation":"exPartner","alive":true,"personIdPath":"relationships.lastPartnerId","optional":false}]；门槛 {"all":[],"any":[],"none":[]}	试了这么久，怎么收尾？	重新在一起。但别急着搬 → 你们恢复了关系。各自住处和应急金先不动，三个月后再聊下一步。	[{"type":"tag","target":"history","value":"partnership:restored"},{"type":"add","target":"agency","value":4},{"type":"transitionPartner","target":"people","value":"partner"},{"type":"set","target":"relationships.partnerStatus","value":"dating"},{"type":"add","target":"relationships.partnerBond","value":8},{"type":"add","target":"pressures.family","value":-2}]	echo_093@1—3年：两把钥匙最后有没有回到同一个人手里——有了答案。；关系重新开始了。但不假装过去没发生过。；效果 [{"type":"add","target":"agency","value":1},{"type":"tag","target":"history","value":"echo:partnership"}]	negotiation/resultVariant；准备“重新在一起。但别急着搬”时，你没有急着选，先把期限、钱和各自要做的事摊开谈。；多出来的差别很具体：说出口的条件有了能核对的落点。 你这次走的是“重新在一起。但别急着搬”。	无	三代理混排复核完成；已发现项已修正
decision_093	decision_093_choice_2	decision	partnership	年龄 31—82；人物 [{"slot":"partner","relation":"exPartner","alive":true,"personIdPath":"relationships.lastPartnerId","optional":false}]；门槛 {"all":[],"any":[],"none":[]}	试了这么久，怎么收尾？	做朋友吧。不回去了 → 你们确认只做能互相帮一把的人。不共享定位、账户和住处。	[{"type":"tag","target":"history","value":"partnership:friends"},{"type":"add","target":"agency","value":3},{"type":"add","target":"relationships.partnerBond","value":1},{"type":"add","target":"pressures.family","value":-1}]	echo_093@2—4年：两把钥匙最后有没有回到同一个人手里——有了答案。；来往继续。伴侣那条线没有恢复。；效果 [{"type":"add","target":"capabilities.resilience","value":1},{"type":"tag","target":"history","value":"echo:partnership"}]	无	无	三代理混排复核完成；已发现项已修正
decision_093	decision_093_choice_3	decision	partnership	年龄 31—82；人物 [{"slot":"partner","relation":"exPartner","alive":true,"personIdPath":"relationships.lastPartnerId","optional":false}]；门槛 {"all":[],"any":[],"none":[]}	试了这么久，怎么收尾？	算了。都往前走吧 → 你们把暂存在对方那里的东西还了。下一次见面没有约。	[{"type":"tag","target":"history","value":"partnership:exited"},{"type":"add","target":"agency","value":2},{"type":"add","target":"relationships.partnerBond","value":-3},{"type":"add","target":"pressures.family","value":-1}]	echo_093@3—5年：两把钥匙最后有没有回到同一个人手里——有了答案。；这次复合试过了。以分开收尾。；效果 [{"type":"add","target":"pressures.family","value":4},{"type":"tag","target":"history","value":"echo:partnership"}]	无	无	三代理混排复核完成；已发现项已修正
decision_093	decision_093_choice_4	decision	partnership	年龄 31—82；人物 [{"slot":"partner","relation":"exPartner","alive":true,"personIdPath":"relationships.lastPartnerId","optional":false}]；门槛 {"all":[],"any":[],"none":[]}	试了这么久，怎么收尾？	太快了。老问题又来了 → 你们急着搬回了一起。账目和边界没有重写。同一个争执，没几天又爆炸了。	[{"type":"tag","target":"history","value":"partnership:repeated_break"},{"type":"add","target":"agency","value":1},{"type":"transitionHousing","target":"housing","value":{"arrangement":"solo","stability":"conditional","costShare":"self","coResidentRefs":[],"kind":"background","reason":"reconciliationCohabitationEnded"}},{"type":"add","target":"relationships.partnerBond","value":-12},{"type":"add","target":"pressures.family","value":8}]	echo_093@4—6年：两把钥匙最后有没有回到同一个人手里——有了答案。；这次复合以再次破裂收场。；效果 [{"type":"add","target":"pressures.family","value":4},{"type":"tag","target":"history","value":"echo:partnership"}]	无	无	三代理混排复核完成；已发现项已修正
decision_094	decision_094_choice_1	decision	partnership	年龄 55—94；人物 [{"slot":"partner","relation":"partner","alive":true,"personIdPath":"relationships.activePartnerId","optional":false}]；门槛 {"all":[{"path":"relationships.partnerStatus","op":"in","value":["dating","partnered","married"]}],"any":[],"none":[]}	你们打算怎么试？	住得近。先试一阵 → 你们找了步行就能到的地方，各住各的。用药时间、复诊日期和谁能请假——对了一遍。做不到的也说了。	[{"type":"tag","target":"history","value":"partnership:near_living"},{"type":"add","target":"agency","value":4},{"type":"transitionHousing","target":"housing","value":{"arrangement":"solo","stability":"stable","costShare":"self","coResidentRefs":[],"kind":"choice","reason":"lateCompanionshipNearbyHomes","housingChoiceKind":"partnerReconfiguration"}},{"type":"add","target":"relationships.partnerBond","value":4},{"type":"add","target":"relationships.network","value":3},{"type":"add","target":"pressures.family","value":-1}]	echo_094@1—3年：紧急联系人那一栏，第一次写上了对方的名字。；后来一次短期住院，这套安排真的用上了。；效果 [{"type":"add","target":"agency","value":1},{"type":"tag","target":"history","value":"echo:partnership"}]	careSkill/resultVariant；准备“住得近。先试一阵”时，“住得近。先试一阵”要真的走得通，得先顾到每天真正需要被照看的地方。；“住得近。先试一阵”照样有代价，不过需要照看的日常没有被一句承诺带过。 你这次走的是“住得近。先试一阵”。	健康照护	三代理混排复核完成；已发现项已修正
decision_094	decision_094_choice_2	decision	partnership	年龄 55—94；人物 [{"slot":"partner","relation":"partner","alive":true,"personIdPath":"relationships.activePartnerId","optional":false}]；门槛 {"all":[{"path":"relationships.partnerStatus","op":"in","value":["dating","partnered","married"]}],"any":[],"none":[]}	你们打算怎么试？	住一起。但钱的事分开 → 你们选了一处房子一起住。日常开销按月转进来，各自的财产和家里的事另算。	[{"type":"tag","target":"history","value":"partnership:cohabiting"},{"type":"add","target":"agency","value":3},{"type":"transitionHousing","target":"housing","value":{"arrangement":"partner","stability":"stable","costShare":"joint","coResidentRefs":["$activePartner"],"kind":"choice","reason":"lateCompanionshipCohabitation","housingChoiceKind":"partnerReconfiguration"}},{"type":"add","target":"relationships.partnerBond","value":5},{"type":"add","target":"relationships.network","value":2},{"type":"add","target":"pressures.family","value":1}]	echo_094@2—4年：紧急联系人那一栏，第一次写上了对方的名字。；同住以后，孤独少了。照护的边界也从"以后再说"变成了纸上的东西。；效果 [{"type":"add","target":"capabilities.resilience","value":1},{"type":"tag","target":"history","value":"echo:partnership"}]	无	住房债务	三代理混排复核完成；已发现项已修正
decision_094	decision_094_choice_3	decision	partnership	年龄 55—94；人物 [{"slot":"partner","relation":"partner","alive":true,"personIdPath":"relationships.activePartnerId","optional":false}]；门槛 {"all":[{"path":"relationships.partnerStatus","op":"in","value":["dating","partnered","married"]}],"any":[],"none":[]}	你们打算怎么试？	还是不一起住了 → 你谢绝了同住。先把服务合同和紧急联系人办妥了。	[{"type":"tag","target":"history","value":"partnership:declined"},{"type":"add","target":"agency","value":2},{"type":"add","target":"relationships.partnerBond","value":-1},{"type":"add","target":"relationships.network","value":1},{"type":"add","target":"pressures.family","value":-1}]	echo_094@3—5年：紧急联系人那一栏，第一次写上了对方的名字。；关系保留。照护的担子没有默认落到对方身上。；效果 [{"type":"add","target":"pressures.family","value":4},{"type":"tag","target":"history","value":"echo:partnership"}]	无	无	三代理混排复核完成；已发现项已修正
decision_095	decision_095_choice_1	decision	partnership	年龄 56—95；人物 [{"slot":"partner","relation":"partner","alive":true,"personIdPath":"relationships.activePartnerId","optional":false}]；门槛 {"all":[],"any":[],"none":[]}	以后的日子怎么过？	住在一起。互相有授权 → 你们写清了费用怎么分摊、谁是可以签字的人、各自家里的事怎么交代。授权是可以收回的。	[{"type":"tag","target":"history","value":"partnership:stable"},{"type":"add","target":"agency","value":4},{"type":"set","target":"relationships.partnerStatus","value":"partnered"},{"type":"transitionHousing","target":"housing","value":{"arrangement":"partner","stability":"stable","costShare":"joint","coResidentRefs":["$activePartner"],"kind":"background","reason":"lateCompanionshipSettledTogether"}},{"type":"add","target":"relationships.partnerBond","value":7},{"type":"add","target":"relationships.network","value":5},{"type":"add","target":"pressures.family","value":-2}]	echo_095@1—3年：医疗联系人、门锁密码和费用分摊，最后放在同一个袋子里。；费用表、联系人和两把钥匙都有了明确归属。；效果 [{"type":"add","target":"agency","value":1},{"type":"tag","target":"history","value":"echo:partnership"}]	careSkill/resultVariant；准备“住在一起。互相有授权”时，这次多了一步准备：先顾到每天真正需要被照看的地方。；结果仍不确定；需要照看的日常没有被一句承诺带过。 你这次走的是“住在一起。互相有授权”。	无	三代理混排复核完成；已发现项已修正
decision_095	decision_095_choice_2	decision	partnership	年龄 56—95；人物 [{"slot":"partner","relation":"partner","alive":true,"personIdPath":"relationships.activePartnerId","optional":false}]；门槛 {"all":[],"any":[],"none":[]}	以后的日子怎么过？	各住各的。有事能叫 → 你们各住各家。固定时间互相看看，有急事能联系。谁也不用把全部照护扛下来。	[{"type":"tag","target":"history","value":"partnership:near_living"},{"type":"add","target":"agency","value":3},{"type":"set","target":"relationships.partnerStatus","value":"partnered"},{"type":"transitionHousing","target":"housing","value":{"arrangement":"solo","stability":"stable","costShare":"self","coResidentRefs":[],"kind":"background","reason":"lateCompanionshipSeparateHomes"}},{"type":"add","target":"relationships.partnerBond","value":4},{"type":"add","target":"relationships.network","value":3},{"type":"add","target":"pressures.family","value":-1}]	echo_095@2—4年：医疗联系人、门锁密码和费用分摊，最后放在同一个袋子里。；这条路有限，但可以走。；效果 [{"type":"add","target":"capabilities.resilience","value":1},{"type":"tag","target":"history","value":"echo:partnership"}]	无	健康照护	三代理混排复核完成；已发现项已修正
decision_095	decision_095_choice_3	decision	partnership	年龄 56—95；人物 [{"slot":"partner","relation":"partner","alive":true,"personIdPath":"relationships.activePartnerId","optional":false}]；门槛 {"all":[],"any":[],"none":[]}	以后的日子怎么过？	算了。分开吧 → 你们把钥匙还了，费用结清了。各自回到原来的照护方案。	[{"type":"tag","target":"history","value":"partnership:exited"},{"type":"add","target":"agency","value":2},{"type":"set","target":"relationships.partnerStatus","value":"none"},{"type":"transitionHousing","target":"housing","value":{"arrangement":"solo","stability":"stable","costShare":"self","coResidentRefs":[],"kind":"background","reason":"lateCompanionshipSeparateHomes"}},{"type":"transitionPartner","target":"people","value":"exPartner"},{"type":"add","target":"relationships.partnerBond","value":-4},{"type":"add","target":"relationships.network","value":1},{"type":"add","target":"pressures.family","value":0}]	echo_095@3—5年：医疗联系人、门锁密码和费用分摊，最后放在同一个袋子里。；这次试着一起过的路，到这里停了。；效果 [{"type":"add","target":"pressures.family","value":4},{"type":"tag","target":"history","value":"echo:partnership"}]	无	健康照护	三代理混排复核完成；已发现项已修正
decision_095	decision_095_choice_4	decision	partnership	年龄 56—95；人物 [{"slot":"partner","relation":"partner","alive":true,"personIdPath":"relationships.activePartnerId","optional":false}]；门槛 {"all":[],"any":[],"none":[]}	以后的日子怎么过？	身体撑不住了。同住停掉 → 一次健康变化让原来的住处不能再用了。你们收回了授权，各自启动了备用的安排。	[{"type":"tag","target":"history","value":"partnership:invalidated"},{"type":"add","target":"agency","value":1},{"type":"set","target":"relationships.partnerStatus","value":"none"},{"type":"transitionHousing","target":"housing","value":{"arrangement":"solo","stability":"temporary","costShare":"self","coResidentRefs":[],"kind":"background","reason":"lateCompanionshipSeparateHomes"}},{"type":"transitionPartner","target":"people","value":"exPartner"},{"type":"add","target":"relationships.partnerBond","value":-6},{"type":"add","target":"relationships.network","value":-2},{"type":"add","target":"pressures.family","value":4}]	echo_095@4—6年：医疗联系人、门锁密码和费用分摊，最后放在同一个袋子里。；共同生活因为身体条件结束了。责任没有模糊。；效果 [{"type":"add","target":"pressures.family","value":4},{"type":"tag","target":"history","value":"echo:partnership"}]	无	无	三代理混排复核完成；已发现项已修正
decision_096	decision_096_choice_1	decision	children	年龄 23—39；人物 [{"slot":"partner","relation":"partner","alive":true,"personIdPath":"relationships.activePartnerId","optional":false}]；门槛 {"all":[{"path":"relationships.activePartnerId","op":"truthy","value":true},{"path":"relationships.partnerStatus","op":"in","value":["dating","partnered","married"]},{"path":"relationships.familyPlanningOffered","op":"eq","value":true},{"path":"relationships.familyPlanningClosed","op":"eq","value":false}],"any":[],"none":[]}	这件事怎么定？	开始备孕 → 你们预约了基础检查，也把请假、夜间照护和能动用的钱逐项算过。	[{"type":"tag","target":"history","value":"children:planned"},{"type":"add","target":"agency","value":4},{"type":"set","target":"relationships.parenthoodIntent","value":"planned"},{"type":"set","target":"relationships.familyPlanningDeferred","value":false},{"type":"add","target":"relationships.partnerBond","value":2},{"type":"add","target":"pressures.family","value":1},{"type":"add","target":"finance.cash","value":-1500}]	echo_096@1—3年：日历上的空格有了明确用途。；这段时间有没有等到结果，要到下一次检查才知道。；效果 [{"type":"add","target":"agency","value":1},{"type":"tag","target":"history","value":"echo:children"}]	cashBuffer/costShift；准备“开始备孕”时，你预留的缓冲能垫住检查和最急的一段请假。；那点缓冲垫住了眼前的账单，却不能替检查单提前写答案。 你这次走的是“开始备孕”。	健康照护	三代理混排复核完成；已发现项已修正
decision_096	decision_096_choice_2	decision	children	年龄 23—39；人物 [{"slot":"partner","relation":"partner","alive":true,"personIdPath":"relationships.activePartnerId","optional":false}]；门槛 {"all":[{"path":"relationships.activePartnerId","op":"truthy","value":true},{"path":"relationships.partnerStatus","op":"in","value":["dating","partnered","married"]},{"path":"relationships.familyPlanningOffered","op":"eq","value":true},{"path":"relationships.familyPlanningClosed","op":"eq","value":false}],"any":[],"none":[]}	这件事怎么定？	先缓一年 → 你们把复议日期写进日历，先处理工作、住处和眼前的身体负担。	[{"type":"tag","target":"history","value":"children:deferred"},{"type":"add","target":"agency","value":3},{"type":"set","target":"relationships.parenthoodIntent","value":"undecided"},{"type":"set","target":"relationships.familyPlanningDeferred","value":true},{"type":"add","target":"relationships.partnerBond","value":0},{"type":"add","target":"pressures.family","value":0},{"type":"add","target":"finance.cash","value":-500}]	echo_096@2—4年：日历上的空格有了明确用途。；这一年先照常过，明年的日期还留在日历上。；效果 [{"type":"add","target":"capabilities.resilience","value":1},{"type":"tag","target":"history","value":"echo:children"}]	无	无	三代理混排复核完成；已发现项已修正
decision_096	decision_096_choice_3	decision	children	年龄 23—39；人物 [{"slot":"partner","relation":"partner","alive":true,"personIdPath":"relationships.activePartnerId","optional":false}]；门槛 {"all":[{"path":"relationships.activePartnerId","op":"truthy","value":true},{"path":"relationships.partnerStatus","op":"in","value":["dating","partnered","married"]},{"path":"relationships.familyPlanningOffered","op":"eq","value":true},{"path":"relationships.familyPlanningClosed","op":"eq","value":false}],"any":[],"none":[]}	这件事怎么定？	明确不要孩子 → 你说清楚了自己的决定。伴侣可以有情绪，但不能替你改答案。	[{"type":"tag","target":"history","value":"children:childfree"},{"type":"add","target":"agency","value":2},{"type":"set","target":"relationships.parenthoodIntent","value":"childfree"},{"type":"set","target":"relationships.familyPlanningDeferred","value":false},{"type":"set","target":"relationships.familyPlanningClosed","value":true},{"type":"add","target":"relationships.partnerBond","value":-3},{"type":"add","target":"pressures.family","value":-2},{"type":"add","target":"finance.cash","value":0}]	echo_096@3—5年：日历上的空格有了明确用途。；接下来的生活不再围着备孕和意外怀孕做安排。；效果 [{"type":"add","target":"pressures.family","value":4},{"type":"tag","target":"history","value":"echo:children"}]	boundary/resultVariant；准备“明确不要孩子”时，你已经练过把自己的决定说清楚。；伴侣听见了一个清楚的答案。 你这次走的是“明确不要孩子”。	人物	三代理混排复核完成；已发现项已修正
decision_097	decision_097_choice_1	decision	children	年龄 24—40；人物 [{"slot":"partner","relation":"partner","alive":true,"personIdPath":"relationships.activePartnerId","optional":false}]；门槛 {"all":[{"path":"relationships.activePartnerId","op":"truthy","value":true},{"path":"relationships.partnerStatus","op":"in","value":["dating","partnered","married"]},{"path":"relationships.familyPlanningOffered","op":"eq","value":true},{"path":"relationships.familyPlanningClosed","op":"eq","value":false},{"path":"relationships.familyPlanningDeferred","op":"eq","value":true},{"path":"relationships.unplannedConceptionChecked","op":"eq","value":true},{"path":"relationships.pregnancyStatus","op":"neq","value":"confirmed"}],"any":[],"none":[]}	现在还开始吗？	现在开始备孕 → 你们重新预约了基础检查，把眼前的身体状况和生活安排都算了进去。	[{"type":"tag","target":"history","value":"children:planned_review"},{"type":"add","target":"agency","value":4},{"type":"set","target":"relationships.parenthoodIntent","value":"planned"},{"type":"set","target":"relationships.familyPlanningClosed","value":true},{"type":"add","target":"relationships.partnerBond","value":2},{"type":"add","target":"pressures.family","value":1},{"type":"add","target":"finance.cash","value":-1200}]	echo_097@1—3年：这一年的等待没有替你作决定。；下一次检查以前，谁也不能把期待先写成好消息。；效果 [{"type":"add","target":"agency","value":1},{"type":"tag","target":"history","value":"echo:children"}]	healthLiteracy/riskShift；准备“现在开始备孕”时，动手以前，你决定把身体反应和该问医生的事记下来，再看要不要“现在开始备孕”。；结果落定时，身体的信号被带进了决定里。 你这次走的是“现在开始备孕”。	职业资产	三代理混排复核完成；已发现项已修正
decision_097	decision_097_choice_2	decision	children	年龄 24—40；人物 [{"slot":"partner","relation":"partner","alive":true,"personIdPath":"relationships.activePartnerId","optional":false}]；门槛 {"all":[{"path":"relationships.activePartnerId","op":"truthy","value":true},{"path":"relationships.partnerStatus","op":"in","value":["dating","partnered","married"]},{"path":"relationships.familyPlanningOffered","op":"eq","value":true},{"path":"relationships.familyPlanningClosed","op":"eq","value":false},{"path":"relationships.familyPlanningDeferred","op":"eq","value":true},{"path":"relationships.unplannedConceptionChecked","op":"eq","value":true},{"path":"relationships.pregnancyStatus","op":"neq","value":"confirmed"}],"any":[],"none":[]}	现在还开始吗？	今年也不开始 → 你取消了共同日历上的提醒，不再把主动计划继续往后拖。	[{"type":"tag","target":"history","value":"children:closed"},{"type":"add","target":"agency","value":3},{"type":"set","target":"relationships.parenthoodIntent","value":"undecided"},{"type":"set","target":"relationships.familyPlanningClosed","value":true},{"type":"add","target":"relationships.partnerBond","value":-1},{"type":"add","target":"pressures.family","value":0},{"type":"add","target":"finance.cash","value":0}]	echo_097@2—4年：这一年的等待没有替你作决定。；这次主动备孕到这里结束。；效果 [{"type":"add","target":"capabilities.resilience","value":1},{"type":"tag","target":"history","value":"echo:children"}]	无	无	三代理混排复核完成；已发现项已修正
decision_097	decision_097_choice_3	decision	children	年龄 24—40；人物 [{"slot":"partner","relation":"partner","alive":true,"personIdPath":"relationships.activePartnerId","optional":false}]；门槛 {"all":[{"path":"relationships.activePartnerId","op":"truthy","value":true},{"path":"relationships.partnerStatus","op":"in","value":["dating","partnered","married"]},{"path":"relationships.familyPlanningOffered","op":"eq","value":true},{"path":"relationships.familyPlanningClosed","op":"eq","value":false},{"path":"relationships.familyPlanningDeferred","op":"eq","value":true},{"path":"relationships.unplannedConceptionChecked","op":"eq","value":true},{"path":"relationships.pregnancyStatus","op":"neq","value":"confirmed"}],"any":[],"none":[]}	现在还开始吗？	确认不要孩子 → 你再次说清楚决定，也开始按没有孩子的生活重新安排钱和时间。	[{"type":"tag","target":"history","value":"children:childfree"},{"type":"add","target":"agency","value":2},{"type":"set","target":"relationships.parenthoodIntent","value":"childfree"},{"type":"set","target":"relationships.familyPlanningClosed","value":true},{"type":"add","target":"relationships.partnerBond","value":-2},{"type":"add","target":"pressures.family","value":-2},{"type":"add","target":"finance.cash","value":0}]	echo_097@3—5年：这一年的等待没有替你作决定。；共同日历上不再留下备孕和意外怀孕的提醒。；效果 [{"type":"add","target":"pressures.family","value":4},{"type":"tag","target":"history","value":"echo:children"}]	boundary/resultVariant；准备“确认不要孩子”时，你已经练过把自己的决定说清楚。；伴侣听见了一个清楚的答案。 你这次走的是“确认不要孩子”。	人物	三代理混排复核完成；已发现项已修正
decision_098	decision_098_choice_1	decision	children	年龄 30—103；人物 []；门槛 {"all":[{"path":"relationships.activePartnerId","op":"eq","value":null},{"path":"relationships.partnerStatus","op":"in","value":["none","divorced","widowed"]},{"path":"relationships.childCount","op":"lte","value":1},{"path":"relationships.adoptionOffered","op":"eq","value":true},{"path":"health.physical","op":"gte","value":45},{"path":"health.careNeed","op":"lte","value":1},{"path":"relationships.adoptionStatus","op":"eq","value":"offered"}],"any":[],"none":[]}	这份申请先怎么准备？	按真实情况提交 → 你交了现有材料，也把排班、住房和支持人写清楚，没有把不确定的事填成保证。	[{"type":"tag","target":"history","value":"children:applied"},{"type":"add","target":"agency","value":4},{"type":"set","target":"relationships.parenthoodIntent","value":"adoption"},{"type":"set","target":"relationships.adoptionStatus","value":"assessing"},{"type":"add","target":"pressures.family","value":1},{"type":"add","target":"finance.cash","value":-1500}]	echo_098@1—3年：你先把能证明的和还缺的分开列了。；申请进入评估，能不能匹配仍要往后看。；效果 [{"type":"add","target":"agency","value":1},{"type":"tag","target":"history","value":"echo:children"}]	evidence/resultVariant；准备“按真实情况提交”时，你留存材料的习惯减少了来回补件。；材料少补了几趟，评估和匹配仍得照程序往下走。 你这次走的是“按真实情况提交”。	住房债务	三代理混排复核完成；已发现项已修正
decision_098	decision_098_choice_2	decision	children	年龄 30—103；人物 []；门槛 {"all":[{"path":"relationships.activePartnerId","op":"eq","value":null},{"path":"relationships.partnerStatus","op":"in","value":["none","divorced","widowed"]},{"path":"relationships.childCount","op":"lte","value":1},{"path":"relationships.adoptionOffered","op":"eq","value":true},{"path":"health.physical","op":"gte","value":45},{"path":"health.careNeed","op":"lte","value":1},{"path":"relationships.adoptionStatus","op":"eq","value":"offered"}],"any":[],"none":[]}	这份申请先怎么准备？	先补照护支持 → 你先联系能在生病或加班时帮忙的人，重新算了住处和照护时间。	[{"type":"tag","target":"history","value":"children:prepared"},{"type":"add","target":"agency","value":3},{"type":"set","target":"relationships.parenthoodIntent","value":"adoption"},{"type":"set","target":"relationships.adoptionStatus","value":"assessing"},{"type":"add","target":"pressures.family","value":0},{"type":"add","target":"finance.cash","value":-500}]	echo_098@2—4年：你先把能证明的和还缺的分开列了。；准备继续，但现在还没有提交完成。；效果 [{"type":"add","target":"capabilities.resilience","value":1},{"type":"tag","target":"history","value":"echo:children"}]	无	健康照护	三代理混排复核完成；已发现项已修正
decision_098	decision_098_choice_3	decision	children	年龄 30—103；人物 []；门槛 {"all":[{"path":"relationships.activePartnerId","op":"eq","value":null},{"path":"relationships.partnerStatus","op":"in","value":["none","divorced","widowed"]},{"path":"relationships.childCount","op":"lte","value":1},{"path":"relationships.adoptionOffered","op":"eq","value":true},{"path":"health.physical","op":"gte","value":45},{"path":"health.careNeed","op":"lte","value":1},{"path":"relationships.adoptionStatus","op":"eq","value":"offered"}],"any":[],"none":[]}	这份申请先怎么准备？	这次先退出 → 你把材料清单收进文件夹，告诉窗口这次不提交了。	[{"type":"tag","target":"history","value":"children:withdrawn"},{"type":"add","target":"agency","value":2},{"type":"set","target":"relationships.parenthoodIntent","value":"undecided"},{"type":"set","target":"relationships.adoptionStatus","value":"withdrawn"},{"type":"add","target":"pressures.family","value":-2},{"type":"add","target":"finance.cash","value":0}]	echo_098@3—5年：你先把能证明的和还缺的分开列了。；申请停在咨询这一步，没有进入评估和匹配。；效果 [{"type":"add","target":"pressures.family","value":4},{"type":"tag","target":"history","value":"echo:children"}]	无	无	三代理混排复核完成；已发现项已修正
decision_099	decision_099_choice_1	decision	children	年龄 31—104；人物 []；门槛 {"all":[{"path":"relationships.activePartnerId","op":"eq","value":null},{"path":"relationships.partnerStatus","op":"in","value":["none","divorced","widowed"]},{"path":"relationships.childCount","op":"lte","value":1},{"path":"relationships.adoptionOffered","op":"eq","value":true},{"path":"health.physical","op":"gte","value":45},{"path":"health.careNeed","op":"lte","value":1},{"path":"relationships.adoptionStatus","op":"in","value":["assessing","matching"]}],"any":[],"none":[]}	评估怎么往下走？	如实补齐材料 → 你补了缺页，也把无法保证的时段照实写下。评估继续寻找合适的匹配。	[{"type":"tag","target":"history","value":"children:matching"},{"type":"add","target":"agency","value":4},{"type":"set","target":"relationships.adoptionStatus","value":"matching"},{"type":"add","target":"pressures.family","value":1},{"type":"add","target":"finance.cash","value":-2500}]	echo_099@1—3年：家访把愿望拆成了每天谁来做什么。；评估表上留下的是你现在真能做到的照护安排。；效果 [{"type":"add","target":"agency","value":1},{"type":"tag","target":"history","value":"echo:children"}]	evidence/resultVariant；准备“如实补齐材料”时，眼前仍要你自己选；牌能帮的，是把日期、凭据和能复核的细节放在手边。；这次仍要由你承担后果；该留下的凭据没有缺席。 你这次走的是“如实补齐材料”。	无	三代理混排复核完成；已发现项已修正
decision_099	decision_099_choice_2	decision	children	年龄 31—104；人物 []；门槛 {"all":[{"path":"relationships.activePartnerId","op":"eq","value":null},{"path":"relationships.partnerStatus","op":"in","value":["none","divorced","widowed"]},{"path":"relationships.childCount","op":"lte","value":1},{"path":"relationships.adoptionOffered","op":"eq","value":true},{"path":"health.physical","op":"gte","value":45},{"path":"health.careNeed","op":"lte","value":1},{"path":"relationships.adoptionStatus","op":"in","value":["assessing","matching"]}],"any":[],"none":[]}	评估怎么往下走？	先把支持人叫齐 → 你请支持人一起核对接送、就医和临时照护，匹配时间因此往后排。	[{"type":"tag","target":"history","value":"children:delayed"},{"type":"add","target":"agency","value":3},{"type":"set","target":"relationships.adoptionStatus","value":"assessing"},{"type":"add","target":"pressures.family","value":0},{"type":"add","target":"finance.cash","value":-1200}]	echo_099@2—4年：家访把愿望拆成了每天谁来做什么。；等待变长，照护空档却少了一块。；效果 [{"type":"add","target":"capabilities.resilience","value":1},{"type":"tag","target":"history","value":"echo:children"}]	network/resultVariant；准备“先把支持人叫齐”时，愿意帮忙的人把能接送、能陪诊的时段说清了。；支持人的电话写进了表格，登记回执还没有下来。 你这次走的是“先把支持人叫齐”。	健康照护	三代理混排复核完成；已发现项已修正
decision_099	decision_099_choice_3	decision	children	年龄 31—104；人物 []；门槛 {"all":[{"path":"relationships.activePartnerId","op":"eq","value":null},{"path":"relationships.partnerStatus","op":"in","value":["none","divorced","widowed"]},{"path":"relationships.childCount","op":"lte","value":1},{"path":"relationships.adoptionOffered","op":"eq","value":true},{"path":"health.physical","op":"gte","value":45},{"path":"health.careNeed","op":"lte","value":1},{"path":"relationships.adoptionStatus","op":"in","value":["assessing","matching"]}],"any":[],"none":[]}	评估怎么往下走？	不再继续申请 → 你通知窗口停止评估，对方确认材料会按规定封存。	[{"type":"tag","target":"history","value":"children:withdrawn"},{"type":"add","target":"agency","value":2},{"type":"set","target":"relationships.adoptionStatus","value":"withdrawn"},{"type":"add","target":"pressures.family","value":5},{"type":"add","target":"finance.cash","value":-500}]	echo_099@3—5年：家访把愿望拆成了每天谁来做什么。；申请停在评估这一步，家里没有多出一张登记回执。；效果 [{"type":"add","target":"pressures.family","value":4},{"type":"tag","target":"history","value":"echo:children"}]	无	无	三代理混排复核完成；已发现项已修正
decision_100	decision_100_choice_1	decision	children	年龄 32—105；人物 []；门槛 {"all":[{"path":"relationships.activePartnerId","op":"eq","value":null},{"path":"relationships.partnerStatus","op":"in","value":["none","divorced","widowed"]},{"path":"relationships.childCount","op":"lte","value":1},{"path":"relationships.adoptionOffered","op":"eq","value":true},{"path":"health.physical","op":"gte","value":45},{"path":"health.careNeed","op":"lte","value":1},{"path":"relationships.adoptionStatus","op":"in","value":["assessing","matching"]}],"any":[],"none":[]}	这次申请怎么定？	完成融合和登记 → 相处和复核完成后，民政登记办妥。照护从回执生效的那天开始。	[{"type":"tag","target":"history","value":"children:adopted"},{"type":"add","target":"agency","value":4},{"type":"set","target":"relationships.adoptionStatus","value":"completed"},{"type":"createPerson","target":"people","value":1,"relation":"adoptedChild"},{"type":"add","target":"pressures.family","value":3},{"type":"add","target":"finance.cash","value":-8000}]	echo_100@1—3年：登记回执下来以前，户口和家庭账本上都还没有这个孩子。；一个孩子以收养关系进入这个家。；效果 [{"type":"add","target":"agency","value":1},{"type":"tag","target":"history","value":"echo:children"}]	careSkill/resultVariant；准备“完成融合和登记”时，你没有急着选，先顾到每天真正需要被照看的地方。；多出来的差别很具体：需要照看的日常没有被一句承诺带过。 你这次走的是“完成融合和登记”。	健康照护	三代理混排复核完成；已发现项已修正
decision_100	decision_100_choice_2	decision	children	年龄 32—105；人物 []；门槛 {"all":[{"path":"relationships.activePartnerId","op":"eq","value":null},{"path":"relationships.partnerStatus","op":"in","value":["none","divorced","widowed"]},{"path":"relationships.childCount","op":"lte","value":1},{"path":"relationships.adoptionOffered","op":"eq","value":true},{"path":"health.physical","op":"gte","value":45},{"path":"health.careNeed","op":"lte","value":1},{"path":"relationships.adoptionStatus","op":"in","value":["assessing","matching"]}],"any":[],"none":[]}	这次申请怎么定？	继续等待匹配 → 资料里的照护需要和你现在能提供的条件对不上，你如实说明，申请材料继续留在窗口。	[{"type":"tag","target":"history","value":"children:waiting"},{"type":"add","target":"agency","value":3},{"type":"set","target":"relationships.adoptionStatus","value":"waiting"},{"type":"add","target":"pressures.family","value":0},{"type":"add","target":"finance.cash","value":-1000}]	echo_100@2—4年：登记回执下来以前，户口和家庭账本上都还没有这个孩子。；窗口保留了申请，但这一次没有进入登记。；效果 [{"type":"add","target":"capabilities.resilience","value":1},{"type":"tag","target":"history","value":"echo:children"}]	无	健康照护	三代理混排复核完成；已发现项已修正
decision_100	decision_100_choice_3	decision	children	年龄 32—105；人物 []；门槛 {"all":[{"path":"relationships.activePartnerId","op":"eq","value":null},{"path":"relationships.partnerStatus","op":"in","value":["none","divorced","widowed"]},{"path":"relationships.childCount","op":"lte","value":1},{"path":"relationships.adoptionOffered","op":"eq","value":true},{"path":"health.physical","op":"gte","value":45},{"path":"health.careNeed","op":"lte","value":1},{"path":"relationships.adoptionStatus","op":"in","value":["assessing","matching"]}],"any":[],"none":[]}	这次申请怎么定？	撤回申请 → 你正式撤回材料，窗口确认申请停止。	[{"type":"tag","target":"history","value":"children:withdrawn"},{"type":"add","target":"agency","value":2},{"type":"set","target":"relationships.adoptionStatus","value":"withdrawn"},{"type":"add","target":"pressures.family","value":-2},{"type":"add","target":"finance.cash","value":0}]	echo_100@3—5年：登记回执下来以前，户口和家庭账本上都还没有这个孩子。；申请在登记前结束，家里的成员没有变化。；效果 [{"type":"add","target":"pressures.family","value":4},{"type":"tag","target":"history","value":"echo:children"}]	无	无	三代理混排复核完成；已发现项已修正
decision_100	decision_100_choice_4	decision	children	年龄 32—105；人物 []；门槛 {"all":[{"path":"relationships.activePartnerId","op":"eq","value":null},{"path":"relationships.partnerStatus","op":"in","value":["none","divorced","widowed"]},{"path":"relationships.childCount","op":"lte","value":1},{"path":"relationships.adoptionOffered","op":"eq","value":true},{"path":"health.physical","op":"gte","value":45},{"path":"health.careNeed","op":"lte","value":1},{"path":"relationships.adoptionStatus","op":"in","value":["assessing","matching"]}],"any":[],"none":[]}	这次申请怎么定？	条件不再符合 → 复核时已有关键条件无法继续满足，匹配和登记都停止。	[{"type":"tag","target":"history","value":"children:invalidated"},{"type":"add","target":"agency","value":1},{"type":"set","target":"relationships.adoptionStatus","value":"invalidated"},{"type":"add","target":"pressures.family","value":4},{"type":"add","target":"finance.cash","value":-1500}]	echo_100@4—6年：登记回执下来以前，户口和家庭账本上都还没有这个孩子。；这次申请停在登记以前。；效果 [{"type":"add","target":"pressures.family","value":4},{"type":"tag","target":"history","value":"echo:children"}]	无	无	三代理混排复核完成；已发现项已修正
decision_101	decision_101_choice_1	decision	children	年龄 25—72；人物 [{"slot":"child","relationAny":["child","adoptedChild","stepChild"],"alive":true,"ageMin":5,"ageMax":7,"optional":false}]；门槛 {"all":[{"path":"relationships.childCount","op":"gte","value":1}],"any":[],"none":[]}	入学这件事，怎么安排？	按能做的条件入学 → 你核了材料、接送和孩子需要。按能走通的路完成了登记。	[{"type":"tag","target":"history","value":"children:enrolled"},{"type":"add","target":"agency","value":4},{"type":"add","target":"relationships.childBond","value":4},{"type":"add","target":"pressures.family","value":-2},{"type":"add","target":"finance.cash","value":-2500}]	echo_101@1—3年：接送卡和登记表后来放在同一个透明袋里。；孩子按期进了学校。后面的事不占这个事件了。；效果 [{"type":"add","target":"agency","value":1},{"type":"tag","target":"history","value":"echo:children"}]	careSkill/resultVariant；准备“按能做的条件入学”时，“按能做的条件入学”要真的走得通，得先顾到每天真正需要被照看的地方。；“按能做的条件入学”照样有代价，不过需要照看的日常没有被一句承诺带过。 你这次走的是“按能做的条件入学”。	人物	三代理混排复核完成；已发现项已修正
decision_101	decision_101_choice_2	decision	children	年龄 25—72；人物 [{"slot":"child","relationAny":["child","adoptedChild","stepChild"],"alive":true,"ageMin":5,"ageMax":7,"optional":false}]；门槛 {"all":[{"path":"relationships.childCount","op":"gte","value":1}],"any":[],"none":[]}	入学这件事，怎么安排？	延一下。把原因说清楚 → 条件还不具备。你按程序说明了原因，这一年的照护和学习也安排了。	[{"type":"tag","target":"history","value":"children:deferred"},{"type":"add","target":"agency","value":3},{"type":"add","target":"relationships.childBond","value":2},{"type":"add","target":"pressures.family","value":0},{"type":"add","target":"finance.cash","value":-1200}]	echo_101@2—4年：接送卡和登记表后来放在同一个透明袋里。；入学延了。但时间和责任没有悬着。；效果 [{"type":"add","target":"capabilities.resilience","value":1},{"type":"tag","target":"history","value":"echo:children"}]	无	健康照护	三代理混排复核完成；已发现项已修正
decision_101	decision_101_choice_3	decision	children	年龄 25—72；人物 [{"slot":"child","relationAny":["child","adoptedChild","stepChild"],"alive":true,"ageMin":5,"ageMax":7,"optional":false}]；门槛 {"all":[{"path":"relationships.childCount","op":"gte","value":1}],"any":[],"none":[]}	入学这件事，怎么安排？	不追这个了。换条能走的路 → 你不再追那个到不了的名额。换到能接送、能支持的学校。	[{"type":"tag","target":"history","value":"children:alternative"},{"type":"add","target":"agency","value":2},{"type":"add","target":"relationships.childBond","value":1},{"type":"add","target":"pressures.family","value":1},{"type":"add","target":"finance.cash","value":-1800}]	echo_101@3—5年：接送卡和登记表后来放在同一个透明袋里。；这次申请退了。孩子有去处。；效果 [{"type":"add","target":"pressures.family","value":4},{"type":"tag","target":"history","value":"echo:children"}]	无	无	三代理混排复核完成；已发现项已修正
decision_101	decision_101_choice_4	decision	children	年龄 25—72；人物 [{"slot":"child","relationAny":["child","adoptedChild","stepChild"],"alive":true,"ageMin":5,"ageMax":7,"optional":false}]；门槛 {"all":[{"path":"relationships.childCount","op":"gte","value":1}],"any":[],"none":[]}	入学这件事，怎么安排？	住址或接送的人变了 → 登记前，地址、材料或接送安排变了。原来的申请做不了。	[{"type":"tag","target":"history","value":"children:invalidated"},{"type":"add","target":"agency","value":1},{"type":"add","target":"relationships.childBond","value":-2},{"type":"add","target":"pressures.family","value":4},{"type":"add","target":"finance.cash","value":-800}]	echo_101@4—6年：接送卡和登记表后来放在同一个透明袋里。；材料袋退了回来。；效果 [{"type":"add","target":"pressures.family","value":4},{"type":"tag","target":"history","value":"echo:children"}]	无	无	三代理混排复核完成；已发现项已修正
decision_102	decision_102_choice_1	decision	children	年龄 30—75；人物 [{"slot":"child","relationAny":["child","adoptedChild","stepChild"],"alive":true,"ageMin":10,"ageMax":19,"optional":false}]；门槛 {"all":[{"path":"relationships.childCount","op":"gte","value":1}],"any":[],"none":[]}	你先怎么接？	一起定个规矩。隐私和安全都写进去 → 你答应不随便翻。也和孩子说好了晚归、危险和需要大人介入的情况。	[{"type":"tag","target":"history","value":"children:agreed"},{"type":"add","target":"agency","value":4},{"type":"add","target":"relationships.childBond","value":5},{"type":"add","target":"pressures.family","value":-3}]	echo_102@1—3年：手机没被立刻拿走。先坐下来谈了。；规矩从单向变成两个人都能背出来的。；效果 [{"type":"add","target":"agency","value":1},{"type":"tag","target":"history","value":"echo:children"}]	boundary/resultVariant；准备“一起定个规矩。隐私和安全都写进去”时，这次多了一步准备：先把愿意承担和不能接受的部分分别说清。；结果仍不确定；你的界线没有在点头时一起让出去。 你这次走的是“一起定个规矩。隐私和安全都写进去”。	人物	三代理混排复核完成；已发现项已修正
decision_102	decision_102_choice_2	decision	children	年龄 30—75；人物 [{"slot":"child","relationAny":["child","adoptedChild","stepChild"],"alive":true,"ageMin":10,"ageMax":19,"optional":false}]；门槛 {"all":[{"path":"relationships.childCount","op":"gte","value":1}],"any":[],"none":[]}	你先怎么接？	先只定最少的。过一个月再看 → 你们只约了作息、家务和紧急时怎么找。争的事下个月再聊。	[{"type":"tag","target":"history","value":"children:provisional"},{"type":"add","target":"agency","value":3},{"type":"add","target":"relationships.childBond","value":1},{"type":"add","target":"pressures.family","value":0}]	echo_102@2—4年：手机没被立刻拿走。先坐下来谈了。；日子勉强过。至少没升级。；效果 [{"type":"add","target":"capabilities.resilience","value":1},{"type":"tag","target":"history","value":"echo:children"}]	无	无	三代理混排复核完成；已发现项已修正
decision_102	decision_102_choice_3	decision	children	年龄 30—75；人物 [{"slot":"child","relationAny":["child","adoptedChild","stepChild"],"alive":true,"ageMin":10,"ageMax":19,"optional":false}]；门槛 {"all":[{"path":"relationships.childCount","op":"gte","value":1}],"any":[],"none":[]}	你先怎么接？	把密码交出来 → 你要了设备和账号。开始一条条看联系人和时间。	[{"type":"tag","target":"history","value":"children:monitored"},{"type":"add","target":"agency","value":2},{"type":"add","target":"relationships.childBond","value":-6},{"type":"add","target":"pressures.family","value":6}]	echo_102@3—5年：手机没被立刻拿走。先坐下来谈了。；表面知道了更多。孩子也开始找你不知道的入口。；效果 [{"type":"add","target":"pressures.family","value":4},{"type":"tag","target":"history","value":"echo:children"}]	无	无	三代理混排复核完成；已发现项已修正
decision_103	decision_103_choice_1	decision	children	年龄 31—77；人物 [{"slot":"child","relationAny":["child","adoptedChild","stepChild"],"alive":true,"ageMin":10,"ageMax":19,"optional":false}]；门槛 {"all":[{"path":"relationships.childCount","op":"gte","value":1}],"any":[],"none":[]}	这件事，最后怎么定？	定下来了。有事能说 → 私人空间留着。安全例外和需要大人出面的时候——写清了。	[{"type":"tag","target":"history","value":"children:agreed"},{"type":"add","target":"agency","value":4},{"type":"add","target":"relationships.childBond","value":7},{"type":"add","target":"pressures.family","value":-4}]	echo_103@1—3年：家里的规矩——写在了一张两个人都能看见的纸上。；孩子碰到事的时候，还是愿意开口。；效果 [{"type":"add","target":"agency","value":1},{"type":"tag","target":"history","value":"echo:children"}]	boundary/resultVariant；准备“定下来了。有事能说”时，动手以前，你决定把愿意承担和不能接受的部分分别说清，再看要不要“定下来了。有事能说”。；结果落定时，你的界线没有在点头时一起让出去。 你这次走的是“定下来了。有事能说”。	无	三代理混排复核完成；已发现项已修正
decision_103	decision_103_choice_2	decision	children	年龄 31—77；人物 [{"slot":"child","relationAny":["child","adoptedChild","stepChild"],"alive":true,"ageMin":10,"ageMax":19,"optional":false}]；门槛 {"all":[{"path":"relationships.childCount","op":"gte","value":1}],"any":[],"none":[]}	这件事，最后怎么定？	最低限度。先这样 → 吵的没全解决。但作息、家务和紧急联系——能执行。	[{"type":"tag","target":"history","value":"children:coexist"},{"type":"add","target":"agency","value":3},{"type":"add","target":"relationships.childBond","value":1},{"type":"add","target":"pressures.family","value":0}]	echo_103@2—4年：家里的规矩——写在了一张两个人都能看见的纸上。；纸还贴在冰箱上。几条最基本的约定，至少遇事时真能用上。；效果 [{"type":"add","target":"capabilities.resilience","value":1},{"type":"tag","target":"history","value":"echo:children"}]	无	无	三代理混排复核完成；已发现项已修正
decision_103	decision_103_choice_3	decision	children	年龄 31—77；人物 [{"slot":"child","relationAny":["child","adoptedChild","stepChild"],"alive":true,"ageMin":10,"ageMax":19,"optional":false}]；门槛 {"all":[{"path":"relationships.childCount","op":"gte","value":1}],"any":[],"none":[]}	这件事，最后怎么定？	不盯着了。退一步 → 你撤了那条守不住的全面检查。留着必要的安全沟通。	[{"type":"tag","target":"history","value":"children:exited"},{"type":"add","target":"agency","value":2},{"type":"add","target":"relationships.childBond","value":2},{"type":"add","target":"pressures.family","value":-1}]	echo_103@3—5年：家里的规矩——写在了一张两个人都能看见的纸上。；信任得慢慢来。；效果 [{"type":"add","target":"pressures.family","value":4},{"type":"tag","target":"history","value":"echo:children"}]	无	无	三代理混排复核完成；已发现项已修正
decision_103	decision_103_choice_4	decision	children	年龄 31—77；人物 [{"slot":"child","relationAny":["child","adoptedChild","stepChild"],"alive":true,"ageMin":10,"ageMax":19,"optional":false}]；门槛 {"all":[{"path":"relationships.childCount","op":"gte","value":1}],"any":[],"none":[]}	这件事，最后怎么定？	管得更紧了。孩子不说了 → 你继续偷偷看。孩子换了账号，不再说真的去哪。	[{"type":"tag","target":"history","value":"children:trust_failure"},{"type":"add","target":"agency","value":1},{"type":"add","target":"relationships.childBond","value":-10},{"type":"add","target":"pressures.family","value":8}]	echo_103@4—6年：家里的规矩——写在了一张两个人都能看见的纸上。；有效沟通——断了。；效果 [{"type":"add","target":"pressures.family","value":4},{"type":"tag","target":"history","value":"echo:children"}]	无	人物	三代理混排复核完成；已发现项已修正
decision_104	decision_104_choice_1	decision	children	年龄 38—90；人物 [{"slot":"child","relationAny":["child","adoptedChild","stepChild"],"alive":true,"ageMin":18,"ageMax":40,"optional":false}]；门槛 {"all":[{"path":"relationships.childCount","op":"gte","value":1}],"any":[],"none":[]}	怎么谈？	一起写下来：帮多久，各自做什么 → 你们核了收入、住处、家务和你能帮的。阶段性安排——写了个复盘日。	[{"type":"tag","target":"history","value":"children:planned"},{"type":"add","target":"agency","value":4},{"type":"add","target":"relationships.childBond","value":3},{"type":"add","target":"pressures.family","value":-2},{"type":"add","target":"finance.cash","value":-1000}]	echo_104@1—3年：生活费截止日和备用钥匙——第一次放在同一张表上。；帮还在帮。但不是没有尽头了。；效果 [{"type":"add","target":"agency","value":1},{"type":"tag","target":"history","value":"echo:children"}]	negotiation/resultVariant；准备“一起写下来：帮多久，各自做什么”时，这次多做了一层准备：把期限、钱和各自要做的事摊开谈。；回头看这一步，说出口的条件有了能核对的落点。 你这次走的是“一起写下来：帮多久，各自做什么”。	无	三代理混排复核完成；已发现项已修正
decision_104	decision_104_choice_2	decision	children	年龄 38—90；人物 [{"slot":"child","relationAny":["child","adoptedChild","stepChild"],"alive":true,"ageMin":18,"ageMax":40,"optional":false}]；门槛 {"all":[{"path":"relationships.childCount","op":"gte","value":1}],"any":[],"none":[]}	怎么谈？	还住一起。各出一部分 → 孩子担了一部分花销和家务。你给了缓冲——没要求马上全独立。	[{"type":"tag","target":"history","value":"children:shared"},{"type":"add","target":"agency","value":3},{"type":"add","target":"relationships.childBond","value":2},{"type":"add","target":"pressures.family","value":0},{"type":"add","target":"finance.cash","value":-2500}]	echo_104@2—4年：生活费截止日和备用钥匙——第一次放在同一张表上。；以有限支持继续。；效果 [{"type":"add","target":"capabilities.resilience","value":1},{"type":"tag","target":"history","value":"echo:children"}]	无	人物	三代理混排复核完成；已发现项已修正
decision_104	decision_104_choice_3	decision	children	年龄 38—90；人物 [{"slot":"child","relationAny":["child","adoptedChild","stepChild"],"alive":true,"ageMin":18,"ageMax":40,"optional":false}]；门槛 {"all":[{"path":"relationships.childCount","op":"gte","value":1}],"any":[],"none":[]}	怎么谈？	先都兜着。不谈了 → 你接下所有账单。工作、搬出去和照护——都没聊。	[{"type":"tag","target":"history","value":"children:enabled"},{"type":"add","target":"agency","value":2},{"type":"add","target":"relationships.childBond","value":-2},{"type":"add","target":"pressures.family","value":4},{"type":"add","target":"finance.cash","value":-5000}]	echo_104@3—5年：生活费截止日和备用钥匙——第一次放在同一张表上。；吵得少了。边界也更糊了。；效果 [{"type":"add","target":"pressures.family","value":4},{"type":"tag","target":"history","value":"echo:children"}]	无	健康照护	三代理混排复核完成；已发现项已修正
decision_105	decision_105_choice_1	decision	children	年龄 39—92；人物 [{"slot":"child","relationAny":["child","adoptedChild","stepChild"],"alive":true,"ageMin":18,"ageMax":40,"optional":false}]；门槛 {"all":[{"path":"relationships.childCount","op":"gte","value":1}],"any":[],"none":[]}	孩子和你，最后怎么定？	搬出去了。该走的亲戚还走 → 孩子去了自己的地方。日常费用自己担。紧急联系和家庭来往——留着。	[{"type":"tag","target":"history","value":"children:independent"},{"type":"add","target":"agency","value":4},{"type":"add","target":"relationships.childBond","value":4},{"type":"add","target":"pressures.family","value":-3},{"type":"add","target":"finance.cash","value":0}]	echo_105@1—3年：房租转账和备用钥匙——各有了去处。；还是家人。生活的担子交过去了。；效果 [{"type":"add","target":"agency","value":1},{"type":"tag","target":"history","value":"echo:children"}]	negotiation/resultVariant；准备“搬出去了。该走的亲戚还走”时，眼前仍要你自己选；牌能帮的，是把期限、钱和各自要做的事摊开谈。；这次仍要由你承担后果；说出口的条件有了能核对的落点。 你这次走的是“搬出去了。该走的亲戚还走”。	人物	三代理混排复核完成；已发现项已修正
decision_105	decision_105_choice_2	decision	children	年龄 39—92；人物 [{"slot":"child","relationAny":["child","adoptedChild","stepChild"],"alive":true,"ageMin":18,"ageMax":40,"optional":false}]；门槛 {"all":[{"path":"relationships.childCount","op":"gte","value":1}],"any":[],"none":[]}	孩子和你，最后怎么定？	再住一阵。但说好了 → 你们续了支持。金额、家务和下一次复盘的日期——写了。	[{"type":"tag","target":"history","value":"children:coexist"},{"type":"add","target":"agency","value":3},{"type":"add","target":"relationships.childBond","value":2},{"type":"add","target":"pressures.family","value":0},{"type":"add","target":"finance.cash","value":-3000}]	echo_105@2—4年：房租转账和备用钥匙——各有了去处。；下一次要谈的日期圈在日历上，这段支持有了能看见的边界。；效果 [{"type":"add","target":"capabilities.resilience","value":1},{"type":"tag","target":"history","value":"echo:children"}]	无	人物	三代理混排复核完成；已发现项已修正
decision_105	decision_105_choice_3	decision	children	年龄 39—92；人物 [{"slot":"child","relationAny":["child","adoptedChild","stepChild"],"alive":true,"ageMin":18,"ageMax":40,"optional":false}]；门槛 {"all":[{"path":"relationships.childCount","op":"gte","value":1}],"any":[],"none":[]}	孩子和你，最后怎么定？	我帮不起了。停在这 → 你停掉了撑不下去的账单。截止日和能给的其他资源——说清楚了。	[{"type":"tag","target":"history","value":"children:support_exit"},{"type":"add","target":"agency","value":2},{"type":"add","target":"relationships.childBond","value":0},{"type":"add","target":"pressures.family","value":1},{"type":"add","target":"finance.cash","value":1000}]	echo_105@3—5年：房租转账和备用钥匙——各有了去处。；这笔支持在约定日期停下，紧急联系仍然保留。；效果 [{"type":"add","target":"pressures.family","value":4},{"type":"tag","target":"history","value":"echo:children"}]	无	人物	三代理混排复核完成；已发现项已修正
decision_105	decision_105_choice_4	decision	children	年龄 39—92；人物 [{"slot":"child","relationAny":["child","adoptedChild","stepChild"],"alive":true,"ageMin":18,"ageMax":40,"optional":false}]；门槛 {"all":[{"path":"relationships.childCount","op":"gte","value":1}],"any":[],"none":[]}	孩子和你，最后怎么定？	钱和住处还是缠着 → 花销、钥匙和照护——没谁说清。吵的还是同一张账单。	[{"type":"tag","target":"history","value":"children:entangled"},{"type":"add","target":"agency","value":1},{"type":"add","target":"relationships.childBond","value":-7},{"type":"add","target":"pressures.family","value":7},{"type":"add","target":"finance.cash","value":-6000}]	echo_105@4—6年：房租转账和备用钥匙——各有了去处。；下个月的转账又到了，备用钥匙仍在原处，两件事还是没有分开。；效果 [{"type":"add","target":"pressures.family","value":4},{"type":"tag","target":"history","value":"echo:children"}]	无	人物、健康照护	三代理混排复核完成；已发现项已修正
decision_107	decision_107_choice_1	decision	finance	年龄 20—70；人物 []；门槛 {"all":[],"any":[],"none":[]}	落笔之前，这事怎么处理？	不签。帮他把材料整理清楚 → 你没在担保页落笔。只把收入、用途和还款计划列成单子交给他。	[{"type":"tag","target":"history","value":"finance:declined"},{"type":"add","target":"agency","value":4},{"type":"add","target":"relationships.originBond","value":0},{"type":"add","target":"pressures.money","value":-2}]	echo_107@1—3年：那份担保合同后来真的找到了你的名字。；借款后来逾期了。债权通知上没有你的名字。亲戚关系冷了一阵。；效果 [{"type":"add","target":"agency","value":1},{"type":"tag","target":"history","value":"echo:finance"}]	riskSense/riskShift；准备“不签。帮他把材料整理清楚”时，这次多了一步准备：先找出最容易留下后患的那一步。；结果仍不确定；最容易出问题的地方提前被看见了。 你这次走的是“不签。帮他把材料整理清楚”。	住房债务	三代理混排复核完成；已发现项已修正
decision_107	decision_107_choice_2	decision	finance	年龄 20—70；人物 []；门槛 {"all":[],"any":[],"none":[]}	落笔之前，这事怎么处理？	签。但把上限和期限写死 → 你要求写明一般保证、最高金额、担保期间和反担保。完整合同自己留了一份。	[{"type":"tag","target":"history","value":"finance:limited_guarantee"},{"type":"add","target":"agency","value":3},{"type":"add","target":"relationships.originBond","value":-1},{"type":"add","target":"pressures.money","value":1}]	echo_107@2—4年：那份担保合同后来真的找到了你的名字。；违约通知来的时候，你能先按签字页核对——责任到哪为止。；效果 [{"type":"add","target":"capabilities.resilience","value":1},{"type":"tag","target":"history","value":"echo:finance"}]	无	住房债务	三代理混排复核完成；已发现项已修正
decision_107	decision_107_choice_3	decision	finance	年龄 20—70；人物 []；门槛 {"all":[],"any":[],"none":[]}	落笔之前，这事怎么处理？	签了。连带责任 → 你信对方会按期还。连带责任那页签了名，也拿了一份合同。	[{"type":"tag","target":"history","value":"finance:joint_guarantee"},{"type":"add","target":"agency","value":2},{"type":"add","target":"relationships.originBond","value":-3},{"type":"add","target":"pressures.money","value":3}]	echo_107@3—5年：那份担保合同后来真的找到了你的名字。；到期以后借款人没付款。债权人按合同同时联系了你。；效果 [{"type":"add","target":"pressures.money","value":4},{"type":"tag","target":"history","value":"echo:finance"}]	无	无	三代理混排复核完成；已发现项已修正
decision_108	decision_108_choice_1	decision	finance	年龄 20—70；人物 []；门槛 {"all":[],"any":[],"none":[]}	手里现金不够，分期和信用借款能让生活暂时看起来不变。	现在就缩开支 → 你取消购物、换便宜房间，先保住现金流。	[{"type":"tag","target":"history","value":"finance:deliberate"},{"type":"add","target":"agency","value":4},{"type":"add","target":"finance.cash","value":-6000},{"type":"add","target":"pressures.money","value":-3}]	echo_108@1—3年：那几笔分期后来在同一个月叠了起来。；日子紧了几个月，账单没有继续长出新的利息。；效果 [{"type":"add","target":"agency","value":1},{"type":"tag","target":"history","value":"echo:finance"}]	cashBuffer/costShift；准备“现在就缩开支”时，动手以前，你决定算清手里的缓冲能垫住哪一段，再看要不要“现在就缩开支”。；结果落定时，缓冲只垫住眼前，没有假装风险已经消失。 你这次走的是“现在就缩开支”。	无	三代理混排复核完成；已发现项已修正
decision_108	decision_108_choice_2	decision	finance	年龄 20—70；人物 []；门槛 {"all":[],"any":[],"none":[]}	手里现金不够，分期和信用借款能让生活暂时看起来不变。	用分期撑一阵 → 你把大额账单拆开，每月只多出几百。	[{"type":"tag","target":"history","value":"finance:negotiated"},{"type":"add","target":"agency","value":3},{"type":"add","target":"finance.cash","value":-15000},{"type":"add","target":"pressures.money","value":1},{"type":"addLiability","target":"finance.liabilities","value":40000,"kind":"consumer","rate":0.06,"guaranteed":false}]	echo_108@2—4年：那几笔分期后来在同一个月叠了起来。；第六笔分期开始后，每月小数终于加成了大数。；效果 [{"type":"add","target":"capabilities.resilience","value":1},{"type":"tag","target":"history","value":"echo:finance"}]	无	无	三代理混排复核完成；已发现项已修正
decision_108	decision_108_choice_3	decision	finance	年龄 20—70；人物 []；门槛 {"all":[],"any":[],"none":[]}	手里现金不够，分期和信用借款能让生活暂时看起来不变。	借高息钱填上 → 放款几分钟到账，合同里的年化藏在折叠项。	[{"type":"tag","target":"history","value":"finance:risk"},{"type":"add","target":"agency","value":2},{"type":"add","target":"finance.cash","value":8000},{"type":"add","target":"pressures.money","value":6},{"type":"addLiability","target":"finance.liabilities","value":120000,"kind":"consumer","rate":0.12,"guaranteed":false}]	echo_108@3—5年：那几笔分期后来在同一个月叠了起来。；下一次缺口更大，先还的几乎全是费用和利息。；效果 [{"type":"add","target":"pressures.money","value":4},{"type":"tag","target":"history","value":"echo:finance"}]	无	无	三代理混排复核完成；已发现项已修正
decision_109	decision_109_choice_1	decision	finance	年龄 22—72；人物 []；门槛 {"all":[{"path":"housing.status","op":"eq","value":"mortgaged"},{"path":"finance.mortgagePaymentStress","op":"eq","value":true}],"any":[],"none":[]}	利率上升后，房贷加其他还款已经超过收入三成。	卖掉非必要资产 → 你卖车还掉一部分本金，改乘公交上班。	[{"type":"tag","target":"history","value":"finance:deliberate"},{"type":"add","target":"agency","value":4},{"type":"add","target":"finance.cash","value":-6000},{"type":"add","target":"pressures.money","value":-3},{"type":"repayDebt","target":"finance.liabilities","value":30000}]	echo_109@1—3年：那轮加息后来改变了家里的东西。；月供重新降到可承受范围，周末出行也从此要算时间。；效果 [{"type":"add","target":"agency","value":1},{"type":"tag","target":"history","value":"echo:finance"}]	negotiation/resultVariant；准备“卖掉非必要资产”时，这次多做了一层准备：把期限、钱和各自要做的事摊开谈。；回头看这一步，说出口的条件有了能核对的落点。 你这次走的是“卖掉非必要资产”。	住房债务	三代理混排复核完成；已发现项已修正
decision_109	decision_109_choice_2	decision	finance	年龄 22—72；人物 []；门槛 {"all":[{"path":"housing.status","op":"eq","value":"mortgaged"},{"path":"finance.mortgagePaymentStress","op":"eq","value":true}],"any":[],"none":[]}	利率上升后，房贷加其他还款已经超过收入三成。	找银行重组 → 你带着收入证明谈延长期限和缓还安排。	[{"type":"tag","target":"history","value":"finance:negotiated"},{"type":"add","target":"agency","value":3},{"type":"add","target":"finance.cash","value":-15000},{"type":"add","target":"pressures.money","value":1},{"type":"restructureDebt","target":"finance.liabilities","value":1,"rate":0.045}]	echo_109@2—4年：那轮加息后来改变了家里的东西。；月供降了，总利息更高，至少没有马上逾期。；效果 [{"type":"add","target":"capabilities.resilience","value":1},{"type":"tag","target":"history","value":"echo:finance"}]	无	住房债务	三代理混排复核完成；已发现项已修正
decision_109	decision_109_choice_3	decision	finance	年龄 22—72；人物 []；门槛 {"all":[{"path":"housing.status","op":"eq","value":"mortgaged"},{"path":"finance.mortgagePaymentStress","op":"eq","value":true}],"any":[],"none":[]}	利率上升后，房贷加其他还款已经超过收入三成。	按原计划硬撑 → 你没动资产，也没有告诉家里真实压力。	[{"type":"tag","target":"history","value":"finance:risk"},{"type":"add","target":"agency","value":2},{"type":"add","target":"finance.cash","value":8000},{"type":"add","target":"pressures.money","value":6}]	echo_109@3—5年：那轮加息后来改变了家里的东西。；几个月后奖金落空，第一笔逾期还是出现了。；效果 [{"type":"add","target":"pressures.money","value":4},{"type":"tag","target":"history","value":"echo:finance"}]	无	住房债务	三代理混排复核完成；已发现项已修正
decision_110	decision_110_choice_1	decision	finance	年龄 22—75；人物 []；门槛 {"all":[],"any":[],"none":[]}	通知到了。你先怎么确认？	先把合同和余额对一遍。让借款人出面 → 你对照签字页、还款流水和通知金额——只认有凭据的部分。书面催借款人拿出还款安排。	[{"type":"tag","target":"history","value":"finance:verified_claim"},{"type":"add","target":"agency","value":4},{"type":"addLiability","target":"finance.liabilities","value":60000,"kind":"guarantee","rate":0.06,"guaranteed":true,"bindEpisode":"guarantee_recourse"},{"type":"add","target":"finance.cash","value":-8000},{"type":"add","target":"pressures.money","value":4},{"type":"add","target":"relationships.originBond","value":-2}]	echo_110@1—3年：那封通知逼出了借款、担保和收入三笔账。；后来追偿的时候，合同、代偿回单和催收记录都接得上。；效果 [{"type":"add","target":"agency","value":1},{"type":"tag","target":"history","value":"echo:finance"}]	evidence/resultVariant；准备“先把合同和余额对一遍。让借款人出面”时，眼前仍要你自己选；牌能帮的，是把日期、凭据和能复核的细节放在手边。；这次仍要由你承担后果；该留下的凭据没有缺席。 你这次走的是“先把合同和余额对一遍。让借款人出面”。	无	三代理混排复核完成；已发现项已修正
decision_110	decision_110_choice_2	decision	finance	年龄 22—75；人物 []；门槛 {"all":[],"any":[],"none":[]}	通知到了。你先怎么确认？	直接找债权人谈 → 你带着收入证明和真实的开销去谈。每期还多少、还多久、再违约怎么算——写成方案。	[{"type":"tag","target":"history","value":"finance:direct_negotiation"},{"type":"add","target":"agency","value":3},{"type":"addLiability","target":"finance.liabilities","value":80000,"kind":"guarantee","rate":0.065,"guaranteed":true,"bindEpisode":"guarantee_recourse"},{"type":"add","target":"finance.cash","value":-12000},{"type":"add","target":"pressures.money","value":5},{"type":"add","target":"relationships.originBond","value":-1}]	echo_110@2—4年：那封通知逼出了借款、担保和收入三笔账。；第一期按新方案扣了。责任没消失，但不再只靠电话口头追。；效果 [{"type":"add","target":"capabilities.resilience","value":1},{"type":"tag","target":"history","value":"echo:finance"}]	无	无	三代理混排复核完成；已发现项已修正
decision_110	decision_110_choice_3	decision	finance	年龄 22—75；人物 []；门槛 {"all":[],"any":[],"none":[]}	通知到了。你先怎么确认？	借一笔新的。先堵上 → 你没核清担保范围，先用信用借款代偿了一部分。	[{"type":"tag","target":"history","value":"finance:new_borrowing"},{"type":"add","target":"agency","value":2},{"type":"addLiability","target":"finance.liabilities","value":120000,"kind":"guarantee","rate":0.12,"guaranteed":true,"bindEpisode":"guarantee_recourse"},{"type":"add","target":"finance.cash","value":-25000},{"type":"add","target":"pressures.money","value":10},{"type":"add","target":"relationships.originBond","value":-5}]	echo_110@3—5年：那封通知逼出了借款、担保和收入三笔账。；下个月旧债还在，新债开始计息。；效果 [{"type":"add","target":"pressures.money","value":4},{"type":"tag","target":"history","value":"echo:finance"}]	无	住房债务	三代理混排复核完成；已发现项已修正
decision_111	decision_111_choice_1	decision	finance	年龄 25—78；人物 []；门槛 {"all":[],"any":[],"none":[]}	这笔担保，最后怎么了结？	凭回单依法追偿 → 你把合同、通知和转账回单一起交上去。回款没有被当成已经到账，但责任在谁写清了。	[{"type":"tag","target":"history","value":"finance:recovered"},{"type":"add","target":"agency","value":4},{"type":"repayDebt","target":"finance.liabilities","value":50000,"scope":"episodeBound"},{"type":"add","target":"finance.cash","value":-12000},{"type":"add","target":"pressures.money","value":-5},{"type":"add","target":"relationships.originBond","value":0}]	echo_111@1—3年：担保这件事的处理，留下了追偿凭证——和一段关系的结局。；追偿申请有了案号；已经代偿的部分仍按回单继续处理。；效果 [{"type":"add","target":"agency","value":1},{"type":"tag","target":"history","value":"echo:finance"}]	negotiation/resultVariant；准备“凭回单依法追偿”时，你没有急着选，先把期限、钱和各自要做的事摊开谈。；多出来的差别很具体：说出口的条件有了能核对的落点。 你这次走的是“凭回单依法追偿”。	住房债务	三代理混排复核完成；已发现项已修正
decision_111	decision_111_choice_2	decision	finance	年龄 25—78；人物 []；门槛 {"all":[],"any":[],"none":[]}	这笔担保，最后怎么了结？	签分期。按新方案慢慢还 → 你和债权人确认余额和期限。接受现在收入能撑住的分期——没找中介倒贷。	[{"type":"tag","target":"history","value":"finance:restructured"},{"type":"add","target":"agency","value":3},{"type":"restructureDebt","target":"finance.liabilities","value":1,"rate":0.045,"scope":"episodeBound"},{"type":"add","target":"finance.cash","value":-4000},{"type":"add","target":"pressures.money","value":-7},{"type":"add","target":"relationships.originBond","value":-2}]	echo_111@2—4年：担保这件事的处理，留下了追偿凭证——和一段关系的结局。；一年后余额还在下降。新的逾期没出现。；效果 [{"type":"add","target":"capabilities.resilience","value":1},{"type":"tag","target":"history","value":"echo:finance"}]	无	住房债务	三代理混排复核完成；已发现项已修正
decision_111	decision_111_choice_3	decision	finance	年龄 25—78；人物 []；门槛 {"all":[],"any":[],"none":[]}	这笔担保，最后怎么了结？	能清的清了。人也不来往了 → 你处理了合同里该你负的那部分。也拒绝了继续帮借款人借新钱。	[{"type":"tag","target":"history","value":"finance:relationship_break"},{"type":"add","target":"agency","value":2},{"type":"repayDebt","target":"finance.liabilities","value":30000,"scope":"episodeBound"},{"type":"add","target":"finance.cash","value":-18000},{"type":"add","target":"pressures.money","value":-2},{"type":"add","target":"relationships.originBond","value":-12}]	echo_111@3—5年：担保这件事的处理，留下了追偿凭证——和一段关系的结局。；账停在结清页。关系没有恢复。；效果 [{"type":"add","target":"pressures.money","value":4},{"type":"tag","target":"history","value":"echo:finance"}]	无	住房债务	三代理混排复核完成；已发现项已修正
decision_111	decision_111_choice_4	decision	finance	年龄 25—78；人物 []；门槛 {"all":[],"any":[],"none":[]}	这笔担保，最后怎么了结？	再借一笔。先别塌 → 你又开了一笔额度保住这个月的脸面。借款人还是没稳定还。几笔债开始同时到期。	[{"type":"tag","target":"history","value":"finance:default_failure"},{"type":"add","target":"agency","value":1},{"type":"addLiability","target":"finance.liabilities","value":50000,"kind":"consumer","rate":0.12},{"type":"add","target":"finance.cash","value":-30000},{"type":"add","target":"pressures.money","value":12},{"type":"add","target":"relationships.originBond","value":-8}]	echo_111@4—6年：担保这件事的处理，留下了追偿凭证——和一段关系的结局。；担保债和新借款一起留到了以后。；效果 [{"type":"add","target":"pressures.money","value":4},{"type":"tag","target":"history","value":"echo:finance"}]	无	住房债务	三代理混排复核完成；已发现项已修正
decision_112	decision_112_choice_1	decision	finance	年龄 25—82；人物 []；门槛 {"all":[],"any":[],"none":[]}	一笔投资号称可能翻倍，销售说错过这周就没有额度。	只投小额验证 → 你只放进能承受损失的钱，拒绝追加。	[{"type":"tag","target":"history","value":"finance:deliberate"},{"type":"add","target":"agency","value":4},{"type":"add","target":"finance.cash","value":0},{"type":"add","target":"pressures.money","value":-2}]	echo_112@1—3年：那次投资后来给了最直接的收益数字。；项目失败后损失有限，也看清了所谓保本承诺。；效果 [{"type":"add","target":"agency","value":1},{"type":"tag","target":"history","value":"echo:finance"}]	riskSense/riskShift；准备“只投小额验证”时，“只投小额验证”要真的走得通，得先找出最容易留下后患的那一步。；“只投小额验证”照样有代价，不过最容易出问题的地方提前被看见了。 你这次走的是“只投小额验证”。	无	三代理混排复核完成；已发现项已修正
decision_112	decision_112_choice_2	decision	finance	年龄 25—82；人物 []；门槛 {"all":[],"any":[],"none":[]}	一笔投资号称可能翻倍，销售说错过这周就没有额度。	集中资金押上 → 你把大半存款转入，期待这次改变资产规模。	[{"type":"tag","target":"history","value":"finance:negotiated"},{"type":"add","target":"agency","value":3},{"type":"add","target":"finance.cash","value":0},{"type":"add","target":"pressures.money","value":2}]	echo_112@2—4年：那次投资后来给了最直接的收益数字。；行情翻转时本金被套，生活备用金也一起锁住。；效果 [{"type":"add","target":"capabilities.resilience","value":1},{"type":"tag","target":"history","value":"echo:finance"}]	无	无	三代理混排复核完成；已发现项已修正
decision_112	decision_112_choice_3	decision	finance	年龄 25—82；人物 []；门槛 {"all":[],"any":[],"none":[]}	一笔投资号称可能翻倍，销售说错过这周就没有额度。	不投，留现金 → 你关掉页面，钱仍在随时能取的账户。	[{"type":"tag","target":"history","value":"finance:risk"},{"type":"add","target":"agency","value":2},{"type":"add","target":"finance.cash","value":0},{"type":"add","target":"pressures.money","value":-1}]	echo_112@3—5年：那次投资后来给了最直接的收益数字。；后来确有一波上涨，你错过收益，也没有跟着下跌。；效果 [{"type":"add","target":"pressures.money","value":4},{"type":"tag","target":"history","value":"echo:finance"}]	无	无	三代理混排复核完成；已发现项已修正
decision_113	decision_113_choice_1	decision	finance	年龄 50—105；人物 []；门槛 {"all":[],"any":[],"none":[]}	家庭财务盘点时，账户、欠款和担保一项都不能漏。	把所有账和联系人列清 → 你逐项核对余额、利率、到期日和真实债权人，把担保另列一栏。	[{"type":"tag","target":"history","value":"finance:deliberate"},{"type":"add","target":"agency","value":4},{"type":"add","target":"finance.cash","value":-6000},{"type":"add","target":"pressures.money","value":-3}]	echo_113@1—3年：那张债务清单后来少了几笔说不清的账。；下次调整还款顺序时，家里不再只看每月最低金额。；效果 [{"type":"add","target":"agency","value":1},{"type":"tag","target":"history","value":"echo:finance"}]	evidence/resultVariant；准备“把所有账和联系人列清”时，这次多了一步准备：先把日期、凭据和能复核的细节放在手边。；结果仍不确定；该留下的凭据没有缺席。 你这次走的是“把所有账和联系人列清”。	住房债务	三代理混排复核完成；已发现项已修正
decision_113	decision_113_choice_2	decision	finance	年龄 50—105；人物 []；门槛 {"all":[],"any":[],"none":[]}	家庭财务盘点时，账户、欠款和担保一项都不能漏。	只整理自己记得的账 → 你写下常用账户，却漏了很少登录的平台和一笔旧担保。	[{"type":"tag","target":"history","value":"finance:negotiated"},{"type":"add","target":"agency","value":3},{"type":"add","target":"finance.cash","value":-15000},{"type":"add","target":"pressures.money","value":1}]	echo_113@2—4年：那张债务清单后来少了几笔说不清的账。；催款通知到来后，全家只好重新核对一次。；效果 [{"type":"add","target":"capabilities.resilience","value":1},{"type":"tag","target":"history","value":"echo:finance"}]	无	住房债务	三代理混排复核完成；已发现项已修正
decision_113	decision_113_choice_3	decision	finance	年龄 50—105；人物 []；门槛 {"all":[],"any":[],"none":[]}	家庭财务盘点时，账户、欠款和担保一项都不能漏。	先标出高风险债务 → 你暂停讨论资产分配，把逾期、担保和高息项目按到期日单独列出。	[{"type":"tag","target":"history","value":"finance:risk"},{"type":"add","target":"agency","value":2},{"type":"add","target":"finance.cash","value":8000},{"type":"add","target":"pressures.money","value":6}]	echo_113@3—5年：那张债务清单后来少了几笔说不清的账。；下一次安排还款时，最危险的几项不再藏在总数里。；效果 [{"type":"add","target":"pressures.money","value":4},{"type":"tag","target":"history","value":"echo:finance"}]	无	住房债务	三代理混排复核完成；已发现项已修正
decision_114	decision_114_choice_1	decision	health	年龄 3—80；人物 []；门槛 {"all":[{"path":"health.status","op":"in","value":["monitoring","treating","recovering"]},{"path":"health.conditionSeverity","op":"gte","value":5}],"any":[],"none":[]}	这些检查，你打算怎么处理？	按要求完成检查和复核 → 你带齐旧报告完成检查，也把症状出现的时间逐项说清。医生据此确定下一步治疗。	[{"type":"tag","target":"history","value":"health:confirmed"},{"type":"add","target":"agency","value":4},{"type":"healthRecovery","target":"health","value":7,"resolve":false},{"type":"add","target":"health.mental","value":2},{"type":"add","target":"pressures.body","value":-3},{"type":"add","target":"finance.cash","value":-3000}]	echo_114@1—3年：那张复查单后来接上了新的记录。；后续转诊时，新旧报告能沿着同一条时间线阅读。；效果 [{"type":"add","target":"agency","value":1},{"type":"tag","target":"history","value":"echo:health"}]	healthLiteracy/riskShift；准备“按要求完成检查和复核”时，你没有急着选，先把身体反应和该问医生的事记下来。；多出来的差别很具体：身体的信号被带进了决定里。 你这次走的是“按要求完成检查和复核”。	健康照护、职业资产	三代理混排复核完成；已发现项已修正
decision_114	decision_114_choice_2	decision	health	年龄 3—80；人物 []；门槛 {"all":[{"path":"health.status","op":"in","value":["monitoring","treating","recovering"]},{"path":"health.conditionSeverity","op":"gte","value":5}],"any":[],"none":[]}	这些检查，你打算怎么处理？	先观察，但约好明确日期 → 你把复查日期写进日历，记录症状、用药和活动变化，没有自行下诊断。	[{"type":"tag","target":"history","value":"health:scheduled_review"},{"type":"add","target":"agency","value":3},{"type":"healthRecovery","target":"health","value":5,"resolve":false},{"type":"add","target":"health.mental","value":1},{"type":"add","target":"pressures.body","value":-1},{"type":"add","target":"finance.cash","value":-1000}]	echo_114@2—4年：那张复查单后来接上了新的记录。；症状回来时预约仍在，不必重新从零说明。；效果 [{"type":"add","target":"capabilities.resilience","value":1},{"type":"tag","target":"history","value":"echo:health"}]	无	健康照护	三代理混排复核完成；已发现项已修正
decision_114	decision_114_choice_3	decision	health	年龄 3—80；人物 []；门槛 {"all":[{"path":"health.status","op":"in","value":["monitoring","treating","recovering"]},{"path":"health.conditionSeverity","op":"gte","value":5}],"any":[],"none":[]}	这些检查，你打算怎么处理？	把报告收起，继续硬撑 → 你取消了复查提醒，照旧处理工作和家务。一次更重的不适让原来的安排全部停下。	[{"type":"tag","target":"history","value":"health:delayed"},{"type":"add","target":"agency","value":2},{"type":"healthIncident","target":"health","value":9,"condition":"delayedAssessment"},{"type":"add","target":"health.mental","value":-3},{"type":"add","target":"pressures.body","value":5},{"type":"add","target":"finance.cash","value":0}]	echo_114@3—5年：那张复查单后来接上了新的记录。；再次到医院时，缺失的观察记录只能重新补。；效果 [{"type":"add","target":"pressures.body","value":4},{"type":"tag","target":"history","value":"echo:health"}]	无	无	三代理混排复核完成；已发现项已修正
decision_115	decision_115_choice_1	decision	health	年龄 4—85；人物 []；门槛 {"all":[],"any":[],"none":[]}	治疗和生活，怎么同时顾？	停下部分安排，完成主要治疗 → 你和能协助的人停下部分日常安排，把最急的责任交给能接手的人，按疗程开始处理。	[{"type":"tag","target":"history","value":"health:treated"},{"type":"add","target":"agency","value":4},{"type":"healthRecovery","target":"health","value":16,"resolve":false},{"type":"add","target":"health.mental","value":3},{"type":"add","target":"pressures.body","value":-5},{"type":"add","target":"finance.cash","value":-9000}]	echo_115@1—3年：那次是否按计划治疗，后来反映在身体和日历上。；康复评估开始时，主要治疗记录是完整的。；效果 [{"type":"add","target":"agency","value":1},{"type":"tag","target":"history","value":"echo:health"}]	boundary/resultVariant；准备“停下部分安排，完成主要治疗”时，“停下部分责任，完成主要治疗”要真的走得通，得先把愿意承担和不能接受的部分分别说清。；“停下部分责任，完成主要治疗”照样有代价，不过你的界线没有在点头时一起让出去。 你这次走的是“停下部分安排，完成主要治疗”。	健康照护	三代理混排复核完成；已发现项已修正
decision_115	decision_115_choice_2	decision	health	年龄 4—85；人物 []；门槛 {"all":[],"any":[],"none":[]}	治疗和生活，怎么同时顾？	保留必要生活，分段完成治疗 → 你把治疗拆进每周安排，提前圈出被占用的时段。恢复慢一些，方案没有中断。	[{"type":"tag","target":"history","value":"health:adapted"},{"type":"add","target":"agency","value":3},{"type":"healthRecovery","target":"health","value":11,"resolve":false},{"type":"add","target":"health.mental","value":1},{"type":"add","target":"pressures.body","value":-2},{"type":"add","target":"finance.cash","value":-5000}]	echo_115@2—4年：那次是否按计划治疗，后来反映在身体和日历上。；复诊时每次调整都有前一次记录可查。；效果 [{"type":"add","target":"capabilities.resilience","value":1},{"type":"tag","target":"history","value":"echo:health"}]	无	健康照护	三代理混排复核完成；已发现项已修正
decision_115	decision_115_choice_3	decision	health	年龄 4—85；人物 []；门槛 {"all":[],"any":[],"none":[]}	治疗和生活，怎么同时顾？	继续拖延，只处理最痛的症状 → 你两次取消门诊，只在难以忍受时临时用药。急诊那天，原来的日常安排全部停了下来。	[{"type":"tag","target":"history","value":"health:worsened"},{"type":"add","target":"agency","value":2},{"type":"healthIncident","target":"health","value":14,"condition":"treatmentDelay"},{"type":"add","target":"health.mental","value":-4},{"type":"add","target":"pressures.body","value":7},{"type":"add","target":"finance.cash","value":-2000}]	echo_115@3—5年：那次是否按计划治疗，后来反映在身体和日历上。；后续方案不得不先处理拖延造成的新问题。；效果 [{"type":"add","target":"pressures.body","value":4},{"type":"tag","target":"history","value":"echo:health"}]	无	健康照护	三代理混排复核完成；已发现项已修正
decision_116	decision_116_choice_1	decision	health	年龄 6—90；人物 []；门槛 {"all":[],"any":[],"none":[]}	康复从哪件事开始？	按评定做训练并持续复诊 → 你从一件具体动作开始，每周记录能否独立完成。训练量按身体反应调整。	[{"type":"tag","target":"history","value":"health:rehabilitated"},{"type":"add","target":"agency","value":4},{"type":"healthRecovery","target":"health","value":18,"resolve":false},{"type":"add","target":"health.mental","value":4},{"type":"add","target":"pressures.body","value":-6},{"type":"add","target":"finance.cash","value":-6000}]	echo_116@1—3年：那段康复训练后来留下了实际差别。；几个月后，能自己完成的事情一点点多回来。；效果 [{"type":"add","target":"agency","value":1},{"type":"tag","target":"history","value":"echo:health"}]	resilience/riskShift；准备“按评定做训练并持续复诊”时，这次多了一步准备：先给最坏的结果留一条还能继续的路。；结果仍不确定；这一下没有堵死后面的路。 你这次走的是“按评定做训练并持续复诊”。	无	三代理混排复核完成；已发现项已修正
decision_116	decision_116_choice_2	decision	health	年龄 6—90；人物 []；门槛 {"all":[],"any":[],"none":[]}	康复从哪件事开始？	先用辅助工具稳住生活 → 你接受扶手和辅助器具，不再把借助工具当成失败。日常先恢复了安全。	[{"type":"tag","target":"history","value":"health:assisted"},{"type":"add","target":"agency","value":3},{"type":"healthRecovery","target":"health","value":12,"resolve":false},{"type":"add","target":"health.mental","value":2},{"type":"add","target":"pressures.body","value":-3},{"type":"add","target":"finance.cash","value":-4000}]	echo_116@2—4年：那段康复训练后来留下了实际差别。；生活稳定后，训练也有了继续推进的体力。；效果 [{"type":"add","target":"capabilities.resilience","value":1},{"type":"tag","target":"history","value":"echo:health"}]	无	无	三代理混排复核完成；已发现项已修正
decision_116	decision_116_choice_3	decision	health	年龄 6—90；人物 []；门槛 {"all":[],"any":[],"none":[]}	康复从哪件事开始？	拒绝评定，只靠自己硬撑 → 你取消康复复诊，疼的时候也不肯停。一次跌倒把原本能恢复的进度推回去。	[{"type":"tag","target":"history","value":"health:setback"},{"type":"add","target":"agency","value":2},{"type":"healthIncident","target":"health","value":12,"condition":"rehabSetback"},{"type":"add","target":"health.mental","value":-4},{"type":"add","target":"pressures.body","value":7},{"type":"add","target":"finance.cash","value":-1000}]	echo_116@3—5年：那段康复训练后来留下了实际差别。；重新评估时，目标不得不从更基础的动作开始。；效果 [{"type":"add","target":"pressures.body","value":4},{"type":"tag","target":"history","value":"echo:health"}]	无	无	三代理混排复核完成；已发现项已修正
decision_117	decision_117_choice_1	decision	health	年龄 8—95；人物 []；门槛 {"all":[],"any":[],"none":[]}	从今天起，身体这件事怎么过？	好了。以后定期查查就行 → 最后一次复诊。医生说当前的问题不用继续治了——以后常规检查就行。	[{"type":"tag","target":"history","value":"health:cured"},{"type":"add","target":"agency","value":4},{"type":"healthRecovery","target":"health","value":30,"resolve":true},{"type":"add","target":"health.mental","value":5},{"type":"add","target":"pressures.body","value":-6},{"type":"add","target":"finance.cash","value":-2000}]	echo_117@1—3年：病历合上的时候，你知道以后每天早上先做什么了。；病过去了。身体和从前不完全一样，但已经不用围着医院转了。；效果 [{"type":"add","target":"agency","value":1},{"type":"tag","target":"history","value":"echo:health"}]	healthLiteracy/riskShift；准备“好了。以后定期查查就行”时，动手以前，你决定把身体反应和该问医生的事记下来，再看要不要“好了。以后定期查查就行”。；结果落定时，身体的信号被带进了决定里。 你这次走的是“好了。以后定期查查就行”。	职业资产	三代理混排复核完成；已发现项已修正
decision_117	decision_117_choice_2	decision	health	年龄 8—95；人物 []；门槛 {"all":[],"any":[],"none":[]}	从今天起，身体这件事怎么过？	断不了根。但能管住 → 以后得一直盯着。生活不用为它停，但它也不会自己走。	[{"type":"tag","target":"history","value":"health:managed"},{"type":"add","target":"agency","value":3},{"type":"healthRecovery","target":"health","value":16,"resolve":false},{"type":"add","target":"health.mental","value":2},{"type":"add","target":"pressures.body","value":-3},{"type":"add","target":"finance.cash","value":-1800},{"type":"set","target":"health.status","value":"managed"}]	echo_117@2—4年：病历合上的时候，你知道以后每天早上先做什么了。；日子继续过。多了些麻烦，但没乱。；效果 [{"type":"add","target":"capabilities.resilience","value":1},{"type":"tag","target":"history","value":"echo:health"}]	无	无	三代理混排复核完成；已发现项已修正
decision_117	decision_117_choice_3	decision	health	年龄 8—95；人物 []；门槛 {"all":[],"any":[],"none":[]}	从今天起，身体这件事怎么过？	认了。能保住多少算多少 → 有些东西确实恢复不了了。你开始重新安排日常——把还能做的和已经不行的分开。	[{"type":"tag","target":"history","value":"health:limited"},{"type":"add","target":"agency","value":2},{"type":"healthRecovery","target":"health","value":8,"resolve":false},{"type":"add","target":"health.mental","value":0},{"type":"add","target":"pressures.body","value":2},{"type":"add","target":"finance.cash","value":-5000},{"type":"set","target":"health.status","value":"limited"},{"type":"set","target":"health.disability","value":"persistent"}]	echo_117@3—5年：病历合上的时候，你知道以后每天早上先做什么了。；生活比以前小了，但不是停了。能做的那部分，你慢慢找到了新的办法。；效果 [{"type":"add","target":"pressures.body","value":4},{"type":"tag","target":"history","value":"echo:health"}]	无	无	三代理混排复核完成；已发现项已修正
decision_117	decision_117_choice_4	decision	health	年龄 8—95；人物 []；门槛 {"all":[],"any":[],"none":[]}	从今天起，身体这件事怎么过？	先停一停。太累了 → 你跟医生说眼下不想再追新的方案了。医生把复诊方式和要注意的信号写给了你。	[{"type":"tag","target":"history","value":"health:treatment_exit"},{"type":"add","target":"agency","value":1},{"type":"healthIncident","target":"health","value":5,"condition":"treatmentExit"},{"type":"add","target":"health.mental","value":-2},{"type":"add","target":"pressures.body","value":4},{"type":"add","target":"finance.cash","value":0},{"type":"set","target":"health.status","value":"treating"}]	echo_117@4—6年：病历合上的时候，你知道以后每天早上先做什么了。；复诊的联系方式收在抽屉里。没扔。眼下是不想再去了——没说永远不去。；效果 [{"type":"add","target":"pressures.body","value":4},{"type":"tag","target":"history","value":"echo:health"}]	无	职业资产	三代理混排复核完成；已发现项已修正
decision_118	decision_118_choice_1	decision	health	年龄 12—90；人物 []；门槛 {"all":[],"any":[{"path":"health.status","op":"eq","value":"limited"},{"path":"health.conditionSeverity","op":"gte","value":35},{"path":"health.disability","op":"neq","value":"none"}],"none":[]}	有些东西回不来了。越早面对，能留住的越多。	尽快评估康复 → 你做完评估，训练从最具体的一件事开始。	[{"type":"tag","target":"history","value":"health:deliberate"},{"type":"add","target":"agency","value":4},{"type":"healthRecovery","target":"health","value":17,"resolve":false},{"type":"add","target":"health.mental","value":3},{"type":"add","target":"pressures.body","value":-5},{"type":"add","target":"finance.cash","value":-8000}]	echo_118@1—3年：那次功能评估后来决定了康复起点。；恢复没有回到从前，却超过了最初的保守预估。；效果 [{"type":"add","target":"agency","value":1},{"type":"tag","target":"history","value":"echo:health"}]	healthLiteracy/riskShift；准备“尽快评估康复”时，这次多做了一层准备：把身体反应和该问医生的事记下来。；回头看这一步，身体的信号被带进了决定里。 你这次走的是“尽快评估康复”。	职业资产	三代理混排复核完成；已发现项已修正
decision_118	decision_118_choice_2	decision	health	年龄 12—90；人物 []；门槛 {"all":[],"any":[{"path":"health.status","op":"eq","value":"limited"},{"path":"health.conditionSeverity","op":"gte","value":35},{"path":"health.disability","op":"neq","value":"none"}],"none":[]}	有些东西回不来了。越早面对，能留住的越多。	先用工具适应 → 你装上扶手和辅助设备，让日常先能继续。	[{"type":"tag","target":"history","value":"health:negotiated"},{"type":"add","target":"agency","value":3},{"type":"healthRecovery","target":"health","value":9,"resolve":false},{"type":"add","target":"health.mental","value":1},{"type":"add","target":"pressures.body","value":-2},{"type":"add","target":"finance.cash","value":-3000}]	echo_118@2—4年：那次功能评估后来决定了康复起点。；工具留了下来，也为后续康复争取了体力。；效果 [{"type":"add","target":"capabilities.resilience","value":1},{"type":"tag","target":"history","value":"echo:health"}]	无	无	三代理混排复核完成；已发现项已修正
decision_118	decision_118_choice_3	decision	health	年龄 12—90；人物 []；门槛 {"all":[],"any":[{"path":"health.status","op":"eq","value":"limited"},{"path":"health.conditionSeverity","op":"gte","value":35},{"path":"health.disability","op":"neq","value":"none"}],"none":[]}	有些东西回不来了。越早面对，能留住的越多。	拒绝评估硬撑 → 你不愿留下诊断记录，照旧独自处理。	[{"type":"tag","target":"history","value":"health:risk"},{"type":"add","target":"agency","value":2},{"type":"healthIncident","target":"health","value":12,"condition":"limitation"},{"type":"add","target":"health.mental","value":-3},{"type":"add","target":"pressures.body","value":6},{"type":"add","target":"finance.cash","value":0},{"type":"set","target":"health.disability","value":"persistent"},{"type":"set","target":"health.status","value":"limited"}]	echo_118@3—5年：那次功能评估后来决定了康复起点。；限制慢慢固定，原本能训练的窗口也缩小了。；效果 [{"type":"add","target":"pressures.body","value":4},{"type":"tag","target":"history","value":"echo:health"}]	无	无	三代理混排复核完成；已发现项已修正
decision_119	decision_119_choice_1	decision	health	年龄 16—95；人物 []；门槛 {"all":[],"any":[],"none":[]}	照护把家里人都拖住了。钱在往外走，能帮忙的都帮过了。	花钱请专业的人来 → 你咬牙请了专业照护。贵。但晚上终于有人替你盯那几小时。	[{"type":"tag","target":"history","value":"health:deliberate"},{"type":"add","target":"agency","value":4},{"type":"healthRecovery","target":"health","value":15,"resolve":false},{"type":"add","target":"health.mental","value":3},{"type":"add","target":"pressures.body","value":-5},{"type":"add","target":"finance.cash","value":-8000}]	echo_119@1—3年：那份照护安排后来经受了真实消耗。；账单不少，身体倒是明显好起来了——不用再等家里人下班赶过来。；效果 [{"type":"add","target":"agency","value":1},{"type":"tag","target":"history","value":"echo:health"}]	careSkill/resultVariant；准备“花钱请专业的人来”时，眼前仍要你自己选；牌能帮的，是顾到每天真正需要被照看的地方。；这次仍要由你承担后果；需要照看的日常没有被一句承诺带过。 你这次走的是“花钱请专业的人来”。	健康照护	三代理混排复核完成；已发现项已修正
decision_119	decision_119_choice_2	decision	health	年龄 16—95；人物 []；门槛 {"all":[],"any":[],"none":[]}	照护把家里人都拖住了。钱在往外走，能帮忙的都帮过了。	让家里能来的人再撑一撑 → 你把能帮忙的人又找了一遍——陪诊的、取药的、晚上陪着的，都答应了。你也知道大家还有自己的日子。	[{"type":"tag","target":"history","value":"health:negotiated"},{"type":"add","target":"agency","value":3},{"type":"healthRecovery","target":"health","value":9,"resolve":false},{"type":"add","target":"health.mental","value":1},{"type":"add","target":"pressures.body","value":-2},{"type":"add","target":"finance.cash","value":-3000}]	echo_119@2—4年：那份照护安排后来经受了真实消耗。；撑了一阵。后来有人开始顾不过来了，但总归有人在。事没断。；效果 [{"type":"add","target":"capabilities.resilience","value":1},{"type":"tag","target":"history","value":"echo:health"}]	无	健康照护	三代理混排复核完成；已发现项已修正
decision_119	decision_119_choice_3	decision	health	年龄 16—95；人物 []；门槛 {"all":[],"any":[],"none":[]}	照护把家里人都拖住了。钱在往外走，能帮忙的都帮过了。	算了。不想再拖累任何人了 → 你没再找人。能自己做的自己做，做不了的先放着。有人问起，你说还行。	[{"type":"tag","target":"history","value":"health:risk"},{"type":"add","target":"agency","value":2},{"type":"healthIncident","target":"health","value":10,"condition":"limitation"},{"type":"add","target":"health.mental","value":-3},{"type":"add","target":"pressures.body","value":6},{"type":"add","target":"finance.cash","value":0}]	echo_119@3—5年：那份照护安排后来经受了真实消耗。；身体替你回答了那句"还行"——情况往下走了一截。以后再想恢复，要花的力气更大了。；效果 [{"type":"add","target":"pressures.body","value":4},{"type":"tag","target":"history","value":"echo:health"}]	无	健康照护	三代理混排复核完成；已发现项已修正
decision_120	decision_120_choice_1	decision	health	年龄 25—100；人物 []；门槛 {"all":[],"any":[],"none":[]}	又是这张表。和上个月一模一样。还练吗？	换种练法。不急 → 康复师把训练量减了一半，说慢就是快。你不再每天对着那张表较劲了。	[{"type":"tag","target":"history","value":"health:deliberate"},{"type":"add","target":"agency","value":4},{"type":"healthRecovery","target":"health","value":18,"resolve":false},{"type":"add","target":"health.mental","value":3},{"type":"add","target":"pressures.body","value":-5},{"type":"add","target":"finance.cash","value":-8000}]	echo_120@1—3年：那段平台期后来并非没有结果。；数字还是动得很慢，能完成的日常却多了一点。；效果 [{"type":"add","target":"agency","value":1},{"type":"tag","target":"history","value":"echo:health"}]	resilience/riskShift；准备“换种练法。不急”时，你没有急着选，先给最坏的结果留一条还能继续的路。；多出来的差别很具体：这一下没有堵死后面的路。 你这次走的是“换种练法。不急”。	无	三代理混排复核完成；已发现项已修正
decision_120	decision_120_choice_2	decision	health	年龄 25—100；人物 []；门槛 {"all":[],"any":[],"none":[]}	又是这张表。和上个月一模一样。还练吗？	算了。把能改的改了，日子照过 → 你把家里重新收拾了一遍。不再天天盯着那个数字以后，反而轻松了。	[{"type":"tag","target":"history","value":"health:negotiated"},{"type":"add","target":"agency","value":3},{"type":"healthRecovery","target":"health","value":10,"resolve":false},{"type":"add","target":"health.mental","value":1},{"type":"add","target":"pressures.body","value":-2},{"type":"add","target":"finance.cash","value":-3000}]	echo_120@2—4年：那段平台期后来并非没有结果。；生活比从前小了一圈。但节奏是自己的了——不用再为了"恢复"赶路。；效果 [{"type":"add","target":"capabilities.resilience","value":1},{"type":"tag","target":"history","value":"echo:health"}]	无	无	三代理混排复核完成；已发现项已修正
decision_120	decision_120_choice_3	decision	health	年龄 25—100；人物 []；门槛 {"all":[],"any":[],"none":[]}	又是这张表。和上个月一模一样。还练吗？	不练了。看见那张表就烦 → 你取消了下周的复诊。训练器材推到床底下，不想再看见。	[{"type":"tag","target":"history","value":"health:risk"},{"type":"add","target":"agency","value":2},{"type":"healthIncident","target":"health","value":11,"condition":"limitation"},{"type":"add","target":"health.mental","value":-3},{"type":"add","target":"pressures.body","value":6},{"type":"add","target":"finance.cash","value":0}]	echo_120@3—5年：那段平台期后来并非没有结果。；过了几周你想起身拿个杯子——发现比之前还费劲。；效果 [{"type":"add","target":"pressures.body","value":4},{"type":"tag","target":"history","value":"echo:health"}]	无	无	三代理混排复核完成；已发现项已修正
decision_121	decision_121_choice_1	decision	health	年龄 45—105；人物 []；门槛 {"all":[],"any":[],"none":[]}	多年治疗后，你要决定继续追求治愈、带病生活，还是停止消耗。	完成治疗和医疗意愿 → 你把方案与授权写清，继续做能承受的治疗。	[{"type":"tag","target":"history","value":"health:deliberate"},{"type":"add","target":"agency","value":4},{"type":"healthRecovery","target":"health","value":24,"resolve":true},{"type":"add","target":"health.mental","value":3},{"type":"add","target":"pressures.body","value":-5},{"type":"add","target":"finance.cash","value":-8000}]	echo_121@1—3年：最后那份医疗决定让家人不必猜。；情况变化时，医生和家人都按你签过的意思办。；效果 [{"type":"add","target":"agency","value":1},{"type":"tag","target":"history","value":"echo:health"}]	boundary/resultVariant；准备“完成治疗和医疗意愿”时，“完成治疗和医疗意愿”要真的走得通，得先把愿意承担和不能接受的部分分别说清。；“完成治疗和医疗意愿”照样有代价，不过你的界线没有在点头时一起让出去。 你这次走的是“完成治疗和医疗意愿”。	健康照护	三代理混排复核完成；已发现项已修正
decision_121	decision_121_choice_2	decision	health	年龄 45—105；人物 []；门槛 {"all":[],"any":[],"none":[]}	多年治疗后，你要决定继续追求治愈、带病生活，还是停止消耗。	维持管理保留自主 → 你减少激进治疗，保住清醒和日常能力。	[{"type":"tag","target":"history","value":"health:negotiated"},{"type":"add","target":"agency","value":3},{"type":"healthRecovery","target":"health","value":13,"resolve":true},{"type":"add","target":"health.mental","value":1},{"type":"add","target":"pressures.body","value":-2},{"type":"add","target":"finance.cash","value":-3000},{"type":"set","target":"health.status","value":"managed"}]	echo_121@2—4年：最后那份医疗决定让家人不必猜。；病一直在，能自己决定的时间也多留了一段。；效果 [{"type":"add","target":"capabilities.resilience","value":1},{"type":"tag","target":"history","value":"echo:health"}]	无	健康照护	三代理混排复核完成；已发现项已修正
decision_121	decision_121_choice_3	decision	health	年龄 45—105；人物 []；门槛 {"all":[],"any":[],"none":[]}	多年治疗后，你要决定继续追求治愈、带病生活，还是停止消耗。	停止治疗不再讨论 → 你拒绝新的方案，只接受舒缓照护。	[{"type":"tag","target":"history","value":"health:risk"},{"type":"add","target":"agency","value":2},{"type":"healthIncident","target":"health","value":12,"condition":"limitation"},{"type":"add","target":"health.mental","value":-3},{"type":"add","target":"pressures.body","value":6},{"type":"add","target":"finance.cash","value":0}]	echo_121@3—5年：最后那份医疗决定让家人不必猜。；家人最终尊重决定，把时间用在陪伴而不是劝说。；效果 [{"type":"add","target":"pressures.body","value":4},{"type":"tag","target":"history","value":"echo:health"}]	无	健康照护	三代理混排复核完成；已发现项已修正
decision_122	decision_122_choice_1	decision	habits	年龄 18—70；人物 []；门槛 {"all":[{"path":"habits.type","op":"eq","value":"none"},{"path":"habits.stage","op":"eq","value":"none"}],"any":[],"none":[]}	群里的下注链接还开着。第一笔钱，你要不要放进去？	不下注。删了 → 你没转钱。也退出了聊赔率的群。	[{"type":"tag","target":"history","value":"habits:ordinary_exit"},{"type":"add","target":"agency","value":4},{"type":"set","target":"habits.type","value":"none"},{"type":"set","target":"habits.stage","value":"none"},{"type":"set","target":"habits.recoveryYears","value":0},{"type":"add","target":"habits.risk","value":-8},{"type":"add","target":"finance.cash","value":-500},{"type":"add","target":"pressures.money","value":-4}]	echo_122@1—3年：那场比赛结束了——继不继续，从这分了叉。；下一次比赛开始的时候，手机没再弹出下注提醒。；效果 [{"type":"add","target":"agency","value":1},{"type":"tag","target":"history","value":"echo:habits"}]	riskSense/riskShift；准备“不下注。删了”时，你没有急着选，先找出最容易留下后患的那一步。；多出来的差别很具体：最容易出问题的地方提前被看见了。 你这次走的是“不下注。删了”。	无	三代理混排复核完成；已发现项已修正
decision_122	decision_122_choice_2	decision	habits	年龄 18—70；人物 []；门槛 {"all":[{"path":"habits.type","op":"eq","value":"none"},{"path":"habits.stage","op":"eq","value":"none"}],"any":[],"none":[]}	群里的下注链接还开着。第一笔钱，你要不要放进去？	就下一把。记个数 → 你留着付款记录。告诉自己金额还在预算里头。	[{"type":"tag","target":"history","value":"habits:monitoring"},{"type":"add","target":"agency","value":3},{"type":"set","target":"habits.type","value":"gambling"},{"type":"set","target":"habits.stage","value":"exposed"},{"type":"set","target":"habits.recoveryYears","value":0},{"type":"add","target":"habits.risk","value":2},{"type":"add","target":"finance.cash","value":-2500},{"type":"add","target":"pressures.money","value":0}]	echo_122@2—4年：那场比赛结束了——继不继续，从这分了叉。；记下来的不止一笔。原来定的那条线——被改过了。；效果 [{"type":"add","target":"capabilities.resilience","value":1},{"type":"tag","target":"history","value":"echo:habits"}]	无	无	三代理混排复核完成；已发现项已修正
decision_122	decision_122_choice_3	decision	habits	年龄 18—70；人物 []；门槛 {"all":[{"path":"habits.type","op":"eq","value":"none"},{"path":"habits.stage","op":"eq","value":"none"}],"any":[],"none":[]}	群里的下注链接还开着。第一笔钱，你要不要放进去？	跟着下。群里都在玩 → 第一笔输了。你又追了两次。想把钱拿回来。	[{"type":"tag","target":"history","value":"habits:repeating"},{"type":"add","target":"agency","value":2},{"type":"set","target":"habits.type","value":"gambling"},{"type":"set","target":"habits.stage","value":"repeating"},{"type":"set","target":"habits.recoveryYears","value":0},{"type":"add","target":"habits.risk","value":8},{"type":"add","target":"finance.cash","value":-6000},{"type":"add","target":"pressures.money","value":0}]	echo_122@3—5年：那场比赛结束了——继不继续，从这分了叉。；月底对账。小笔的连成了一道明摆着的口子。；效果 [{"type":"add","target":"pressures.money","value":4},{"type":"tag","target":"history","value":"echo:habits"}]	无	无	三代理混排复核完成；已发现项已修正
decision_123	decision_123_choice_1	decision	habits	年龄 18—70；人物 []；门槛 {"all":[{"path":"habits.type","op":"eq","value":"gambling"},{"path":"habits.risk","op":"gte","value":1},{"path":"habits.stage","op":"in","value":["exposed","repeating"]}],"any":[],"none":[]}	一直下注这事，怎么收？	不下了。流水全摊出来 → 输了多少你全摆上桌。下注的入口关了。已经输掉的钱——不再算成"能追回来"。	[{"type":"tag","target":"history","value":"habits:stopped"},{"type":"add","target":"agency","value":4},{"type":"set","target":"habits.type","value":"none"},{"type":"set","target":"habits.stage","value":"none"},{"type":"set","target":"habits.recoveryYears","value":0},{"type":"add","target":"habits.risk","value":-12},{"type":"add","target":"finance.cash","value":-500},{"type":"add","target":"pressures.money","value":-4}]	echo_123@1—3年：下不下——最后写在了流水和日子安排里。；后面的账从真的余额开始。没再等下一场翻本。；效果 [{"type":"add","target":"agency","value":1},{"type":"tag","target":"history","value":"echo:habits"}]	evidence/resultVariant；准备“不下了。流水全摊出来”时，“不下了。流水全摊出来”要真的走得通，得先把日期、凭据和能复核的细节放在手边。；“不下了。流水全摊出来”照样有代价，不过该留下的凭据没有缺席。 你这次走的是“不下了。流水全摊出来”。	无	三代理混排复核完成；已发现项已修正
decision_123	decision_123_choice_2	decision	habits	年龄 18—70；人物 []；门槛 {"all":[{"path":"habits.type","op":"eq","value":"gambling"},{"path":"habits.risk","op":"gte","value":1},{"path":"habits.stage","op":"in","value":["exposed","repeating"]}],"any":[],"none":[]}	一直下注这事，怎么收？	设个限。让人一起看 → 小额的留着。限额和每周的流水交给信得过的人一起对。	[{"type":"tag","target":"history","value":"habits:exposed"},{"type":"add","target":"agency","value":3},{"type":"set","target":"habits.type","value":"gambling"},{"type":"set","target":"habits.stage","value":"exposed"},{"type":"set","target":"habits.recoveryYears","value":0},{"type":"add","target":"habits.risk","value":1},{"type":"add","target":"finance.cash","value":-2500},{"type":"add","target":"pressures.money","value":0}]	echo_123@2—4年：下不下——最后写在了流水和日子安排里。；限挡住几次。风险还得接着看。；效果 [{"type":"add","target":"capabilities.resilience","value":1},{"type":"tag","target":"history","value":"echo:habits"}]	无	无	三代理混排复核完成；已发现项已修正
decision_123	decision_123_choice_3	decision	habits	年龄 18—70；人物 []；门槛 {"all":[{"path":"habits.type","op":"eq","value":"gambling"},{"path":"habits.risk","op":"gte","value":1},{"path":"habits.stage","op":"in","value":["exposed","repeating"]}],"any":[],"none":[]}	一直下注这事，怎么收？	藏起大的。小的先不下 → 单笔压小了。但总数仍藏着，做事时还在刷。	[{"type":"tag","target":"history","value":"habits:dependent"},{"type":"add","target":"agency","value":2},{"type":"set","target":"habits.type","value":"gambling"},{"type":"set","target":"habits.stage","value":"dependent"},{"type":"set","target":"habits.recoveryYears","value":0},{"type":"add","target":"habits.risk","value":7},{"type":"add","target":"finance.cash","value":-12000},{"type":"add","target":"pressures.money","value":6}]	echo_123@3—5年：下不下——最后写在了流水和日子安排里。；小的没停。管不住和藏着——慢慢固定下来了。；效果 [{"type":"add","target":"pressures.money","value":4},{"type":"tag","target":"history","value":"echo:habits"}]	无	无	三代理混排复核完成；已发现项已修正
decision_123	decision_123_choice_4	decision	habits	年龄 18—70；人物 []；门槛 {"all":[{"path":"habits.type","op":"eq","value":"gambling"},{"path":"habits.risk","op":"gte","value":1},{"path":"habits.stage","op":"in","value":["exposed","repeating"]}],"any":[],"none":[]}	一直下注这事，怎么收？	借生活费接着追 → 新借的转进了下注的户。想用一把结果把亏的全抹平。	[{"type":"tag","target":"history","value":"habits:uncontrolled"},{"type":"add","target":"agency","value":1},{"type":"set","target":"habits.type","value":"gambling"},{"type":"set","target":"habits.stage","value":"uncontrolled"},{"type":"set","target":"habits.recoveryYears","value":0},{"type":"add","target":"habits.risk","value":15},{"type":"add","target":"finance.cash","value":-36000},{"type":"add","target":"pressures.money","value":9},{"type":"addLiability","target":"finance.liabilities","value":40000,"kind":"habit","rate":0.14}]	echo_123@4—6年：下不下——最后写在了流水和日子安排里。；比赛完了。亏的和借的利息——一块留下来了。；效果 [{"type":"add","target":"pressures.money","value":4},{"type":"tag","target":"history","value":"echo:habits"}]	无	无	三代理混排复核完成；已发现项已修正
decision_124	decision_124_choice_1	decision	habits	年龄 18—82；人物 []；门槛 {"all":[{"path":"habits.type","op":"eq","value":"gambling"},{"path":"habits.risk","op":"gte","value":1},{"path":"habits.stage","op":"in","value":["dependent","uncontrolled"]}],"any":[],"none":[]}	下注已经挤进生活费和日常时间。现在先停哪一个口子？	不追了。流水摊开 → 输了多少——认了。真实的流水交给了信得过的人一起看。	[{"type":"tag","target":"history","value":"habits:assessed"},{"type":"add","target":"agency","value":4},{"type":"set","target":"habits.type","value":"gambling"},{"type":"set","target":"habits.stage","value":"treatment"},{"type":"set","target":"habits.recoveryYears","value":0},{"type":"add","target":"habits.risk","value":-12},{"type":"add","target":"finance.cash","value":-500},{"type":"add","target":"pressures.money","value":3}]	echo_124@1—3年：还追不追？；欠的没少。但新的下注——从今天停了。；效果 [{"type":"add","target":"agency","value":1},{"type":"tag","target":"history","value":"echo:habits"}]	boundary/resultVariant；准备“不追了。流水摊开”时，这次多了一步准备：先把愿意承担和不能接受的部分分别说清。；结果仍不确定；你的界线没有在点头时一起让出去。 你这次走的是“不追了。流水摊开”。	无	三代理混排复核完成；已发现项已修正
decision_124	decision_124_choice_2	decision	habits	年龄 18—82；人物 []；门槛 {"all":[{"path":"habits.type","op":"eq","value":"gambling"},{"path":"habits.risk","op":"gte","value":1},{"path":"habits.stage","op":"in","value":["dependent","uncontrolled"]}],"any":[],"none":[]}	下注已经挤进生活费和日常时间。现在先停哪一个口子？	设个限。先不跟人说 → 你压了单笔。总数还是藏在自己账户里头。	[{"type":"tag","target":"history","value":"habits:monitored"},{"type":"add","target":"agency","value":3},{"type":"set","target":"habits.type","value":"gambling"},{"type":"set","target":"habits.stage","value":"dependent"},{"type":"set","target":"habits.recoveryYears","value":0},{"type":"add","target":"habits.risk","value":3},{"type":"add","target":"finance.cash","value":-5000},{"type":"add","target":"pressures.money","value":6}]	echo_124@2—4年：还追不追？；限挡过几次。压力最大的那天——你自己改回去了。；效果 [{"type":"add","target":"capabilities.resilience","value":1},{"type":"tag","target":"history","value":"echo:habits"}]	无	无	三代理混排复核完成；已发现项已修正
decision_124	decision_124_choice_3	decision	habits	年龄 18—82；人物 []；门槛 {"all":[{"path":"habits.type","op":"eq","value":"gambling"},{"path":"habits.risk","op":"gte","value":1},{"path":"habits.stage","op":"in","value":["dependent","uncontrolled"]}],"any":[],"none":[]}	下注已经挤进生活费和日常时间。现在先停哪一个口子？	借一笔。翻本 → 钱到了接着下。生活费只留了一小撮。	[{"type":"tag","target":"history","value":"habits:declined"},{"type":"add","target":"agency","value":2},{"type":"set","target":"habits.type","value":"gambling"},{"type":"set","target":"habits.stage","value":"uncontrolled"},{"type":"set","target":"habits.recoveryYears","value":0},{"type":"add","target":"habits.risk","value":12},{"type":"add","target":"finance.cash","value":-18000},{"type":"add","target":"pressures.money","value":9},{"type":"addLiability","target":"finance.liabilities","value":40000,"kind":"habit","rate":0.14}]	echo_124@3—5年：还追不追？；比赛没把亏的吐回来。利息开始按月加了。；效果 [{"type":"add","target":"pressures.money","value":4},{"type":"tag","target":"history","value":"echo:habits"}]	无	无	三代理混排复核完成；已发现项已修正
decision_125	decision_125_choice_1	decision	habits	年龄 18—82；人物 []；门槛 {"all":[{"path":"habits.type","op":"eq","value":"gambling"},{"path":"habits.risk","op":"gte","value":1},{"path":"habits.stage","op":"in","value":["treatment","dependent","uncontrolled"]}],"any":[],"none":[]}	真实流水摆在桌上以后，治疗、还债和每天的日子怎么一起走？	治。也把大钱锁上 → 你约了专业的人。大笔转出去——需要经过额外确认。	[{"type":"tag","target":"history","value":"habits:recovery"},{"type":"add","target":"agency","value":4},{"type":"set","target":"habits.type","value":"gambling"},{"type":"set","target":"habits.stage","value":"recovery"},{"type":"set","target":"habits.recoveryYears","value":0},{"type":"add","target":"habits.risk","value":-15},{"type":"add","target":"finance.cash","value":-500},{"type":"add","target":"pressures.money","value":-4}]	echo_125@1—3年：停下来以后——你怎么守住？；一年以后，权限慢慢还回来。没一次全放。；效果 [{"type":"add","target":"agency","value":1},{"type":"tag","target":"history","value":"echo:habits"}]	cashBuffer/costShift；准备“治。也把大钱锁上”时，动手以前，你决定算清手里的缓冲能垫住哪一段，再看要不要“治。也把大钱锁上”。；结果落定时，缓冲只垫住眼前，没有假装风险已经消失。 你这次走的是“治。也把大钱锁上”。	健康照护	三代理混排复核完成；已发现项已修正
decision_125	decision_125_choice_2	decision	habits	年龄 18—82；人物 []；门槛 {"all":[{"path":"habits.type","op":"eq","value":"gambling"},{"path":"habits.risk","op":"gte","value":1},{"path":"habits.stage","op":"in","value":["treatment","dependent","uncontrolled"]}],"any":[],"none":[]}	真实流水摆在桌上以后，治疗、还债和每天的日子怎么一起走？	先还债。别的再看 → 新下注停了。按月还。流水还定期给人看。	[{"type":"tag","target":"history","value":"habits:continuing"},{"type":"add","target":"agency","value":3},{"type":"set","target":"habits.type","value":"gambling"},{"type":"set","target":"habits.stage","value":"treatment"},{"type":"set","target":"habits.recoveryYears","value":0},{"type":"add","target":"habits.risk","value":-6},{"type":"add","target":"finance.cash","value":-2500},{"type":"add","target":"pressures.money","value":3}]	echo_125@2—4年：停下来以后——你怎么守住？；债慢慢往下走。想翻本的念头——复诊的时候还得讲。；效果 [{"type":"add","target":"capabilities.resilience","value":1},{"type":"tag","target":"history","value":"echo:habits"}]	无	健康照护	三代理混排复核完成；已发现项已修正
decision_125	decision_125_choice_3	decision	habits	年龄 18—82；人物 []；门槛 {"all":[{"path":"habits.type","op":"eq","value":"gambling"},{"path":"habits.risk","op":"gte","value":1},{"path":"habits.stage","op":"in","value":["treatment","dependent","uncontrolled"]}],"any":[],"none":[]}	真实流水摆在桌上以后，治疗、还债和每天的日子怎么一起走？	换条路。接着下 → 你换了办法付钱。想一把全赢回来。	[{"type":"tag","target":"history","value":"habits:support_exit"},{"type":"add","target":"agency","value":2},{"type":"set","target":"habits.type","value":"gambling"},{"type":"set","target":"habits.stage","value":"dependent"},{"type":"set","target":"habits.recoveryYears","value":0},{"type":"add","target":"habits.risk","value":2},{"type":"add","target":"finance.cash","value":-12000},{"type":"add","target":"pressures.money","value":6}]	echo_125@3—5年：停下来以后——你怎么守住？；新的亏空暴露了。恢复的日子——重新算。；效果 [{"type":"add","target":"pressures.money","value":4},{"type":"tag","target":"history","value":"echo:habits"}]	无	健康照护	三代理混排复核完成；已发现项已修正
decision_125	decision_125_choice_4	decision	habits	年龄 18—82；人物 []；门槛 {"all":[{"path":"habits.type","op":"eq","value":"gambling"},{"path":"habits.risk","op":"gte","value":1},{"path":"habits.stage","op":"in","value":["treatment","dependent","uncontrolled"]}],"any":[],"none":[]}	真实流水摆在桌上以后，治疗、还债和每天的日子怎么一起走？	不看了。自己管 → 后面的预约全取消了。留着限额——但没人对触发和欠。	[{"type":"tag","target":"history","value":"habits:uncontrolled"},{"type":"add","target":"agency","value":1},{"type":"set","target":"habits.type","value":"gambling"},{"type":"set","target":"habits.stage","value":"uncontrolled"},{"type":"set","target":"habits.recoveryYears","value":0},{"type":"add","target":"habits.risk","value":14},{"type":"add","target":"finance.cash","value":-36000},{"type":"add","target":"pressures.money","value":9},{"type":"addLiability","target":"finance.liabilities","value":40000,"kind":"habit","rate":0.14}]	echo_125@4—6年：停下来以后——你怎么守住？；一阵子没新亏。压力来了——限被你反复改。；效果 [{"type":"add","target":"pressures.money","value":4},{"type":"tag","target":"history","value":"echo:habits"}]	无	健康照护	三代理混排复核完成；已发现项已修正
decision_126	decision_126_choice_1	decision	habits	年龄 20—90；人物 []；门槛 {"all":[{"path":"habits.type","op":"eq","value":"gambling"},{"path":"habits.stage","op":"eq","value":"recovery"},{"path":"habits.recoveryYears","op":"gte","value":1}],"any":[],"none":[]}	滑了这一下，你先干什么？	跟人说。联系原来的支持 → 你留着流水。告诉了治疗那边和家里——没拿下一场盖过这一场。	[{"type":"tag","target":"history","value":"habits:reported"},{"type":"add","target":"agency","value":4},{"type":"set","target":"habits.type","value":"gambling"},{"type":"set","target":"habits.stage","value":"treatment"},{"type":"set","target":"habits.recoveryYears","value":0},{"type":"add","target":"habits.risk","value":-8},{"type":"add","target":"finance.cash","value":-500},{"type":"add","target":"pressures.money","value":3}]	echo_126@1—3年：第一笔以后怎么弄——定了它扩不扩大。；支持当天重新走起。亏停在这一笔。；效果 [{"type":"add","target":"agency","value":1},{"type":"tag","target":"history","value":"echo:habits"}]	resilience/riskShift；准备“跟人说。联系原来的支持”时，这次多做了一层准备：给最坏的结果留一条还能继续的路。；回头看这一步，这一下没有堵死后面的路。 你这次走的是“跟人说。联系原来的支持”。	健康照护	三代理混排复核完成；已发现项已修正
decision_126	decision_126_choice_2	decision	habits	年龄 20—90；人物 []；门槛 {"all":[{"path":"habits.type","op":"eq","value":"gambling"},{"path":"habits.stage","op":"eq","value":"recovery"},{"path":"habits.recoveryYears","op":"gte","value":1}],"any":[],"none":[]}	滑了这一下，你先干什么？	把付钱的入口重新锁上 → 你关了账号。转账限往上提。近期的现金让人一起看。	[{"type":"tag","target":"history","value":"habits:restricted"},{"type":"add","target":"agency","value":3},{"type":"set","target":"habits.type","value":"gambling"},{"type":"set","target":"habits.stage","value":"recovery"},{"type":"set","target":"habits.recoveryYears","value":0},{"type":"add","target":"habits.risk","value":-4},{"type":"add","target":"finance.cash","value":-2500},{"type":"add","target":"pressures.money","value":-4}]	echo_126@2—4年：第一笔以后怎么弄——定了它扩不扩大。；口子挡了。那次为什么碰——留到复诊再说。；效果 [{"type":"add","target":"capabilities.resilience","value":1},{"type":"tag","target":"history","value":"echo:habits"}]	无	无	三代理混排复核完成；已发现项已修正
decision_126	decision_126_choice_3	decision	habits	年龄 20—90；人物 []；门槛 {"all":[{"path":"habits.type","op":"eq","value":"gambling"},{"path":"habits.stage","op":"eq","value":"recovery"},{"path":"habits.recoveryYears","op":"gte","value":1}],"any":[],"none":[]}	滑了这一下，你先干什么？	删了记录。赢回来再说 → 你把提醒清了。又下了一笔——想把第一笔补回来。	[{"type":"tag","target":"history","value":"habits:hidden"},{"type":"add","target":"agency","value":2},{"type":"set","target":"habits.type","value":"gambling"},{"type":"set","target":"habits.stage","value":"relapse"},{"type":"set","target":"habits.recoveryYears","value":0},{"type":"add","target":"habits.risk","value":10},{"type":"add","target":"finance.cash","value":-18000},{"type":"add","target":"pressures.money","value":9},{"type":"addLiability","target":"finance.liabilities","value":40000,"kind":"habit","rate":0.14}]	echo_126@3—5年：第一笔以后怎么弄——定了它扩不扩大。；两笔连一块了。恢复——开始往下掉。；效果 [{"type":"add","target":"pressures.money","value":4},{"type":"tag","target":"history","value":"echo:habits"}]	无	无	三代理混排复核完成；已发现项已修正
decision_127	decision_127_choice_1	decision	habits	年龄 20—90；人物 []；门槛 {"all":[{"path":"habits.type","op":"eq","value":"gambling"},{"path":"habits.stage","op":"in","value":["treatment","recovery","relapse"]}],"any":[],"none":[]}	这次，怎么收？	重新来。该治的该锁的都跟上 → 复诊恢复了。大钱又需要经过额外确认。欠的按真的余额接着还。	[{"type":"tag","target":"history","value":"habits:recovery_reset"},{"type":"add","target":"agency","value":4},{"type":"set","target":"habits.type","value":"gambling"},{"type":"set","target":"habits.stage","value":"recovery"},{"type":"set","target":"habits.recoveryYears","value":0},{"type":"add","target":"habits.risk","value":-14},{"type":"add","target":"finance.cash","value":-500},{"type":"add","target":"pressures.money","value":-4}]	echo_127@1—3年：重新碰过以后——恢复有了新的开头。；又废了。重新联系原来的支持渠道——这次没瞒。康复从头算。但上回学会的——还在。；效果 [{"type":"add","target":"agency","value":1},{"type":"tag","target":"history","value":"echo:habits"}]	resilience/riskShift；准备“重新来。该治的该锁的都跟上”时，眼前仍要你自己选；牌能帮的，是给最坏的结果留一条还能继续的路。；这次仍要由你承担后果；这一下没有堵死后面的路。 你这次走的是“重新来。该治的该锁的都跟上”。	无	三代理混排复核完成；已发现项已修正
decision_127	decision_127_choice_2	decision	habits	年龄 20—90；人物 []；门槛 {"all":[{"path":"habits.type","op":"eq","value":"gambling"},{"path":"habits.stage","op":"in","value":["treatment","recovery","relapse"]}],"any":[],"none":[]}	这次，怎么收？	再看一阵。先不放开 → 你能自己花的——没有恢复。每一笔大钱还是有人对。	[{"type":"tag","target":"history","value":"habits:treatment_return"},{"type":"add","target":"agency","value":3},{"type":"set","target":"habits.type","value":"gambling"},{"type":"set","target":"habits.stage","value":"treatment"},{"type":"set","target":"habits.recoveryYears","value":0},{"type":"add","target":"habits.risk","value":-7},{"type":"add","target":"finance.cash","value":-2500},{"type":"add","target":"pressures.money","value":3}]	echo_127@2—4年：重新碰过以后——恢复有了新的开头。；没新下注。还是不敢说自己好了。至少没再管不住。；效果 [{"type":"add","target":"capabilities.resilience","value":1},{"type":"tag","target":"history","value":"echo:habits"}]	无	无	三代理混排复核完成；已发现项已修正
decision_127	decision_127_choice_3	decision	habits	年龄 20—90；人物 []；门槛 {"all":[{"path":"habits.type","op":"eq","value":"gambling"},{"path":"habits.stage","op":"in","value":["treatment","recovery","relapse"]}],"any":[],"none":[]}	这次，怎么收？	就那一笔。后面没再碰 → 后面没再下。你留着这次——照实接回原来的恢复计划。	[{"type":"tag","target":"history","value":"habits:lapse_only"},{"type":"add","target":"agency","value":2},{"type":"set","target":"habits.type","value":"gambling"},{"type":"set","target":"habits.stage","value":"recovery"},{"type":"add","target":"habits.risk","value":-4},{"type":"add","target":"finance.cash","value":-6000},{"type":"add","target":"pressures.money","value":-4}]	echo_127@3—5年：重新碰过以后——恢复有了新的开头。；这次没藏。也没扩大成一直管不住。；效果 [{"type":"add","target":"pressures.money","value":4},{"type":"tag","target":"history","value":"echo:habits"}]	无	无	三代理混排复核完成；已发现项已修正
decision_127	decision_127_choice_4	decision	habits	年龄 20—90；人物 []；门槛 {"all":[{"path":"habits.type","op":"eq","value":"gambling"},{"path":"habits.stage","op":"in","value":["treatment","recovery","relapse"]}],"any":[],"none":[]}	这次，怎么收？	换路接着下 → 你换了付钱的路子。又借了——等下一场。	[{"type":"tag","target":"history","value":"habits:relapse"},{"type":"add","target":"agency","value":1},{"type":"set","target":"habits.type","value":"gambling"},{"type":"set","target":"habits.stage","value":"relapse"},{"type":"set","target":"habits.recoveryYears","value":0},{"type":"add","target":"habits.risk","value":14},{"type":"add","target":"finance.cash","value":-36000},{"type":"add","target":"pressures.money","value":9},{"type":"addLiability","target":"finance.liabilities","value":40000,"kind":"habit","rate":0.14}]	echo_127@4—6年：重新碰过以后——恢复有了新的开头。；新亏大了。复发——确认。欠的和瞒的——重新长。；效果 [{"type":"add","target":"pressures.money","value":4},{"type":"tag","target":"history","value":"echo:habits"}]	无	无	三代理混排复核完成；已发现项已修正
decision_128	decision_128_choice_1	decision	habits	年龄 18—72；人物 []；门槛 {"all":[{"path":"habits.type","op":"eq","value":"none"},{"path":"habits.stage","op":"eq","value":"none"}],"any":[],"none":[]}	最近每次聚餐都比原计划多喝。今晚到这里，还是再来一杯？	不喝了。换无酒精的 → 你没再加杯。散了照常回去。	[{"type":"tag","target":"history","value":"habits:ordinary_exit"},{"type":"add","target":"agency","value":4},{"type":"set","target":"habits.type","value":"none"},{"type":"set","target":"habits.stage","value":"none"},{"type":"set","target":"habits.recoveryYears","value":0},{"type":"add","target":"habits.risk","value":-8},{"type":"add","target":"health.physical","value":0},{"type":"add","target":"health.mental","value":0},{"type":"add","target":"pressures.body","value":0}]	echo_128@1—3年：第一回认真记——聚餐和管不住，是不是一件事。；下次聚——照样聊。没靠酒扛。；效果 [{"type":"add","target":"agency","value":1},{"type":"tag","target":"history","value":"echo:habits"}]	healthLiteracy/riskShift；准备“不喝了。换无酒精的”时，你没有急着选，先把身体反应和该问医生的事记下来。；多出来的差别很具体：身体的信号被带进了决定里。 你这次走的是“不喝了。换无酒精的”。	健康照护、职业资产	三代理混排复核完成；已发现项已修正
decision_128	decision_128_choice_2	decision	habits	年龄 18—72；人物 []；门槛 {"all":[{"path":"habits.type","op":"eq","value":"none"},{"path":"habits.stage","op":"eq","value":"none"}],"any":[],"none":[]}	最近每次聚餐都比原计划多喝。今晚到这里，还是再来一杯？	记下来。几杯、第二天什么样 → 杯数、睡没睡好、第二天迟没迟到——一起写了。	[{"type":"tag","target":"history","value":"habits:monitoring"},{"type":"add","target":"agency","value":3},{"type":"set","target":"habits.type","value":"alcohol"},{"type":"set","target":"habits.stage","value":"exposed"},{"type":"set","target":"habits.recoveryYears","value":0},{"type":"add","target":"habits.risk","value":2},{"type":"add","target":"health.physical","value":-1},{"type":"add","target":"health.mental","value":0},{"type":"add","target":"pressures.body","value":0}]	echo_128@2—4年：第一回认真记——聚餐和管不住，是不是一件事。；几周的记录摆在那。比你嘴上估的高。；效果 [{"type":"add","target":"capabilities.resilience","value":1},{"type":"tag","target":"history","value":"echo:habits"}]	无	无	三代理混排复核完成；已发现项已修正
decision_128	decision_128_choice_3	decision	habits	年龄 18—72；人物 []；门槛 {"all":[{"path":"habits.type","op":"eq","value":"none"},{"path":"habits.stage","op":"eq","value":"none"}],"any":[],"none":[]}	最近每次聚餐都比原计划多喝。今晚到这里，还是再来一杯？	喝了再说。下班不就这点事 → 你每次都说就一杯。散的时间——越来越晚。	[{"type":"tag","target":"history","value":"habits:repeating"},{"type":"add","target":"agency","value":2},{"type":"set","target":"habits.type","value":"alcohol"},{"type":"set","target":"habits.stage","value":"repeating"},{"type":"set","target":"habits.recoveryYears","value":0},{"type":"add","target":"habits.risk","value":8},{"type":"add","target":"health.physical","value":-1},{"type":"add","target":"health.mental","value":0},{"type":"add","target":"pressures.body","value":0}]	echo_128@3—5年：第一回认真记——聚餐和管不住，是不是一件事。；工作日也开始靠那点意思了。周末的界线没了。；效果 [{"type":"add","target":"pressures.body","value":4},{"type":"tag","target":"history","value":"echo:habits"}]	无	无	三代理混排复核完成；已发现项已修正
decision_129	decision_129_choice_1	decision	habits	年龄 18—72；人物 []；门槛 {"all":[{"path":"habits.type","op":"eq","value":"alcohol"},{"path":"habits.risk","op":"gte","value":1},{"path":"habits.stage","op":"in","value":["exposed","repeating"]}],"any":[],"none":[]}	喝的事，怎么办？	不喝了。去医院看 → 你约了门诊。坐下把真喝多少说了。医生没让你自己停——那样有风险。	[{"type":"tag","target":"history","value":"habits:stopped"},{"type":"add","target":"agency","value":4},{"type":"set","target":"habits.type","value":"none"},{"type":"set","target":"habits.stage","value":"none"},{"type":"set","target":"habits.recoveryYears","value":0},{"type":"add","target":"habits.risk","value":-12},{"type":"add","target":"health.physical","value":0},{"type":"add","target":"health.mental","value":0},{"type":"add","target":"pressures.body","value":0},{"type":"add","target":"finance.cash","value":0}]	echo_129@1—3年：还喝不喝——最后写在了工作和身体的记录里。；停那阵不好过。好在不是一个人扛。复查——医生把"管不住"和"能停了"分两行写。；效果 [{"type":"add","target":"agency","value":1},{"type":"tag","target":"history","value":"echo:habits"}]	healthLiteracy/riskShift；准备“不喝了。去医院看”时，“不喝了。去医院看”要真的走得通，得先把身体反应和该问医生的事记下来。；“不喝了。去医院看”照样有代价，不过身体的信号被带进了决定里。 你这次走的是“不喝了。去医院看”。	职业资产	三代理混排复核完成；已发现项已修正
decision_129	decision_129_choice_2	decision	habits	年龄 18—72；人物 []；门槛 {"all":[{"path":"habits.type","op":"eq","value":"alcohol"},{"path":"habits.risk","op":"gte","value":1},{"path":"habits.stage","op":"in","value":["exposed","repeating"]}],"any":[],"none":[]}	喝的事，怎么办？	上班不喝。其他——再说 → 你划了条线：第二天有安排——一滴不碰。喝了记。半个多月——周末还是多。	[{"type":"tag","target":"history","value":"habits:exposed"},{"type":"add","target":"agency","value":3},{"type":"set","target":"habits.type","value":"alcohol"},{"type":"set","target":"habits.stage","value":"exposed"},{"type":"set","target":"habits.recoveryYears","value":0},{"type":"add","target":"habits.risk","value":1},{"type":"add","target":"health.physical","value":-1},{"type":"add","target":"health.mental","value":0},{"type":"add","target":"pressures.body","value":0},{"type":"add","target":"finance.cash","value":0}]	echo_129@2—4年：还喝不喝——最后写在了工作和身体的记录里。；少了。没全停。那条线有一个星期管用，下一个星期被你擦了。；效果 [{"type":"add","target":"capabilities.resilience","value":1},{"type":"tag","target":"history","value":"echo:habits"}]	无	无	三代理混排复核完成；已发现项已修正
decision_129	decision_129_choice_3	decision	habits	年龄 18—72；人物 []；门槛 {"all":[{"path":"habits.type","op":"eq","value":"alcohol"},{"path":"habits.risk","op":"gte","value":1},{"path":"habits.stage","op":"in","value":["exposed","repeating"]}],"any":[],"none":[]}	喝的事，怎么办？	不在外面喝了。回家关门谁看得见 → 外头的局全推了。改家里喝——没人看见。也不用跟谁交代。	[{"type":"tag","target":"history","value":"habits:dependent"},{"type":"add","target":"agency","value":2},{"type":"set","target":"habits.type","value":"alcohol"},{"type":"set","target":"habits.stage","value":"dependent"},{"type":"set","target":"habits.recoveryYears","value":0},{"type":"add","target":"habits.risk","value":7},{"type":"add","target":"health.physical","value":-4},{"type":"add","target":"health.mental","value":-2},{"type":"add","target":"pressures.body","value":4},{"type":"add","target":"finance.cash","value":-1600}]	echo_129@3—5年：还喝不喝——最后写在了工作和身体的记录里。；瓶瓶罐罐在橱柜最下面。请假没少。说的理由换了。没人追问真的。；效果 [{"type":"add","target":"pressures.body","value":4},{"type":"tag","target":"history","value":"echo:habits"}]	无	无	三代理混排复核完成；已发现项已修正
decision_129	decision_129_choice_4	decision	habits	年龄 18—72；人物 []；门槛 {"all":[{"path":"habits.type","op":"eq","value":"alcohol"},{"path":"habits.risk","op":"gte","value":1},{"path":"habits.stage","op":"in","value":["exposed","repeating"]}],"any":[],"none":[]}	喝的事，怎么办？	最近就是累的。喝点怎么了 → 没去看。没跟人说。又用胃疼混了一回迟到。只有自己知道——不喝的时候手开始不对劲。	[{"type":"tag","target":"history","value":"habits:uncontrolled"},{"type":"add","target":"agency","value":1},{"type":"set","target":"habits.type","value":"alcohol"},{"type":"set","target":"habits.stage","value":"uncontrolled"},{"type":"set","target":"habits.recoveryYears","value":0},{"type":"add","target":"habits.risk","value":15},{"type":"add","target":"health.physical","value":-6},{"type":"add","target":"health.mental","value":-3},{"type":"add","target":"pressures.body","value":6},{"type":"add","target":"finance.cash","value":-2400}]	echo_129@4—6年：还喝不喝——最后写在了工作和身体的记录里。；有一回开会，你忘了五分钟前刚说过的话。旁边人的眼神让你醒了一下——就几秒。；效果 [{"type":"add","target":"pressures.body","value":4},{"type":"tag","target":"history","value":"echo:habits"}]	无	无	三代理混排复核完成；已发现项已修正
decision_130	decision_130_choice_1	decision	habits	年龄 20—85；人物 []；门槛 {"all":[{"path":"habits.type","op":"eq","value":"alcohol"},{"path":"habits.risk","op":"gte","value":1},{"path":"habits.stage","op":"in","value":["dependent","uncontrolled"]}],"any":[],"none":[]}	被耽误的安排、藏酒和身体反应已经连在一起。你准备怎么让医生知道真实情况？	实话说了。让医生看 → 你没自己停。把真喝了多少和不舒服说给医生。	[{"type":"tag","target":"history","value":"habits:assessed"},{"type":"add","target":"agency","value":4},{"type":"set","target":"habits.type","value":"alcohol"},{"type":"set","target":"habits.stage","value":"treatment"},{"type":"set","target":"habits.recoveryYears","value":0},{"type":"add","target":"habits.risk","value":-12},{"type":"add","target":"health.physical","value":-2},{"type":"add","target":"health.mental","value":2},{"type":"add","target":"pressures.body","value":-3},{"type":"add","target":"finance.cash","value":-1800}]	echo_130@1—3年：跟医生说实话了——才知道怎么停才不出事。；安全扛过了停的那段。后面治疗按月走——不是出了院就完。；效果 [{"type":"add","target":"agency","value":1},{"type":"tag","target":"history","value":"echo:habits"}]	evidence/resultVariant；准备“实话说了。让医生看”时，这次多了一步准备：先把日期、凭据和能复核的细节放在手边。；结果仍不确定；该留下的凭据没有缺席。 你这次走的是“实话说了。让医生看”。	健康照护、职业资产	三代理混排复核完成；已发现项已修正
decision_130	decision_130_choice_2	decision	habits	年龄 20—85；人物 []；门槛 {"all":[{"path":"habits.type","op":"eq","value":"alcohol"},{"path":"habits.risk","op":"gte","value":1},{"path":"habits.stage","op":"in","value":["dependent","uncontrolled"]}],"any":[],"none":[]}	被耽误的安排、藏酒和身体反应已经连在一起。你准备怎么让医生知道真实情况？	少喝点。先不跟医生说 → 试了少喝。停下时候的不舒服——还是没说。	[{"type":"tag","target":"history","value":"habits:monitored"},{"type":"add","target":"agency","value":3},{"type":"set","target":"habits.type","value":"alcohol"},{"type":"set","target":"habits.stage","value":"dependent"},{"type":"set","target":"habits.recoveryYears","value":0},{"type":"add","target":"habits.risk","value":3},{"type":"add","target":"health.physical","value":-4},{"type":"add","target":"health.mental","value":-2},{"type":"add","target":"pressures.body","value":4},{"type":"add","target":"finance.cash","value":-1600}]	echo_130@2—4年：跟医生说实话了——才知道怎么停才不出事。；量下来一点。压力一来，又回去了。；效果 [{"type":"add","target":"capabilities.resilience","value":1},{"type":"tag","target":"history","value":"echo:habits"}]	无	健康照护、职业资产	三代理混排复核完成；已发现项已修正
decision_130	decision_130_choice_3	decision	habits	年龄 20—85；人物 []；门槛 {"all":[{"path":"habits.type","op":"eq","value":"alcohol"},{"path":"habits.risk","op":"gte","value":1},{"path":"habits.stage","op":"in","value":["dependent","uncontrolled"]}],"any":[],"none":[]}	被耽误的安排、藏酒和身体反应已经连在一起。你准备怎么让医生知道真实情况？	照常喝。别让人看出来 → 你接着用请假和薄荷糖遮第二天的样。	[{"type":"tag","target":"history","value":"habits:declined"},{"type":"add","target":"agency","value":2},{"type":"set","target":"habits.type","value":"alcohol"},{"type":"set","target":"habits.stage","value":"uncontrolled"},{"type":"set","target":"habits.recoveryYears","value":0},{"type":"add","target":"habits.risk","value":12},{"type":"add","target":"health.physical","value":-6},{"type":"add","target":"health.mental","value":-3},{"type":"add","target":"pressures.body","value":6},{"type":"add","target":"finance.cash","value":-2400}]	echo_130@3—5年：跟医生说实话了——才知道怎么停才不出事。；一回工作出事，前几个月的——一块被翻了出来。；效果 [{"type":"add","target":"pressures.body","value":4},{"type":"tag","target":"history","value":"echo:habits"}]	无	健康照护、职业资产	三代理混排复核完成；已发现项已修正
decision_131	decision_131_choice_1	decision	habits	年龄 20—85；人物 []；门槛 {"all":[{"path":"habits.type","op":"eq","value":"alcohol"},{"path":"habits.risk","op":"gte","value":1},{"path":"habits.stage","op":"in","value":["treatment","dependent","uncontrolled"]}],"any":[],"none":[]}	评估做完了。接下来的饭局、复诊和日常怎么排？	接着治。有些局先不去 → 你留着复诊。不安全的酒局提前走。家里人也知道怎么帮你。	[{"type":"tag","target":"history","value":"habits:recovery"},{"type":"add","target":"agency","value":4},{"type":"set","target":"habits.type","value":"alcohol"},{"type":"set","target":"habits.stage","value":"recovery"},{"type":"set","target":"habits.recoveryYears","value":0},{"type":"add","target":"habits.risk","value":-15},{"type":"add","target":"health.physical","value":3},{"type":"add","target":"health.mental","value":4},{"type":"add","target":"pressures.body","value":-5},{"type":"add","target":"finance.cash","value":-2500}]	echo_131@1—3年：恢复不是躲。是知道哪种场面得先想好。；一年了。不用靠酒收尾的晚上——有了。；效果 [{"type":"add","target":"agency","value":1},{"type":"tag","target":"history","value":"echo:habits"}]	boundary/resultVariant；准备“接着治。有些局先不去”时，动手以前，你决定把愿意承担和不能接受的部分分别说清，再看要不要“接着治。有些局先不去”。；结果落定时，你的界线没有在点头时一起让出去。 你这次走的是“接着治。有些局先不去”。	健康照护	三代理混排复核完成；已发现项已修正
decision_131	decision_131_choice_2	decision	habits	年龄 20—85；人物 []；门槛 {"all":[{"path":"habits.type","op":"eq","value":"alcohol"},{"path":"habits.risk","op":"gte","value":1},{"path":"habits.stage","op":"in","value":["treatment","dependent","uncontrolled"]}],"any":[],"none":[]}	评估做完了。接下来的饭局、复诊和日常怎么排？	去。但说明白了不喝 → 必要的聚还去。只喝没酒精的——到点就走。	[{"type":"tag","target":"history","value":"habits:continuing"},{"type":"add","target":"agency","value":3},{"type":"set","target":"habits.type","value":"alcohol"},{"type":"set","target":"habits.stage","value":"treatment"},{"type":"set","target":"habits.recoveryYears","value":0},{"type":"add","target":"habits.risk","value":-6},{"type":"add","target":"health.physical","value":-2},{"type":"add","target":"health.mental","value":2},{"type":"add","target":"pressures.body","value":-3},{"type":"add","target":"finance.cash","value":-1800}]	echo_131@2—4年：恢复不是躲。是知道哪种场面得先想好。；同事习惯了。但你每次还是得自己把线守住。；效果 [{"type":"add","target":"capabilities.resilience","value":1},{"type":"tag","target":"history","value":"echo:habits"}]	无	健康照护	三代理混排复核完成；已发现项已修正
decision_131	decision_131_choice_3	decision	habits	年龄 20—85；人物 []；门槛 {"all":[{"path":"habits.type","op":"eq","value":"alcohol"},{"path":"habits.risk","op":"gte","value":1},{"path":"habits.stage","op":"in","value":["treatment","dependent","uncontrolled"]}],"any":[],"none":[]}	评估做完了。接下来的饭局、复诊和日常怎么排？	觉得好了。随便喝 → 你不去复诊了。一回聚会上接了"就喝一点"。	[{"type":"tag","target":"history","value":"habits:support_exit"},{"type":"add","target":"agency","value":2},{"type":"set","target":"habits.type","value":"alcohol"},{"type":"set","target":"habits.stage","value":"dependent"},{"type":"set","target":"habits.recoveryYears","value":0},{"type":"add","target":"habits.risk","value":2},{"type":"add","target":"health.physical","value":-4},{"type":"add","target":"health.mental","value":-2},{"type":"add","target":"pressures.body","value":4},{"type":"add","target":"finance.cash","value":-1600}]	echo_131@3—5年：恢复不是躲。是知道哪种场面得先想好。；几周以后量又飙了。你重新打了原来那个门诊的电话。；效果 [{"type":"add","target":"pressures.body","value":4},{"type":"tag","target":"history","value":"echo:habits"}]	无	无	三代理混排复核完成；已发现项已修正
decision_131	decision_131_choice_4	decision	habits	年龄 20—85；人物 []；门槛 {"all":[{"path":"habits.type","op":"eq","value":"alcohol"},{"path":"habits.risk","op":"gte","value":1},{"path":"habits.stage","op":"in","value":["treatment","dependent","uncontrolled"]}],"any":[],"none":[]}	评估做完了。接下来的饭局、复诊和日常怎么排？	不复诊了。自己少喝 → 后面的支持全取消了。喝多少——看当天感觉。	[{"type":"tag","target":"history","value":"habits:uncontrolled"},{"type":"add","target":"agency","value":1},{"type":"set","target":"habits.type","value":"alcohol"},{"type":"set","target":"habits.stage","value":"uncontrolled"},{"type":"set","target":"habits.recoveryYears","value":0},{"type":"add","target":"habits.risk","value":14},{"type":"add","target":"health.physical","value":-6},{"type":"add","target":"health.mental","value":-3},{"type":"add","target":"pressures.body","value":6},{"type":"add","target":"finance.cash","value":-2400}]	echo_131@4—6年：恢复不是躲。是知道哪种场面得先想好。；一阵子少。安不安全、会不会回去——没人正经看。；效果 [{"type":"add","target":"pressures.body","value":4},{"type":"tag","target":"history","value":"echo:habits"}]	无	无	三代理混排复核完成；已发现项已修正
decision_132	decision_132_choice_1	decision	habits	年龄 22—90；人物 []；门槛 {"all":[{"path":"habits.type","op":"eq","value":"alcohol"},{"path":"habits.stage","op":"eq","value":"recovery"},{"path":"habits.recoveryYears","op":"gte","value":1}],"any":[],"none":[]}	喝了这一口，你怎么办？	说了。联系门诊 → 你记了杯数和身体怎么样。打给原来的支持——没自己猛停。	[{"type":"tag","target":"history","value":"habits:reported"},{"type":"add","target":"agency","value":4},{"type":"set","target":"habits.type","value":"alcohol"},{"type":"set","target":"habits.stage","value":"treatment"},{"type":"set","target":"habits.recoveryYears","value":0},{"type":"add","target":"habits.risk","value":-8},{"type":"add","target":"health.physical","value":-2},{"type":"add","target":"health.mental","value":2},{"type":"add","target":"pressures.body","value":-3},{"type":"add","target":"finance.cash","value":-1800}]	echo_132@1—3年：第一口以后怎么弄——定它回不回原来的样。；当天就开始重新排。没再瞒着。；效果 [{"type":"add","target":"agency","value":1},{"type":"tag","target":"history","value":"echo:habits"}]	resilience/riskShift；准备“说了。联系门诊”时，这次多做了一层准备：给最坏的结果留一条还能继续的路。；回头看这一步，这一下没有堵死后面的路。 你这次走的是“说了。联系门诊”。	无	三代理混排复核完成；已发现项已修正
decision_132	decision_132_choice_2	decision	habits	年龄 22—90；人物 []；门槛 {"all":[{"path":"habits.type","op":"eq","value":"alcohol"},{"path":"habits.stage","op":"eq","value":"recovery"},{"path":"habits.recoveryYears","op":"gte","value":1}],"any":[],"none":[]}	喝了这一口，你怎么办？	酒局先不去。替的准备好 → 高风险的聚先推了。无酒精的备了，提前走——想好了。	[{"type":"tag","target":"history","value":"habits:restricted"},{"type":"add","target":"agency","value":3},{"type":"set","target":"habits.type","value":"alcohol"},{"type":"set","target":"habits.stage","value":"recovery"},{"type":"set","target":"habits.recoveryYears","value":0},{"type":"add","target":"habits.risk","value":-4},{"type":"add","target":"health.physical","value":3},{"type":"add","target":"health.mental","value":4},{"type":"add","target":"pressures.body","value":-5},{"type":"add","target":"finance.cash","value":-2500}]	echo_132@2—4年：第一口以后怎么弄——定它回不回原来的样。；场面风险小了。身体——还是按约的查。；效果 [{"type":"add","target":"capabilities.resilience","value":1},{"type":"tag","target":"history","value":"echo:habits"}]	无	健康照护	三代理混排复核完成；已发现项已修正
decision_132	decision_132_choice_3	decision	habits	年龄 22—90；人物 []；门槛 {"all":[{"path":"habits.type","op":"eq","value":"alcohol"},{"path":"habits.stage","op":"eq","value":"recovery"},{"path":"habits.recoveryYears","op":"gte","value":1}],"any":[],"none":[]}	喝了这一口，你怎么办？	当没事。明儿接着喝 → 你没记这口。又放回了冰箱。	[{"type":"tag","target":"history","value":"habits:hidden"},{"type":"add","target":"agency","value":2},{"type":"set","target":"habits.type","value":"alcohol"},{"type":"set","target":"habits.stage","value":"relapse"},{"type":"set","target":"habits.recoveryYears","value":0},{"type":"add","target":"habits.risk","value":10},{"type":"add","target":"health.physical","value":-6},{"type":"add","target":"health.mental","value":-3},{"type":"add","target":"pressures.body","value":6},{"type":"add","target":"finance.cash","value":-2400}]	echo_132@3—5年：第一口以后怎么弄——定它回不回原来的样。；几天——量又上去了。恢复开始往下掉。；效果 [{"type":"add","target":"pressures.body","value":4},{"type":"tag","target":"history","value":"echo:habits"}]	无	无	三代理混排复核完成；已发现项已修正
decision_133	decision_133_choice_1	decision	habits	年龄 22—90；人物 []；门槛 {"all":[{"path":"habits.type","op":"eq","value":"alcohol"},{"path":"habits.stage","op":"in","value":["treatment","recovery","relapse"]}],"any":[],"none":[]}	这一口以后，怎么收？	按评估重新治 → 按风险接上了安全的处理，后面接着走——没把扛过去当证明自己行。	[{"type":"tag","target":"history","value":"habits:recovery_reset"},{"type":"add","target":"agency","value":4},{"type":"set","target":"habits.type","value":"alcohol"},{"type":"set","target":"habits.stage","value":"recovery"},{"type":"set","target":"habits.recoveryYears","value":0},{"type":"add","target":"habits.risk","value":-14},{"type":"add","target":"health.physical","value":3},{"type":"add","target":"health.mental","value":4},{"type":"add","target":"pressures.body","value":-5},{"type":"add","target":"finance.cash","value":-2500}]	echo_133@1—3年：喝回去以后，治和日子重新排进了日历。；恢复从头算。病历从这回真的用量接上。；效果 [{"type":"add","target":"agency","value":1},{"type":"tag","target":"history","value":"echo:habits"}]	healthLiteracy/riskShift；准备“按评估重新治”时，眼前仍要你自己选；牌能帮的，是把身体反应和该问医生的事记下来。；这次仍要由你承担后果；身体的信号被带进了决定里。 你这次走的是“按评估重新治”。	职业资产	三代理混排复核完成；已发现项已修正
decision_133	decision_133_choice_2	decision	habits	年龄 22—90；人物 []；门槛 {"all":[{"path":"habits.type","op":"eq","value":"alcohol"},{"path":"habits.stage","op":"in","value":["treatment","recovery","relapse"]}],"any":[],"none":[]}	这一口以后，怎么收？	还看门诊。高风险的绕开 → 该做的事和见人安排照常去。酒——说了不碰，到时间就走。	[{"type":"tag","target":"history","value":"habits:treatment_return"},{"type":"add","target":"agency","value":3},{"type":"set","target":"habits.type","value":"alcohol"},{"type":"set","target":"habits.stage","value":"treatment"},{"type":"set","target":"habits.recoveryYears","value":0},{"type":"add","target":"habits.risk","value":-7},{"type":"add","target":"health.physical","value":-2},{"type":"add","target":"health.mental","value":2},{"type":"add","target":"pressures.body","value":-3},{"type":"add","target":"finance.cash","value":-1800}]	echo_133@2—4年：喝回去以后，治和日子重新排进了日历。；还在看。没再一管不住就每天晚上废掉。；效果 [{"type":"add","target":"capabilities.resilience","value":1},{"type":"tag","target":"history","value":"echo:habits"}]	无	健康照护	三代理混排复核完成；已发现项已修正
decision_133	decision_133_choice_3	decision	habits	年龄 22—90；人物 []；门槛 {"all":[{"path":"habits.type","op":"eq","value":"alcohol"},{"path":"habits.stage","op":"in","value":["treatment","recovery","relapse"]}],"any":[],"none":[]}	这一口以后，怎么收？	就那一口。后面的没跟上 → 后面没再喝，也没再影响事。你留着帮你的和复诊。	[{"type":"tag","target":"history","value":"habits:lapse_only"},{"type":"add","target":"agency","value":2},{"type":"set","target":"habits.type","value":"alcohol"},{"type":"set","target":"habits.stage","value":"recovery"},{"type":"add","target":"habits.risk","value":-4},{"type":"add","target":"health.physical","value":3},{"type":"add","target":"health.mental","value":4},{"type":"add","target":"pressures.body","value":-5},{"type":"add","target":"finance.cash","value":-2500}]	echo_133@3—5年：喝回去以后，治和日子重新排进了日历。；这下滑了一下——被看见了。没拉成一直复发。；效果 [{"type":"add","target":"pressures.body","value":4},{"type":"tag","target":"history","value":"echo:habits"}]	无	无	三代理混排复核完成；已发现项已修正
decision_133	decision_133_choice_4	decision	habits	年龄 22—90；人物 []；门槛 {"all":[{"path":"habits.type","op":"eq","value":"alcohol"},{"path":"habits.stage","op":"in","value":["treatment","recovery","relapse"]}],"any":[],"none":[]}	这一口以后，怎么收？	藏了。接着喝 → 你不记了。有安排的日子也重新喝。	[{"type":"tag","target":"history","value":"habits:relapse"},{"type":"add","target":"agency","value":1},{"type":"set","target":"habits.type","value":"alcohol"},{"type":"set","target":"habits.stage","value":"relapse"},{"type":"set","target":"habits.recoveryYears","value":0},{"type":"add","target":"habits.risk","value":14},{"type":"add","target":"health.physical","value":-6},{"type":"add","target":"health.mental","value":-3},{"type":"add","target":"pressures.body","value":6},{"type":"add","target":"finance.cash","value":-2400}]	echo_133@4—6年：喝回去以后，治和日子重新排进了日历。；量和被耽误的事一块涨。复发——确认。；效果 [{"type":"add","target":"pressures.body","value":4},{"type":"tag","target":"history","value":"echo:habits"}]	无	无	三代理混排复核完成；已发现项已修正
decision_134	decision_134_choice_1	decision	habits	年龄 13—68；人物 []；门槛 {"all":[{"path":"habits.type","op":"eq","value":"none"},{"path":"habits.stage","op":"eq","value":"none"}],"any":[],"none":[]}	又过了该睡的时间。下一局已经匹配上了，你还进吗？	关了。去睡 → 你退了语音房。闹钟没再被往后拨。	[{"type":"tag","target":"history","value":"habits:ordinary_exit"},{"type":"add","target":"agency","value":4},{"type":"set","target":"habits.type","value":"none"},{"type":"set","target":"habits.stage","value":"none"},{"type":"set","target":"habits.recoveryYears","value":0},{"type":"add","target":"habits.risk","value":-8},{"type":"add","target":"health.mental","value":0},{"type":"add","target":"pressures.body","value":0},{"type":"add","target":"pressures.career","value":0},{"type":"add","target":"pressures.loneliness","value":0}]	echo_134@1—3年：第一回按不按计划关——后面是两回事。；下次朋友开局——你还是按自己定的时间下。；效果 [{"type":"add","target":"agency","value":1},{"type":"tag","target":"history","value":"echo:habits"}]	boundary/resultVariant；准备“关了。去睡”时，你没有急着选，先把愿意承担和不能接受的部分分别说清。；多出来的差别很具体：你的界线没有在点头时一起让出去。 你这次走的是“关了。去睡”。	无	三代理混排复核完成；已发现项已修正
decision_134	decision_134_choice_2	decision	habits	年龄 13—68；人物 []；门槛 {"all":[{"path":"habits.type","op":"eq","value":"none"},{"path":"habits.stage","op":"eq","value":"none"}],"any":[],"none":[]}	又过了该睡的时间。下一局已经匹配上了，你还进吗？	定个表。玩多久记下来 → 你留着玩。开始和关的时间写在了一周里头。	[{"type":"tag","target":"history","value":"habits:monitoring"},{"type":"add","target":"agency","value":3},{"type":"set","target":"habits.type","value":"gaming"},{"type":"set","target":"habits.stage","value":"exposed"},{"type":"set","target":"habits.recoveryYears","value":0},{"type":"add","target":"habits.risk","value":2},{"type":"add","target":"health.mental","value":0},{"type":"add","target":"pressures.body","value":0},{"type":"add","target":"pressures.career","value":0},{"type":"add","target":"pressures.loneliness","value":0}]	echo_134@2—4年：第一回按不按计划关——后面是两回事。；有几次超了。第一回看清楚了——什么让你停不住。；效果 [{"type":"add","target":"capabilities.resilience","value":1},{"type":"tag","target":"history","value":"echo:habits"}]	无	无	三代理混排复核完成；已发现项已修正
decision_134	decision_134_choice_3	decision	habits	年龄 13—68；人物 []；门槛 {"all":[{"path":"habits.type","op":"eq","value":"none"},{"path":"habits.stage","op":"eq","value":"none"}],"any":[],"none":[]}	又过了该睡的时间。下一局已经匹配上了，你还进吗？	玩到不想玩了再说 → 你取消了闹钟。跟自己说困了自然就关。	[{"type":"tag","target":"history","value":"habits:repeating"},{"type":"add","target":"agency","value":2},{"type":"set","target":"habits.type","value":"gaming"},{"type":"set","target":"habits.stage","value":"repeating"},{"type":"set","target":"habits.recoveryYears","value":0},{"type":"add","target":"habits.risk","value":8},{"type":"add","target":"health.mental","value":0},{"type":"add","target":"pressures.body","value":0},{"type":"add","target":"pressures.career","value":0},{"type":"add","target":"pressures.loneliness","value":0}]	echo_134@3—5年：第一回按不按计划关——后面是两回事。；睡得越来越短。白天开始漏掉约好的事。；效果 [{"type":"add","target":"pressures.career","value":4},{"type":"tag","target":"history","value":"echo:habits"}]	无	无	三代理混排复核完成；已发现项已修正
decision_135	decision_135_choice_1	decision	habits	年龄 13—68；人物 []；门槛 {"all":[{"path":"habits.type","op":"eq","value":"gaming"},{"path":"habits.risk","op":"gte","value":1},{"path":"habits.stage","op":"in","value":["exposed","repeating"]}],"any":[],"none":[]}	超时超成这样了，怎么收？	觉和该做的事排回来 → 你按计划关。睡眠、学习或日常安排放回了固定的时间。	[{"type":"tag","target":"history","value":"habits:stopped"},{"type":"add","target":"agency","value":4},{"type":"set","target":"habits.type","value":"none"},{"type":"set","target":"habits.stage","value":"none"},{"type":"set","target":"habits.recoveryYears","value":0},{"type":"add","target":"habits.risk","value":-12},{"type":"add","target":"health.mental","value":0},{"type":"add","target":"pressures.body","value":0},{"type":"add","target":"pressures.career","value":0},{"type":"add","target":"pressures.loneliness","value":0}]	echo_135@1—3年：游戏和现实——最后写在了觉和责任书上。；后面还玩。没再挤掉基本的事。；效果 [{"type":"add","target":"agency","value":1},{"type":"tag","target":"history","value":"echo:habits"}]	resilience/riskShift；准备“觉和该做的事排回来”时，“觉和该做的事排回来”要真的走得通，得先给最坏的结果留一条还能继续的路。；“觉和该做的事排回来”照样有代价，不过这一下没有堵死后面的路。 你这次走的是“觉和该做的事排回来”。	无	三代理混排复核完成；已发现项已修正
decision_135	decision_135_choice_2	decision	habits	年龄 13—68；人物 []；门槛 {"all":[{"path":"habits.type","op":"eq","value":"gaming"},{"path":"habits.risk","op":"gte","value":1},{"path":"habits.stage","op":"in","value":["exposed","repeating"]}],"any":[],"none":[]}	超时超成这样了，怎么收？	固定时间。每次超的记下来 → 开始关的时候——先定好。超了——记。	[{"type":"tag","target":"history","value":"habits:exposed"},{"type":"add","target":"agency","value":3},{"type":"set","target":"habits.type","value":"gaming"},{"type":"set","target":"habits.stage","value":"exposed"},{"type":"set","target":"habits.recoveryYears","value":0},{"type":"add","target":"habits.risk","value":1},{"type":"add","target":"health.mental","value":0},{"type":"add","target":"pressures.body","value":0},{"type":"add","target":"pressures.career","value":0},{"type":"add","target":"pressures.loneliness","value":0}]	echo_135@2—4年：游戏和现实——最后写在了觉和责任书上。；大多晚上能停。还得接着看。；效果 [{"type":"add","target":"capabilities.resilience","value":1},{"type":"tag","target":"history","value":"echo:habits"}]	无	无	三代理混排复核完成；已发现项已修正
decision_135	decision_135_choice_3	decision	habits	年龄 13—68；人物 []；门槛 {"all":[{"path":"habits.type","op":"eq","value":"gaming"},{"path":"habits.risk","op":"gte","value":1},{"path":"habits.stage","op":"in","value":["exposed","repeating"]}],"any":[],"none":[]}	超时超成这样了，怎么收？	少玩点。瞒着 → 玩的时间短了。迟到和推约——还是用"不舒服"挡。	[{"type":"tag","target":"history","value":"habits:dependent"},{"type":"add","target":"agency","value":2},{"type":"set","target":"habits.type","value":"gaming"},{"type":"set","target":"habits.stage","value":"dependent"},{"type":"set","target":"habits.recoveryYears","value":0},{"type":"add","target":"habits.risk","value":7},{"type":"add","target":"health.mental","value":-2},{"type":"add","target":"pressures.body","value":4},{"type":"add","target":"pressures.career","value":6},{"type":"add","target":"pressures.loneliness","value":4}]	echo_135@3—5年：游戏和现实——最后写在了觉和责任书上。；管不住没修好。害还在。；效果 [{"type":"add","target":"pressures.career","value":4},{"type":"tag","target":"history","value":"echo:habits"}]	无	无	三代理混排复核完成；已发现项已修正
decision_135	decision_135_choice_4	decision	habits	年龄 13—68；人物 []；门槛 {"all":[{"path":"habits.type","op":"eq","value":"gaming"},{"path":"habits.risk","op":"gte","value":1},{"path":"habits.stage","op":"in","value":["exposed","repeating"]}],"any":[],"none":[]}	超时超成这样了，怎么收？	继续熬。记录清了 → 闹钟取消。能说清时长的——都删。	[{"type":"tag","target":"history","value":"habits:uncontrolled"},{"type":"add","target":"agency","value":1},{"type":"set","target":"habits.type","value":"gaming"},{"type":"set","target":"habits.stage","value":"uncontrolled"},{"type":"set","target":"habits.recoveryYears","value":0},{"type":"add","target":"habits.risk","value":15},{"type":"add","target":"health.mental","value":-3},{"type":"add","target":"pressures.body","value":6},{"type":"add","target":"pressures.career","value":9},{"type":"add","target":"pressures.loneliness","value":6}]	echo_135@4—6年：游戏和现实——最后写在了觉和责任书上。；觉、工作或功课——更坏。进了管不住。；效果 [{"type":"add","target":"pressures.career","value":4},{"type":"tag","target":"history","value":"echo:habits"}]	无	无	三代理混排复核完成；已发现项已修正
decision_136	decision_136_choice_1	decision	habits	年龄 15—78；人物 []；门槛 {"all":[{"path":"habits.type","op":"eq","value":"gaming"},{"path":"habits.risk","op":"gte","value":1},{"path":"habits.stage","op":"in","value":["dependent","uncontrolled"]}],"any":[],"none":[]}	睡眠、功课或工作都被拖住了。游戏时间要怎么重新排？	让人评。把作息重排 → 你跟专业的一起，把觉、该做的和游戏占了多少列了。	[{"type":"tag","target":"history","value":"habits:assessed"},{"type":"add","target":"agency","value":4},{"type":"set","target":"habits.type","value":"gaming"},{"type":"set","target":"habits.stage","value":"treatment"},{"type":"set","target":"habits.recoveryYears","value":0},{"type":"add","target":"habits.risk","value":-12},{"type":"add","target":"health.mental","value":2},{"type":"add","target":"pressures.body","value":-2},{"type":"add","target":"pressures.career","value":-3},{"type":"add","target":"pressures.loneliness","value":-2}]	echo_136@1—3年：几次迟到和吵过以后——玩多久，第一回被人正经问。；按着调。迟到少了。现实约的重新排回来了。；效果 [{"type":"add","target":"agency","value":1},{"type":"tag","target":"history","value":"echo:habits"}]	healthLiteracy/riskShift；准备“让人评。把作息重排”时，这次多了一步准备：先把身体反应和该问医生的事记下来。；结果仍不确定；身体的信号被带进了决定里。 你这次走的是“让人评。把作息重排”。	职业资产	三代理混排复核完成；已发现项已修正
decision_136	decision_136_choice_2	decision	habits	年龄 15—78；人物 []；门槛 {"all":[{"path":"habits.type","op":"eq","value":"gaming"},{"path":"habits.risk","op":"gte","value":1},{"path":"habits.stage","op":"in","value":["dependent","uncontrolled"]}],"any":[],"none":[]}	睡眠、功课或工作都被拖住了。游戏时间要怎么重新排？	少玩。但不碰根 → 你减了些时段。通宵和拿游戏躲事——没碰。	[{"type":"tag","target":"history","value":"habits:monitored"},{"type":"add","target":"agency","value":3},{"type":"set","target":"habits.type","value":"gaming"},{"type":"set","target":"habits.stage","value":"dependent"},{"type":"set","target":"habits.recoveryYears","value":0},{"type":"add","target":"habits.risk","value":3},{"type":"add","target":"health.mental","value":-2},{"type":"add","target":"pressures.body","value":4},{"type":"add","target":"pressures.career","value":6},{"type":"add","target":"pressures.loneliness","value":4}]	echo_136@2—4年：几次迟到和吵过以后——玩多久，第一回被人正经问。；白天好了一点。新东西一上，关的时间又开始往后挪。；效果 [{"type":"add","target":"capabilities.resilience","value":1},{"type":"tag","target":"history","value":"echo:habits"}]	无	无	三代理混排复核完成；已发现项已修正
decision_136	decision_136_choice_3	decision	habits	年龄 15—78；人物 []；门槛 {"all":[{"path":"habits.type","op":"eq","value":"gaming"},{"path":"habits.risk","op":"gte","value":1},{"path":"habits.stage","op":"in","value":["dependent","uncontrolled"]}],"any":[],"none":[]}	睡眠、功课或工作都被拖住了。游戏时间要怎么重新排？	继续熬。瞒着 → 你用"不舒服"挡迟到。电脑上的记录清了。	[{"type":"tag","target":"history","value":"habits:declined"},{"type":"add","target":"agency","value":2},{"type":"set","target":"habits.type","value":"gaming"},{"type":"set","target":"habits.stage","value":"uncontrolled"},{"type":"set","target":"habits.recoveryYears","value":0},{"type":"add","target":"habits.risk","value":12},{"type":"add","target":"health.mental","value":-3},{"type":"add","target":"pressures.body","value":6},{"type":"add","target":"pressures.career","value":9},{"type":"add","target":"pressures.loneliness","value":6}]	echo_136@3—5年：几次迟到和吵过以后——玩多久，第一回被人正经问。；一回再也躲不过的缺席——这次缺席再也藏不住了。；效果 [{"type":"add","target":"pressures.career","value":4},{"type":"tag","target":"history","value":"echo:habits"}]	无	无	三代理混排复核完成；已发现项已修正
decision_137	decision_137_choice_1	decision	habits	年龄 15—78；人物 []；门槛 {"all":[{"path":"habits.type","op":"eq","value":"gaming"},{"path":"habits.risk","op":"gte","value":1},{"path":"habits.stage","op":"in","value":["treatment","dependent","uncontrolled"]}],"any":[],"none":[]}	评估以后，游戏、睡觉和现实里的约定怎么放回同一周？	接着治。按说的玩 → 按着计划——只打有限的。完了照样睡觉和做事。	[{"type":"tag","target":"history","value":"habits:recovery"},{"type":"add","target":"agency","value":4},{"type":"set","target":"habits.type","value":"gaming"},{"type":"set","target":"habits.stage","value":"recovery"},{"type":"set","target":"habits.recoveryYears","value":0},{"type":"add","target":"habits.risk","value":-15},{"type":"add","target":"health.mental","value":3},{"type":"add","target":"pressures.body","value":-4},{"type":"add","target":"pressures.career","value":-5},{"type":"add","target":"pressures.loneliness","value":-3}]	echo_137@1—3年：恢复那结果——写在觉上、班上和现实里。不只写在账号里。；一年。游戏还在——不排在最前了。；效果 [{"type":"add","target":"agency","value":1},{"type":"tag","target":"history","value":"echo:habits"}]	boundary/resultVariant；准备“接着治。按说的玩”时，动手以前，你决定把愿意承担和不能接受的部分分别说清，再看要不要“接着治。按说的玩”。；结果落定时，你的界线没有在点头时一起让出去。 你这次走的是“接着治。按说的玩”。	无	三代理混排复核完成；已发现项已修正
decision_137	decision_137_choice_2	decision	habits	年龄 15—78；人物 []；门槛 {"all":[{"path":"habits.type","op":"eq","value":"gaming"},{"path":"habits.risk","op":"gte","value":1},{"path":"habits.stage","op":"in","value":["treatment","dependent","uncontrolled"]}],"any":[],"none":[]}	评估以后，游戏、睡觉和现实里的约定怎么放回同一周？	删了。试试没游戏的日子 → 你暂时卸了。晚上的空给了出门和见面。	[{"type":"tag","target":"history","value":"habits:continuing"},{"type":"add","target":"agency","value":3},{"type":"set","target":"habits.type","value":"gaming"},{"type":"set","target":"habits.stage","value":"treatment"},{"type":"set","target":"habits.recoveryYears","value":0},{"type":"add","target":"habits.risk","value":-6},{"type":"add","target":"health.mental","value":2},{"type":"add","target":"pressures.body","value":-2},{"type":"add","target":"pressures.career","value":-3},{"type":"add","target":"pressures.loneliness","value":-2}]	echo_137@2—4年：恢复那结果——写在觉上、班上和现实里。不只写在账号里。；几个月以后。日子不用光靠意志扛了。；效果 [{"type":"add","target":"capabilities.resilience","value":1},{"type":"tag","target":"history","value":"echo:habits"}]	无	无	三代理混排复核完成；已发现项已修正
decision_137	decision_137_choice_3	decision	habits	年龄 15—78；人物 []；门槛 {"all":[{"path":"habits.type","op":"eq","value":"gaming"},{"path":"habits.risk","op":"gte","value":1},{"path":"habits.stage","op":"in","value":["treatment","dependent","uncontrolled"]}],"any":[],"none":[]}	评估以后，游戏、睡觉和现实里的约定怎么放回同一周？	绕开。接着熬 → 重新装了。连着几晚拖到天亮。	[{"type":"tag","target":"history","value":"habits:support_exit"},{"type":"add","target":"agency","value":2},{"type":"set","target":"habits.type","value":"gaming"},{"type":"set","target":"habits.stage","value":"dependent"},{"type":"set","target":"habits.recoveryYears","value":0},{"type":"add","target":"habits.risk","value":2},{"type":"add","target":"health.mental","value":-2},{"type":"add","target":"pressures.body","value":4},{"type":"add","target":"pressures.career","value":6},{"type":"add","target":"pressures.loneliness","value":4}]	echo_137@3—5年：恢复那结果——写在觉上、班上和现实里。不只写在账号里。；请假消息发了。你认了——又约了评估。；效果 [{"type":"add","target":"pressures.career","value":4},{"type":"tag","target":"history","value":"echo:habits"}]	无	无	三代理混排复核完成；已发现项已修正
decision_137	decision_137_choice_4	decision	habits	年龄 15—78；人物 []；门槛 {"all":[{"path":"habits.type","op":"eq","value":"gaming"},{"path":"habits.risk","op":"gte","value":1},{"path":"habits.stage","op":"in","value":["treatment","dependent","uncontrolled"]}],"any":[],"none":[]}	评估以后，游戏、睡觉和现实里的约定怎么放回同一周？	不看了。装装卸卸 → 后面的支持全停。有压力卸掉——好了又装回来。	[{"type":"tag","target":"history","value":"habits:uncontrolled"},{"type":"add","target":"agency","value":1},{"type":"set","target":"habits.type","value":"gaming"},{"type":"set","target":"habits.stage","value":"uncontrolled"},{"type":"set","target":"habits.recoveryYears","value":0},{"type":"add","target":"habits.risk","value":14},{"type":"add","target":"health.mental","value":-3},{"type":"add","target":"pressures.body","value":6},{"type":"add","target":"pressures.career","value":9},{"type":"add","target":"pressures.loneliness","value":6}]	echo_137@4—6年：恢复那结果——写在觉上、班上和现实里。不只写在账号里。；短时候下来。什么时候碰和现实怎么样——没人一直看。；效果 [{"type":"add","target":"pressures.career","value":4},{"type":"tag","target":"history","value":"echo:habits"}]	无	无	三代理混排复核完成；已发现项已修正
decision_138	decision_138_choice_1	decision	habits	年龄 16—82；人物 []；门槛 {"all":[{"path":"habits.type","op":"eq","value":"gaming"},{"path":"habits.stage","op":"eq","value":"recovery"},{"path":"habits.recoveryYears","op":"gte","value":1}],"any":[],"none":[]}	又熬了——你先怎么办？	说了。让人看 → 你用着记录留着。联系原来的支持渠道——把觉和事重排。	[{"type":"tag","target":"history","value":"habits:reported"},{"type":"add","target":"agency","value":4},{"type":"set","target":"habits.type","value":"gaming"},{"type":"set","target":"habits.stage","value":"treatment"},{"type":"set","target":"habits.recoveryYears","value":0},{"type":"add","target":"habits.risk","value":-8},{"type":"add","target":"health.mental","value":2},{"type":"add","target":"pressures.body","value":-2},{"type":"add","target":"pressures.career","value":-3},{"type":"add","target":"pressures.loneliness","value":-2}]	echo_138@1—3年：又开始超时以后——第一步定了现实还失不失。；这回没再用借口遮。；效果 [{"type":"add","target":"agency","value":1},{"type":"tag","target":"history","value":"echo:habits"}]	evidence/resultVariant；准备“说了。让人看”时，这次多做了一层准备：把日期、凭据和能复核的细节放在手边。；回头看这一步，该留下的凭据没有缺席。 你这次走的是“说了。让人看”。	无	三代理混排复核完成；已发现项已修正
decision_138	decision_138_choice_2	decision	habits	年龄 16—82；人物 []；门槛 {"all":[{"path":"habits.type","op":"eq","value":"gaming"},{"path":"habits.stage","op":"eq","value":"recovery"},{"path":"habits.recoveryYears","op":"gte","value":1}],"any":[],"none":[]}	又熬了——你先怎么办？	把时段锁了。让人帮看 → 设备限恢复了。也让信得过的——光看几点关。	[{"type":"tag","target":"history","value":"habits:restricted"},{"type":"add","target":"agency","value":3},{"type":"set","target":"habits.type","value":"gaming"},{"type":"set","target":"habits.stage","value":"recovery"},{"type":"set","target":"habits.recoveryYears","value":0},{"type":"add","target":"habits.risk","value":-4},{"type":"add","target":"health.mental","value":3},{"type":"add","target":"pressures.body","value":-4},{"type":"add","target":"pressures.career","value":-5},{"type":"add","target":"pressures.loneliness","value":-3}]	echo_138@2—4年：又开始超时以后——第一步定了现实还失不失。；一直熬先停了。为啥碰——留到评估再说。；效果 [{"type":"add","target":"capabilities.resilience","value":1},{"type":"tag","target":"history","value":"echo:habits"}]	无	无	三代理混排复核完成；已发现项已修正
decision_138	decision_138_choice_3	decision	habits	年龄 16—82；人物 []；门槛 {"all":[{"path":"habits.type","op":"eq","value":"gaming"},{"path":"habits.stage","op":"eq","value":"recovery"},{"path":"habits.recoveryYears","op":"gte","value":1}],"any":[],"none":[]}	又熬了——你先怎么办？	删了。第二天接着 → 用多长时间——清了。第二晚——又是天亮。	[{"type":"tag","target":"history","value":"habits:hidden"},{"type":"add","target":"agency","value":2},{"type":"set","target":"habits.type","value":"gaming"},{"type":"set","target":"habits.stage","value":"relapse"},{"type":"set","target":"habits.recoveryYears","value":0},{"type":"add","target":"habits.risk","value":10},{"type":"add","target":"health.mental","value":-3},{"type":"add","target":"pressures.body","value":6},{"type":"add","target":"pressures.career","value":9},{"type":"add","target":"pressures.loneliness","value":6}]	echo_138@3—5年：又开始超时以后——第一步定了现实还失不失。；不在又来了。恢复开始往下掉。；效果 [{"type":"add","target":"pressures.career","value":4},{"type":"tag","target":"history","value":"echo:habits"}]	无	无	三代理混排复核完成；已发现项已修正
decision_139	decision_139_choice_1	decision	habits	年龄 16—82；人物 []；门槛 {"all":[{"path":"habits.type","op":"eq","value":"gaming"},{"path":"habits.stage","op":"in","value":["treatment","recovery","relapse"]}],"any":[],"none":[]}	这回，怎么收？	重新看。能管住的接着玩 → 你接着专业帮。只在能睡觉和做事的里头玩。	[{"type":"tag","target":"history","value":"habits:recovery_reset"},{"type":"add","target":"agency","value":4},{"type":"set","target":"habits.type","value":"gaming"},{"type":"set","target":"habits.stage","value":"recovery"},{"type":"set","target":"habits.recoveryYears","value":0},{"type":"add","target":"habits.risk","value":-14},{"type":"add","target":"health.mental","value":3},{"type":"add","target":"pressures.body","value":-4},{"type":"add","target":"pressures.career","value":-5},{"type":"add","target":"pressures.loneliness","value":-3}]	echo_139@1—3年：重排了游戏和现实——恢复又有了新的头。；恢复从头算。现实的约重新排回来。；效果 [{"type":"add","target":"agency","value":1},{"type":"tag","target":"history","value":"echo:habits"}]	resilience/riskShift；准备“重新看。能管住的接着玩”时，眼前仍要你自己选；牌能帮的，是给最坏的结果留一条还能继续的路。；这次仍要由你承担后果；这一下没有堵死后面的路。 你这次走的是“重新看。能管住的接着玩”。	无	三代理混排复核完成；已发现项已修正
decision_139	decision_139_choice_2	decision	habits	年龄 16—82；人物 []；门槛 {"all":[{"path":"habits.type","op":"eq","value":"gaming"},{"path":"habits.stage","op":"in","value":["treatment","recovery","relapse"]}],"any":[],"none":[]}	这回，怎么收？	先不碰了。干点别的 → 暂时卸了。晚上给出门、见人和老实睡觉。	[{"type":"tag","target":"history","value":"habits:treatment_return"},{"type":"add","target":"agency","value":3},{"type":"set","target":"habits.type","value":"gaming"},{"type":"set","target":"habits.stage","value":"treatment"},{"type":"set","target":"habits.recoveryYears","value":0},{"type":"add","target":"habits.risk","value":-7},{"type":"add","target":"health.mental","value":2},{"type":"add","target":"pressures.body","value":-2},{"type":"add","target":"pressures.career","value":-3},{"type":"add","target":"pressures.loneliness","value":-2}]	echo_139@2—4年：重排了游戏和现实——恢复又有了新的头。；日子先稳。再说不碰还是管着用。；效果 [{"type":"add","target":"capabilities.resilience","value":1},{"type":"tag","target":"history","value":"echo:habits"}]	无	无	三代理混排复核完成；已发现项已修正
decision_139	decision_139_choice_3	decision	habits	年龄 16—82；人物 []；门槛 {"all":[{"path":"habits.type","op":"eq","value":"gaming"},{"path":"habits.stage","op":"in","value":["treatment","recovery","relapse"]}],"any":[],"none":[]}	这回，怎么收？	就那一次。后面的没事 → 后面没再通宵。工作和功课也没再坏。	[{"type":"tag","target":"history","value":"habits:lapse_only"},{"type":"add","target":"agency","value":2},{"type":"set","target":"habits.type","value":"gaming"},{"type":"set","target":"habits.stage","value":"recovery"},{"type":"add","target":"habits.risk","value":-4},{"type":"add","target":"health.mental","value":3},{"type":"add","target":"pressures.body","value":-4},{"type":"add","target":"pressures.career","value":-5},{"type":"add","target":"pressures.loneliness","value":-3}]	echo_139@3—5年：重排了游戏和现实——恢复又有了新的头。；滑了一下——记着。没拉成大复发。；效果 [{"type":"add","target":"pressures.career","value":4},{"type":"tag","target":"history","value":"echo:habits"}]	无	无	三代理混排复核完成；已发现项已修正
decision_139	decision_139_choice_4	decision	habits	年龄 16—82；人物 []；门槛 {"all":[{"path":"habits.type","op":"eq","value":"gaming"},{"path":"habits.stage","op":"in","value":["treatment","recovery","relapse"]}],"any":[],"none":[]}	这回，怎么收？	绕开。接着天亮 → 你换了机子和号。连着几晚。	[{"type":"tag","target":"history","value":"habits:relapse"},{"type":"add","target":"agency","value":1},{"type":"set","target":"habits.type","value":"gaming"},{"type":"set","target":"habits.stage","value":"relapse"},{"type":"set","target":"habits.recoveryYears","value":0},{"type":"add","target":"habits.risk","value":14},{"type":"add","target":"health.mental","value":-3},{"type":"add","target":"pressures.body","value":6},{"type":"add","target":"pressures.career","value":9},{"type":"add","target":"pressures.loneliness","value":6}]	echo_139@4—6年：重排了游戏和现实——恢复又有了新的头。；请假和失约又回来了。复发——确认。；效果 [{"type":"add","target":"pressures.career","value":4},{"type":"tag","target":"history","value":"echo:habits"}]	无	无	三代理混排复核完成；已发现项已修正
decision_140	decision_140_choice_1	decision	habits	年龄 18—72；人物 []；门槛 {"all":[{"path":"habits.type","op":"eq","value":"none"},{"path":"habits.stage","op":"eq","value":"none"}],"any":[],"none":[]}	购物车又装满了。付款以前，你先处理哪一笔？	冲动的退了。提醒关了 → 真正要的留着。其余退了，也不让再弹了。	[{"type":"tag","target":"history","value":"habits:ordinary_exit"},{"type":"add","target":"agency","value":4},{"type":"set","target":"habits.type","value":"none"},{"type":"set","target":"habits.stage","value":"none"},{"type":"set","target":"habits.recoveryYears","value":0},{"type":"add","target":"habits.risk","value":-8},{"type":"add","target":"finance.cash","value":-300},{"type":"add","target":"pressures.money","value":0},{"type":"add","target":"pressures.family","value":0}]	echo_140@1—3年：清一回购物车以后——买和收不住，有了区别。；下个月账单好了。没留尾巴。；效果 [{"type":"add","target":"agency","value":1},{"type":"tag","target":"history","value":"echo:habits"}]	riskSense/riskShift；准备“冲动的退了。提醒关了”时，你没有急着选，先找出最容易留下后患的那一步。；多出来的差别很具体：最容易出问题的地方提前被看见了。 你这次走的是“冲动的退了。提醒关了”。	无	三代理混排复核完成；已发现项已修正
decision_140	decision_140_choice_2	decision	habits	年龄 18—72；人物 []；门槛 {"all":[{"path":"habits.type","op":"eq","value":"none"},{"path":"habits.stage","op":"eq","value":"none"}],"any":[],"none":[]}	购物车又装满了。付款以前，你先处理哪一笔？	先放着。过一个月再说 → 不是非用不可的——放进一张等三十天的单子。没马上付。	[{"type":"tag","target":"history","value":"habits:monitoring"},{"type":"add","target":"agency","value":3},{"type":"set","target":"habits.type","value":"shopping"},{"type":"set","target":"habits.stage","value":"exposed"},{"type":"set","target":"habits.recoveryYears","value":0},{"type":"add","target":"habits.risk","value":2},{"type":"add","target":"finance.cash","value":-300},{"type":"add","target":"pressures.money","value":0},{"type":"add","target":"pressures.family","value":0}]	echo_140@2—4年：清一回购物车以后——买和收不住，有了区别。；大部分过几天就不想要了。有几回没忍住。；效果 [{"type":"add","target":"capabilities.resilience","value":1},{"type":"tag","target":"history","value":"echo:habits"}]	无	无	三代理混排复核完成；已发现项已修正
decision_140	decision_140_choice_3	decision	habits	年龄 18—72；人物 []；门槛 {"all":[{"path":"habits.type","op":"eq","value":"none"},{"path":"habits.stage","op":"eq","value":"none"}],"any":[],"none":[]}	购物车又装满了。付款以前，你先处理哪一笔？	管它的。先买，不行再退 → 你跟自己说反正能退。付的次数越来越密。	[{"type":"tag","target":"history","value":"habits:repeating"},{"type":"add","target":"agency","value":2},{"type":"set","target":"habits.type","value":"shopping"},{"type":"set","target":"habits.stage","value":"repeating"},{"type":"set","target":"habits.recoveryYears","value":0},{"type":"add","target":"habits.risk","value":8},{"type":"add","target":"finance.cash","value":-300},{"type":"add","target":"pressures.money","value":0},{"type":"add","target":"pressures.family","value":0}]	echo_140@3—5年：清一回购物车以后——买和收不住，有了区别。；退的速度跟不上。第一笔分期进了下个月。；效果 [{"type":"add","target":"pressures.money","value":4},{"type":"tag","target":"history","value":"echo:habits"}]	无	无	三代理混排复核完成；已发现项已修正
decision_141	decision_141_choice_1	decision	habits	年龄 18—72；人物 []；门槛 {"all":[{"path":"habits.type","op":"eq","value":"shopping"},{"path":"habits.risk","op":"gte","value":1},{"path":"habits.stage","op":"in","value":["exposed","repeating"]}],"any":[],"none":[]}	买买买的事，怎么收？	冲动的全退。分期关了 → 要的留着。没付的全列出来，促销提醒关掉。	[{"type":"tag","target":"history","value":"habits:stopped"},{"type":"add","target":"agency","value":4},{"type":"set","target":"habits.type","value":"none"},{"type":"set","target":"habits.stage","value":"none"},{"type":"set","target":"habits.recoveryYears","value":0},{"type":"add","target":"habits.risk","value":-12},{"type":"add","target":"finance.cash","value":-300},{"type":"add","target":"pressures.money","value":0},{"type":"add","target":"pressures.family","value":0}]	echo_141@1—3年：买没买过头——最后在账单和屋里的地方看得出来。；下个月——必要开销先保住了。；效果 [{"type":"add","target":"agency","value":1},{"type":"tag","target":"history","value":"echo:habits"}]	cashBuffer/costShift；准备“冲动的全退。分期关了”时，“冲动的全退。分期关了”要真的走得通，得先算清手里的缓冲能垫住哪一段。；“冲动的全退。分期关了”照样有代价，不过缓冲只垫住眼前，没有假装风险已经消失。 你这次走的是“冲动的全退。分期关了”。	无	三代理混排复核完成；已发现项已修正
decision_141	decision_141_choice_2	decision	habits	年龄 18—72；人物 []；门槛 {"all":[{"path":"habits.type","op":"eq","value":"shopping"},{"path":"habits.risk","op":"gte","value":1},{"path":"habits.stage","op":"in","value":["exposed","repeating"]}],"any":[],"none":[]}	买买买的事，怎么收？	想买的先放着。月底看 → 不是非用不可的——放进等着的单子。月底再翻。	[{"type":"tag","target":"history","value":"habits:exposed"},{"type":"add","target":"agency","value":3},{"type":"set","target":"habits.type","value":"shopping"},{"type":"set","target":"habits.stage","value":"exposed"},{"type":"set","target":"habits.recoveryYears","value":0},{"type":"add","target":"habits.risk","value":1},{"type":"add","target":"finance.cash","value":-300},{"type":"add","target":"pressures.money","value":0},{"type":"add","target":"pressures.family","value":0}]	echo_141@2—4年：买没买过头——最后在账单和屋里的地方看得出来。；大多没买了。还得接着看。；效果 [{"type":"add","target":"capabilities.resilience","value":1},{"type":"tag","target":"history","value":"echo:habits"}]	无	无	三代理混排复核完成；已发现项已修正
decision_141	decision_141_choice_3	decision	habits	年龄 18—72；人物 []；门槛 {"all":[{"path":"habits.type","op":"eq","value":"shopping"},{"path":"habits.risk","op":"gte","value":1},{"path":"habits.stage","op":"in","value":["exposed","repeating"]}],"any":[],"none":[]}	买买买的事，怎么收？	大的退了。小的——算了 → 最贵的退了。小的一直买——不是买不起，是心里不痛快的时候管不住。	[{"type":"tag","target":"history","value":"habits:dependent"},{"type":"add","target":"agency","value":2},{"type":"set","target":"habits.type","value":"shopping"},{"type":"set","target":"habits.stage","value":"dependent"},{"type":"set","target":"habits.recoveryYears","value":0},{"type":"add","target":"habits.risk","value":7},{"type":"add","target":"finance.cash","value":-7000},{"type":"add","target":"pressures.money","value":6},{"type":"add","target":"pressures.family","value":4}]	echo_141@3—5年：买没买过头——最后在账单和屋里的地方看得出来。；大的少了。旧单子没下，新的一来，手比眼快。；效果 [{"type":"add","target":"pressures.money","value":4},{"type":"tag","target":"history","value":"echo:habits"}]	无	无	三代理混排复核完成；已发现项已修正
decision_141	decision_141_choice_4	decision	habits	年龄 18—72；人物 []；门槛 {"all":[{"path":"habits.type","op":"eq","value":"shopping"},{"path":"habits.risk","op":"gte","value":1},{"path":"habits.stage","op":"in","value":["exposed","repeating"]}],"any":[],"none":[]}	买买买的事，怎么收？	再开一张。多借点 → 新的额度批了。这个月没逾期。	[{"type":"tag","target":"history","value":"habits:uncontrolled"},{"type":"add","target":"agency","value":1},{"type":"set","target":"habits.type","value":"shopping"},{"type":"set","target":"habits.stage","value":"uncontrolled"},{"type":"set","target":"habits.recoveryYears","value":0},{"type":"add","target":"habits.risk","value":15},{"type":"add","target":"finance.cash","value":-10500},{"type":"add","target":"pressures.money","value":9},{"type":"add","target":"pressures.family","value":6},{"type":"addLiability","target":"finance.liabilities","value":30000,"kind":"consumer","rate":0.12}]	echo_141@4—6年：买没买过头——最后在账单和屋里的地方看得出来。；旧的还了又借。新的又加了。进了管不住。；效果 [{"type":"add","target":"pressures.money","value":4},{"type":"tag","target":"history","value":"echo:habits"}]	无	无	三代理混排复核完成；已发现项已修正
decision_142	decision_142_choice_1	decision	habits	年龄 20—85；人物 []；门槛 {"all":[{"path":"habits.type","op":"eq","value":"shopping"},{"path":"habits.risk","op":"gte","value":1},{"path":"habits.stage","op":"in","value":["dependent","uncontrolled"]}],"any":[],"none":[]}	分期开始挤必要开销，包裹也藏不住了。账单先怎么摊开？	单子全打出来。分期关了 → 所有订单和分期列了一长条。新的额度关了。找怎么处理债。	[{"type":"tag","target":"history","value":"habits:assessed"},{"type":"add","target":"agency","value":4},{"type":"set","target":"habits.type","value":"shopping"},{"type":"set","target":"habits.stage","value":"treatment"},{"type":"set","target":"habits.recoveryYears","value":0},{"type":"add","target":"habits.risk","value":-12},{"type":"add","target":"finance.cash","value":-1500},{"type":"add","target":"pressures.money","value":-3},{"type":"add","target":"pressures.family","value":-2}]	echo_142@1—3年：账单摊开以后——买和欠，才被一块处理。；房租和水电先保住了。旧的开始往下减。；效果 [{"type":"add","target":"agency","value":1},{"type":"tag","target":"history","value":"echo:habits"}]	evidence/resultVariant；准备“单子全打出来。分期关了”时，这次多了一步准备：先把日期、凭据和能复核的细节放在手边。；结果仍不确定；该留下的凭据没有缺席。 你这次走的是“单子全打出来。分期关了”。	无	三代理混排复核完成；已发现项已修正
decision_142	decision_142_choice_2	decision	habits	年龄 20—85；人物 []；门槛 {"all":[{"path":"habits.type","op":"eq","value":"shopping"},{"path":"habits.risk","op":"gte","value":1},{"path":"habits.stage","op":"in","value":["dependent","uncontrolled"]}],"any":[],"none":[]}	分期开始挤必要开销，包裹也藏不住了。账单先怎么摊开？	大的退了。小的——小的算了 → 最贵的退了，没拆的也退了。小的不想退了——也不是买不起，就是管不住。	[{"type":"tag","target":"history","value":"habits:monitored"},{"type":"add","target":"agency","value":3},{"type":"set","target":"habits.type","value":"shopping"},{"type":"set","target":"habits.stage","value":"dependent"},{"type":"set","target":"habits.recoveryYears","value":0},{"type":"add","target":"habits.risk","value":3},{"type":"add","target":"finance.cash","value":-7000},{"type":"add","target":"pressures.money","value":6},{"type":"add","target":"pressures.family","value":4}]	echo_142@2—4年：账单摊开以后——买和欠，才被一块处理。；大的没了。一促销，手还是比脑子快。；效果 [{"type":"add","target":"capabilities.resilience","value":1},{"type":"tag","target":"history","value":"echo:habits"}]	无	无	三代理混排复核完成；已发现项已修正
decision_142	decision_142_choice_3	decision	habits	年龄 20—85；人物 []；门槛 {"all":[{"path":"habits.type","op":"eq","value":"shopping"},{"path":"habits.risk","op":"gte","value":1},{"path":"habits.stage","op":"in","value":["dependent","uncontrolled"]}],"any":[],"none":[]}	分期开始挤必要开销，包裹也藏不住了。账单先怎么摊开？	再借一张。这个月先顶过去 → 弹了一张新额度。你跟自己说下个月肯定还——上个月也这么说的。	[{"type":"tag","target":"history","value":"habits:declined"},{"type":"add","target":"agency","value":2},{"type":"set","target":"habits.type","value":"shopping"},{"type":"set","target":"habits.stage","value":"uncontrolled"},{"type":"set","target":"habits.recoveryYears","value":0},{"type":"add","target":"habits.risk","value":12},{"type":"add","target":"finance.cash","value":-10500},{"type":"add","target":"pressures.money","value":9},{"type":"add","target":"pressures.family","value":6},{"type":"addLiability","target":"finance.liabilities","value":30000,"kind":"consumer","rate":0.12}]	echo_142@3—5年：账单摊开以后——买和欠，才被一块处理。；利息和订单一起长。催款电话也开始接连响。；效果 [{"type":"add","target":"pressures.money","value":4},{"type":"tag","target":"history","value":"echo:habits"}]	无	无	三代理混排复核完成；已发现项已修正
decision_143	decision_143_choice_1	decision	habits	年龄 20—85；人物 []；门槛 {"all":[{"path":"habits.type","op":"eq","value":"shopping"},{"path":"habits.risk","op":"gte","value":1},{"path":"habits.stage","op":"in","value":["treatment","dependent","uncontrolled"]}],"any":[],"none":[]}	订单和欠款都对清以后，必要开销和想买的东西怎么分？	让人帮。按单子来 → 你接着做心理的和债务的。不是非买不可的——得过等的那关。	[{"type":"tag","target":"history","value":"habits:recovery"},{"type":"add","target":"agency","value":4},{"type":"set","target":"habits.type","value":"shopping"},{"type":"set","target":"habits.stage","value":"recovery"},{"type":"set","target":"habits.recoveryYears","value":0},{"type":"add","target":"habits.risk","value":-15},{"type":"add","target":"finance.cash","value":-1000},{"type":"add","target":"pressures.money","value":-5},{"type":"add","target":"pressures.family","value":-4}]	echo_143@1—3年：恢复不是啥都不买。是买回到日子能扛的范围。；一年。账单里又是房租和日用为主了。；效果 [{"type":"add","target":"agency","value":1},{"type":"tag","target":"history","value":"echo:habits"}]	boundary/resultVariant；准备“让人帮。按单子来”时，动手以前，你决定把愿意承担和不能接受的部分分别说清，再看要不要“让人帮。按单子来”。；结果落定时，你的界线没有在点头时一起让出去。 你这次走的是“让人帮。按单子来”。	住房债务	三代理混排复核完成；已发现项已修正
decision_143	decision_143_choice_2	decision	habits	年龄 20—85；人物 []；门槛 {"all":[{"path":"habits.type","op":"eq","value":"shopping"},{"path":"habits.risk","op":"gte","value":1},{"path":"habits.stage","op":"in","value":["treatment","dependent","uncontrolled"]}],"any":[],"none":[]}	订单和欠款都对清以后，必要开销和想买的东西怎么分？	该买的还买。一个月对一回 → 没搞极端不买。不是非用的——月底看一遍。	[{"type":"tag","target":"history","value":"habits:continuing"},{"type":"add","target":"agency","value":3},{"type":"set","target":"habits.type","value":"shopping"},{"type":"set","target":"habits.stage","value":"treatment"},{"type":"set","target":"habits.recoveryYears","value":0},{"type":"add","target":"habits.risk","value":-6},{"type":"add","target":"finance.cash","value":-1500},{"type":"add","target":"pressures.money","value":-3},{"type":"add","target":"pressures.family","value":-2}]	echo_143@2—4年：恢复不是啥都不买。是买回到日子能扛的范围。；花销慢慢稳。有压力的时候还是会往单子上放东西。；效果 [{"type":"add","target":"capabilities.resilience","value":1},{"type":"tag","target":"history","value":"echo:habits"}]	无	住房债务	三代理混排复核完成；已发现项已修正
decision_143	decision_143_choice_3	decision	habits	年龄 20—85；人物 []；门槛 {"all":[{"path":"habits.type","op":"eq","value":"shopping"},{"path":"habits.risk","op":"gte","value":1},{"path":"habits.stage","op":"in","value":["treatment","dependent","uncontrolled"]}],"any":[],"none":[]}	订单和欠款都对清以后，必要开销和想买的东西怎么分？	又开了。再买 → 促销回来了。跟自己说就一件。	[{"type":"tag","target":"history","value":"habits:support_exit"},{"type":"add","target":"agency","value":2},{"type":"set","target":"habits.type","value":"shopping"},{"type":"set","target":"habits.stage","value":"dependent"},{"type":"set","target":"habits.recoveryYears","value":0},{"type":"add","target":"habits.risk","value":2},{"type":"add","target":"finance.cash","value":-7000},{"type":"add","target":"pressures.money","value":6},{"type":"add","target":"pressures.family","value":4}]	echo_143@3—5年：恢复不是啥都不买。是买回到日子能扛的范围。；连着几单又来了。恢复的日子和还款表——一起重写。；效果 [{"type":"add","target":"pressures.money","value":4},{"type":"tag","target":"history","value":"echo:habits"}]	无	住房债务	三代理混排复核完成；已发现项已修正
decision_143	decision_143_choice_4	decision	habits	年龄 20—85；人物 []；门槛 {"all":[{"path":"habits.type","op":"eq","value":"shopping"},{"path":"habits.risk","op":"gte","value":1},{"path":"habits.stage","op":"in","value":["treatment","dependent","uncontrolled"]}],"any":[],"none":[]}	订单和欠款都对清以后，必要开销和想买的东西怎么分？	不看了。硬憋着啥也不买 → 后面的复盘全停了。告诉自己要买就全不行——日常用的也一直拖。	[{"type":"tag","target":"history","value":"habits:uncontrolled"},{"type":"add","target":"agency","value":1},{"type":"set","target":"habits.type","value":"shopping"},{"type":"set","target":"habits.stage","value":"uncontrolled"},{"type":"set","target":"habits.recoveryYears","value":0},{"type":"add","target":"habits.risk","value":14},{"type":"add","target":"finance.cash","value":-10500},{"type":"add","target":"pressures.money","value":9},{"type":"add","target":"pressures.family","value":6},{"type":"addLiability","target":"finance.liabilities","value":30000,"kind":"consumer","rate":0.12}]	echo_143@4—6年：恢复不是啥都不买。是买回到日子能扛的范围。；一阵子没买。有压力的时候——口子一开就全回来。；效果 [{"type":"add","target":"pressures.money","value":4},{"type":"tag","target":"history","value":"echo:habits"}]	无	住房债务	三代理混排复核完成；已发现项已修正
decision_144	decision_144_choice_1	decision	habits	年龄 20—90；人物 []；门槛 {"all":[{"path":"habits.type","op":"eq","value":"shopping"},{"path":"habits.stage","op":"eq","value":"recovery"},{"path":"habits.recoveryYears","op":"gte","value":1}],"any":[],"none":[]}	又开始连买了——怎么弄？	单子全亮出来。等的期恢复 → 订单和金额都列。能退马上退。也把清单接回原来的支持计划。	[{"type":"tag","target":"history","value":"habits:reported"},{"type":"add","target":"agency","value":4},{"type":"set","target":"habits.type","value":"shopping"},{"type":"set","target":"habits.stage","value":"treatment"},{"type":"set","target":"habits.recoveryYears","value":0},{"type":"add","target":"habits.risk","value":-8},{"type":"add","target":"finance.cash","value":-1500},{"type":"add","target":"pressures.money","value":-3},{"type":"add","target":"pressures.family","value":-2}]	echo_144@1—3年：包裹还没到之前的处理——定了账单要不要继续长。；新增的打住了。单子从真的订单往后走。；效果 [{"type":"add","target":"agency","value":1},{"type":"tag","target":"history","value":"echo:habits"}]	resilience/riskShift；准备“单子全亮出来。等的期恢复”时，这次多做了一层准备：给最坏的结果留一条还能继续的路。；回头看这一步，这一下没有堵死后面的路。 你这次走的是“单子全亮出来。等的期恢复”。	无	三代理混排复核完成；已发现项已修正
decision_144	decision_144_choice_2	decision	habits	年龄 20—90；人物 []；门槛 {"all":[{"path":"habits.type","op":"eq","value":"shopping"},{"path":"habits.stage","op":"eq","value":"recovery"},{"path":"habits.recoveryYears","op":"gte","value":1}],"any":[],"none":[]}	又开始连买了——怎么弄？	提醒全关。分期不给开 → 促销口子关了。不是非用的——放回等的单子。	[{"type":"tag","target":"history","value":"habits:restricted"},{"type":"add","target":"agency","value":3},{"type":"set","target":"habits.type","value":"shopping"},{"type":"set","target":"habits.stage","value":"recovery"},{"type":"set","target":"habits.recoveryYears","value":0},{"type":"add","target":"habits.risk","value":-4},{"type":"add","target":"finance.cash","value":-1000},{"type":"add","target":"pressures.money","value":-5},{"type":"add","target":"pressures.family","value":-4}]	echo_144@2—4年：包裹还没到之前的处理——定了账单要不要继续长。；容易冲动的口子少了。心里的事——复盘时再说。；效果 [{"type":"add","target":"capabilities.resilience","value":1},{"type":"tag","target":"history","value":"echo:habits"}]	无	无	三代理混排复核完成；已发现项已修正
decision_144	decision_144_choice_3	decision	habits	年龄 20—90；人物 []；门槛 {"all":[{"path":"habits.type","op":"eq","value":"shopping"},{"path":"habits.stage","op":"eq","value":"recovery"},{"path":"habits.recoveryYears","op":"gte","value":1}],"any":[],"none":[]}	又开始连买了——怎么弄？	藏起来。接着小的 → 包裹进柜子。跟家里说——那是旧的。	[{"type":"tag","target":"history","value":"habits:hidden"},{"type":"add","target":"agency","value":2},{"type":"set","target":"habits.type","value":"shopping"},{"type":"set","target":"habits.stage","value":"relapse"},{"type":"set","target":"habits.recoveryYears","value":0},{"type":"add","target":"habits.risk","value":10},{"type":"add","target":"finance.cash","value":-10500},{"type":"add","target":"pressures.money","value":9},{"type":"add","target":"pressures.family","value":6},{"type":"addLiability","target":"finance.liabilities","value":30000,"kind":"consumer","rate":0.12}]	echo_144@3—5年：包裹还没到之前的处理——定了账单要不要继续长。；单子还涨。恢复开始往下掉。；效果 [{"type":"add","target":"pressures.money","value":4},{"type":"tag","target":"history","value":"echo:habits"}]	无	无	三代理混排复核完成；已发现项已修正
decision_145	decision_145_choice_1	decision	habits	年龄 20—90；人物 []；门槛 {"all":[{"path":"habits.type","op":"eq","value":"shopping"},{"path":"habits.stage","op":"in","value":["treatment","recovery","relapse"]}],"any":[],"none":[]}	这回买过头了，怎么收？	重新让人帮。债慢慢理 → 心理的和还款接着走。不是非用的——得过等的期。	[{"type":"tag","target":"history","value":"habits:recovery_reset"},{"type":"add","target":"agency","value":4},{"type":"set","target":"habits.type","value":"shopping"},{"type":"set","target":"habits.stage","value":"recovery"},{"type":"set","target":"habits.recoveryYears","value":0},{"type":"add","target":"habits.risk","value":-14},{"type":"add","target":"finance.cash","value":-1000},{"type":"add","target":"pressures.money","value":-5},{"type":"add","target":"pressures.family","value":-4}]	echo_145@1—3年：买东西的口子重理了——恢复有了新的账单开始。；恢复从头算。账单先回到基本开销。；效果 [{"type":"add","target":"agency","value":1},{"type":"tag","target":"history","value":"echo:habits"}]	cashBuffer/costShift；准备“重新让人帮。债慢慢理”时，眼前仍要你自己选；牌能帮的，是算清手里的缓冲能垫住哪一段。；这次仍要由你承担后果；缓冲只垫住眼前，没有假装风险已经消失。 你这次走的是“重新让人帮。债慢慢理”。	无	三代理混排复核完成；已发现项已修正
decision_145	decision_145_choice_2	decision	habits	年龄 20—90；人物 []；门槛 {"all":[{"path":"habits.type","op":"eq","value":"shopping"},{"path":"habits.stage","op":"in","value":["treatment","recovery","relapse"]}],"any":[],"none":[]}	这回买过头了，怎么收？	该买的买。月底对 → 没极端到啥都不买。不是非用的——月底看一下。	[{"type":"tag","target":"history","value":"habits:treatment_return"},{"type":"add","target":"agency","value":3},{"type":"set","target":"habits.type","value":"shopping"},{"type":"set","target":"habits.stage","value":"treatment"},{"type":"set","target":"habits.recoveryYears","value":0},{"type":"add","target":"habits.risk","value":-7},{"type":"add","target":"finance.cash","value":-1500},{"type":"add","target":"pressures.money","value":-3},{"type":"add","target":"pressures.family","value":-2}]	echo_145@2—4年：买东西的口子重理了——恢复有了新的账单开始。；还在看着。分期没再长。；效果 [{"type":"add","target":"capabilities.resilience","value":1},{"type":"tag","target":"history","value":"echo:habits"}]	无	无	三代理混排复核完成；已发现项已修正
decision_145	decision_145_choice_3	decision	habits	年龄 20—90；人物 []；门槛 {"all":[{"path":"habits.type","op":"eq","value":"shopping"},{"path":"habits.stage","op":"in","value":["treatment","recovery","relapse"]}],"any":[],"none":[]}	这回买过头了，怎么收？	就那一次。后面的没再连 → 后面没连着买。基本开销和账单也没事。	[{"type":"tag","target":"history","value":"habits:lapse_only"},{"type":"add","target":"agency","value":2},{"type":"set","target":"habits.type","value":"shopping"},{"type":"set","target":"habits.stage","value":"recovery"},{"type":"add","target":"habits.risk","value":-4},{"type":"add","target":"finance.cash","value":-1000},{"type":"add","target":"pressures.money","value":-5},{"type":"add","target":"pressures.family","value":-4}]	echo_145@3—5年：买东西的口子重理了——恢复有了新的账单开始。；滑了一下——记着。没拉成大复发。；效果 [{"type":"add","target":"pressures.money","value":4},{"type":"tag","target":"history","value":"echo:habits"}]	无	无	三代理混排复核完成；已发现项已修正
decision_145	decision_145_choice_4	decision	habits	年龄 20—90；人物 []；门槛 {"all":[{"path":"habits.type","op":"eq","value":"shopping"},{"path":"habits.stage","op":"in","value":["treatment","recovery","relapse"]}],"any":[],"none":[]}	这回买过头了，怎么收？	又开了。分期也开了 → 促销回来了。新额度——单子全留。	[{"type":"tag","target":"history","value":"habits:relapse"},{"type":"add","target":"agency","value":1},{"type":"set","target":"habits.type","value":"shopping"},{"type":"set","target":"habits.stage","value":"relapse"},{"type":"set","target":"habits.recoveryYears","value":0},{"type":"add","target":"habits.risk","value":14},{"type":"add","target":"finance.cash","value":-10500},{"type":"add","target":"pressures.money","value":9},{"type":"add","target":"pressures.family","value":6},{"type":"addLiability","target":"finance.liabilities","value":30000,"kind":"consumer","rate":0.12}]	echo_145@4—6年：买东西的口子重理了——恢复有了新的账单开始。；分期又挤必要开销。复发——确认。；效果 [{"type":"add","target":"pressures.money","value":4},{"type":"tag","target":"history","value":"echo:habits"}]	无	无	三代理混排复核完成；已发现项已修正
decision_146	decision_146_choice_1	decision	habits	年龄 16—78；人物 []；门槛 {"all":[{"path":"habits.type","op":"eq","value":"none"},{"path":"habits.stage","op":"eq","value":"none"}],"any":[{"path":"health.status","op":"in","value":["monitoring","treating","recovering","managed","limited"]},{"path":"health.currentCondition","op":"truthy","value":true}],"none":[]}	药盒比复诊日期先空了一格。下一次用药，你准备怎么处理？	按医嘱吃。早点去复诊 → 你没自己停，也没加。带着药盒去让医生看。	[{"type":"tag","target":"history","value":"habits:ordinary_exit"},{"type":"add","target":"agency","value":4},{"type":"set","target":"habits.type","value":"none"},{"type":"set","target":"habits.stage","value":"none"},{"type":"set","target":"habits.recoveryYears","value":0},{"type":"add","target":"habits.risk","value":-8},{"type":"add","target":"health.physical","value":0},{"type":"add","target":"health.mental","value":0},{"type":"add","target":"pressures.body","value":0}]	echo_146@1—3年：对着药盒和复诊日看了——身体靠药、用错了和成瘾，不是一码事。；医生确认了用法。该治的接着治。没被写成成瘾。；效果 [{"type":"add","target":"agency","value":1},{"type":"tag","target":"history","value":"echo:habits"}]	healthLiteracy/riskShift；准备“按医嘱吃。早点去复诊”时，你没有急着选，先把身体反应和该问医生的事记下来。；多出来的差别很具体：身体的信号被带进了决定里。 你这次走的是“按医嘱吃。早点去复诊”。	健康照护、职业资产	三代理混排复核完成；已发现项已修正
decision_146	decision_146_choice_2	decision	habits	年龄 16—78；人物 []；门槛 {"all":[{"path":"habits.type","op":"eq","value":"none"},{"path":"habits.stage","op":"eq","value":"none"}],"any":[{"path":"health.status","op":"in","value":["monitoring","treating","recovering","managed","limited"]},{"path":"health.currentCondition","op":"truthy","value":true}],"none":[]}	药盒比复诊日期先空了一格。下一次用药，你准备怎么处理？	把没吃时候的不舒服记下来。约医生看 → 漏了以后什么感觉——写了。没自己猜原因。	[{"type":"tag","target":"history","value":"habits:monitoring"},{"type":"add","target":"agency","value":3},{"type":"set","target":"habits.type","value":"medication"},{"type":"set","target":"habits.stage","value":"exposed"},{"type":"set","target":"habits.recoveryYears","value":0},{"type":"add","target":"habits.risk","value":2},{"type":"add","target":"health.physical","value":0},{"type":"add","target":"health.mental","value":0},{"type":"add","target":"pressures.body","value":0},{"type":"add","target":"finance.cash","value":-1500}]	echo_146@2—4年：对着药盒和复诊日看了——身体靠药、用错了和成瘾，不是一码事。；复诊的时候，医生开始看身体靠药和原来的病。；效果 [{"type":"add","target":"capabilities.resilience","value":1},{"type":"tag","target":"history","value":"echo:habits"}]	无	健康照护、职业资产	三代理混排复核完成；已发现项已修正
decision_146	decision_146_choice_3	decision	habits	年龄 16—78；人物 []；门槛 {"all":[{"path":"habits.type","op":"eq","value":"none"},{"path":"habits.stage","op":"eq","value":"none"}],"any":[{"path":"health.status","op":"in","value":["monitoring","treating","recovering","managed","limited"]},{"path":"health.currentCondition","op":"truthy","value":true}],"none":[]}	药盒比复诊日期先空了一格。下一次用药，你准备怎么处理？	自己加量。先扛过去 → 你没跟医生说。几次吃到方子外面去了。	[{"type":"tag","target":"history","value":"habits:repeating"},{"type":"add","target":"agency","value":2},{"type":"set","target":"habits.type","value":"medication"},{"type":"set","target":"habits.stage","value":"repeating"},{"type":"set","target":"habits.recoveryYears","value":0},{"type":"add","target":"habits.risk","value":8},{"type":"add","target":"health.physical","value":0},{"type":"add","target":"health.mental","value":0},{"type":"add","target":"pressures.body","value":0}]	echo_146@3—5年：对着药盒和复诊日看了——身体靠药、用错了和成瘾，不是一码事。；药盒提前空了。白天的状态也受了影响。；效果 [{"type":"add","target":"pressures.body","value":4},{"type":"tag","target":"history","value":"echo:habits"}]	无	健康照护、职业资产	三代理混排复核完成；已发现项已修正
decision_147	decision_147_choice_1	decision	habits	年龄 16—78；人物 []；门槛 {"all":[{"path":"habits.type","op":"eq","value":"medication"},{"path":"habits.risk","op":"gte","value":1},{"path":"habits.stage","op":"in","value":["exposed","repeating"]}],"any":[],"none":[]}	用得不对了，怎么收？	带药盒按真的量去复诊 → 你没猛停，也没藏加量。药盒和哪天——让医生看。	[{"type":"tag","target":"history","value":"habits:stopped"},{"type":"add","target":"agency","value":4},{"type":"set","target":"habits.type","value":"none"},{"type":"set","target":"habits.stage","value":"none"},{"type":"set","target":"habits.recoveryYears","value":0},{"type":"add","target":"habits.risk","value":-12},{"type":"add","target":"health.physical","value":0},{"type":"add","target":"health.mental","value":0},{"type":"add","target":"pressures.body","value":0}]	echo_147@1—3年：真的用量写进复诊——才有了对的开头。；看过以后，该治的接着治。身体靠药和成瘾——没混成同一句。；效果 [{"type":"add","target":"agency","value":1},{"type":"tag","target":"history","value":"echo:habits"}]	healthLiteracy/riskShift；准备“带药盒按真的量去复诊”时，“带药盒按真的量去复诊”要真的走得通，得先把身体反应和该问医生的事记下来。；“带药盒按真的量去复诊”照样有代价，不过身体的信号被带进了决定里。 你这次走的是“带药盒按真的量去复诊”。	健康照护、职业资产	三代理混排复核完成；已发现项已修正
decision_147	decision_147_choice_2	decision	habits	年龄 16—78；人物 []；门槛 {"all":[{"path":"habits.type","op":"eq","value":"medication"},{"path":"habits.risk","op":"gte","value":1},{"path":"habits.stage","op":"in","value":["exposed","repeating"]}],"any":[],"none":[]}	用得不对了，怎么收？	先不乱加。让人看着 → 你不加了。在医生看下面先稳原来的病和白天。	[{"type":"tag","target":"history","value":"habits:exposed"},{"type":"add","target":"agency","value":3},{"type":"set","target":"habits.type","value":"medication"},{"type":"set","target":"habits.stage","value":"exposed"},{"type":"set","target":"habits.recoveryYears","value":0},{"type":"add","target":"habits.risk","value":1},{"type":"add","target":"health.physical","value":0},{"type":"add","target":"health.mental","value":0},{"type":"add","target":"pressures.body","value":0},{"type":"add","target":"finance.cash","value":-1500}]	echo_147@2—4年：真的用量写进复诊——才有了对的开头。；用量回到框里。还得接着看。；效果 [{"type":"add","target":"capabilities.resilience","value":1},{"type":"tag","target":"history","value":"echo:habits"}]	无	职业资产	三代理混排复核完成；已发现项已修正
decision_147	decision_147_choice_3	decision	habits	年龄 16—78；人物 []；门槛 {"all":[{"path":"habits.type","op":"eq","value":"medication"},{"path":"habits.risk","op":"gte","value":1},{"path":"habits.stage","op":"in","value":["exposed","repeating"]}],"any":[],"none":[]}	用得不对了，怎么收？	还那样。先不说 → 你没接着加——但也没跟医生说真怎么吃。	[{"type":"tag","target":"history","value":"habits:dependent"},{"type":"add","target":"agency","value":2},{"type":"set","target":"habits.type","value":"medication"},{"type":"set","target":"habits.stage","value":"dependent"},{"type":"set","target":"habits.recoveryYears","value":0},{"type":"add","target":"habits.risk","value":7},{"type":"add","target":"health.physical","value":-4},{"type":"add","target":"health.mental","value":-2},{"type":"add","target":"pressures.body","value":4}]	echo_147@3—5年：真的用量写进复诊——才有了对的开头。；管不住没修好。害还在。；效果 [{"type":"add","target":"pressures.body","value":4},{"type":"tag","target":"history","value":"echo:habits"}]	无	职业资产	三代理混排复核完成；已发现项已修正
decision_147	decision_147_choice_4	decision	habits	年龄 16—78；人物 []；门槛 {"all":[{"path":"habits.type","op":"eq","value":"medication"},{"path":"habits.risk","op":"gte","value":1},{"path":"habits.stage","op":"in","value":["exposed","repeating"]}],"any":[],"none":[]}	用得不对了，怎么收？	借别人的。补自己缺的 → 方子不够的时候——你吃了来路不是自己的。	[{"type":"tag","target":"history","value":"habits:uncontrolled"},{"type":"add","target":"agency","value":1},{"type":"set","target":"habits.type","value":"medication"},{"type":"set","target":"habits.stage","value":"uncontrolled"},{"type":"set","target":"habits.recoveryYears","value":0},{"type":"add","target":"habits.risk","value":15},{"type":"add","target":"health.physical","value":-6},{"type":"add","target":"health.mental","value":-3},{"type":"add","target":"pressures.body","value":6}]	echo_147@4—6年：真的用量写进复诊——才有了对的开头。；量和来路都管不住了。进了管不住。；效果 [{"type":"add","target":"pressures.body","value":4},{"type":"tag","target":"history","value":"echo:habits"}]	无	无	三代理混排复核完成；已发现项已修正
decision_148	decision_148_choice_1	decision	habits	年龄 18—90；人物 []；门槛 {"all":[{"path":"habits.type","op":"eq","value":"medication"},{"path":"habits.risk","op":"gte","value":1},{"path":"habits.stage","op":"in","value":["dependent","uncontrolled"]}],"any":[],"none":[]}	真实用量、身体反应和原来的病都需要重看。你先怎么跟医生说？	跟医生说实话 → 加了量和难受——都说了。医生重看原来的病和用药的风险。	[{"type":"tag","target":"history","value":"habits:assessed"},{"type":"add","target":"agency","value":4},{"type":"set","target":"habits.type","value":"medication"},{"type":"set","target":"habits.stage","value":"treatment"},{"type":"set","target":"habits.recoveryYears","value":0},{"type":"add","target":"habits.risk","value":-12},{"type":"add","target":"health.physical","value":1},{"type":"add","target":"health.mental","value":2},{"type":"add","target":"pressures.body","value":-2},{"type":"add","target":"finance.cash","value":-1500}]	echo_148@1—3年：真的用了多少写进病历——才知道怎么开始才安全。；新的计划里——怎么盯、怎么一步步调，都写进了复诊那天。；效果 [{"type":"add","target":"agency","value":1},{"type":"tag","target":"history","value":"echo:habits"}]	evidence/resultVariant；准备“跟医生说实话”时，这次多了一步准备：先把日期、凭据和能复核的细节放在手边。；结果仍不确定；该留下的凭据没有缺席。 你这次走的是“跟医生说实话”。	健康照护、职业资产	三代理混排复核完成；已发现项已修正
decision_148	decision_148_choice_2	decision	habits	年龄 18—90；人物 []；门槛 {"all":[{"path":"habits.type","op":"eq","value":"medication"},{"path":"habits.risk","op":"gte","value":1},{"path":"habits.stage","op":"in","value":["dependent","uncontrolled"]}],"any":[],"none":[]}	真实用量、身体反应和原来的病都需要重看。你先怎么跟医生说？	先不乱加。让医生看着 → 你不再加了。在医生看着下面先稳原来的病。	[{"type":"tag","target":"history","value":"habits:monitored"},{"type":"add","target":"agency","value":3},{"type":"set","target":"habits.type","value":"medication"},{"type":"set","target":"habits.stage","value":"dependent"},{"type":"set","target":"habits.recoveryYears","value":0},{"type":"add","target":"habits.risk","value":3},{"type":"add","target":"health.physical","value":-4},{"type":"add","target":"health.mental","value":-2},{"type":"add","target":"pressures.body","value":4}]	echo_148@2—4年：真的用了多少写进病历——才知道怎么开始才安全。；日子暂时回来了。靠药和后面怎么调——还得接着弄。；效果 [{"type":"add","target":"capabilities.resilience","value":1},{"type":"tag","target":"history","value":"echo:habits"}]	无	职业资产	三代理混排复核完成；已发现项已修正
decision_148	decision_148_choice_3	decision	habits	年龄 18—90；人物 []；门槛 {"all":[{"path":"habits.type","op":"eq","value":"medication"},{"path":"habits.risk","op":"gte","value":1},{"path":"habits.stage","op":"in","value":["dependent","uncontrolled"]}],"any":[],"none":[]}	真实用量、身体反应和原来的病都需要重看。你先怎么跟医生说？	借别人的。补窟窿 → 方子不够的时候，你吃了来路不是自己的。	[{"type":"tag","target":"history","value":"habits:declined"},{"type":"add","target":"agency","value":2},{"type":"set","target":"habits.type","value":"medication"},{"type":"set","target":"habits.stage","value":"uncontrolled"},{"type":"set","target":"habits.recoveryYears","value":0},{"type":"add","target":"habits.risk","value":12},{"type":"add","target":"health.physical","value":-6},{"type":"add","target":"health.mental","value":-3},{"type":"add","target":"pressures.body","value":6}]	echo_148@3—5年：真的用了多少写进病历——才知道怎么开始才安全。；量和来路都管不住了。身体和日常——一起更差。；效果 [{"type":"add","target":"pressures.body","value":4},{"type":"tag","target":"history","value":"echo:habits"}]	无	职业资产	三代理混排复核完成；已发现项已修正
decision_149	decision_149_choice_1	decision	habits	年龄 18—90；人物 []；门槛 {"all":[{"path":"habits.type","op":"eq","value":"medication"},{"path":"habits.risk","op":"gte","value":1},{"path":"habits.stage","op":"in","value":["treatment","dependent","uncontrolled"]}],"any":[],"none":[]}	医生看过真实用量以后，治疗和每天的安排怎么继续？	按计划，一步步来 → 按身体和医嘱走。没为了赶日子猛停。	[{"type":"tag","target":"history","value":"habits:recovery"},{"type":"add","target":"agency","value":4},{"type":"set","target":"habits.type","value":"medication"},{"type":"set","target":"habits.stage","value":"recovery"},{"type":"set","target":"habits.recoveryYears","value":0},{"type":"add","target":"habits.risk","value":-15},{"type":"add","target":"health.physical","value":3},{"type":"add","target":"health.mental","value":3},{"type":"add","target":"pressures.body","value":-4},{"type":"add","target":"finance.cash","value":-1500}]	echo_149@1—3年：药这件事的恢复——写在复诊和功能上。不是拿猛停来证明自己行。；复诊一直走。功能慢慢回来。调的计划安全收了。；效果 [{"type":"add","target":"agency","value":1},{"type":"tag","target":"history","value":"echo:habits"}]	healthLiteracy/riskShift；准备“按计划，一步步来”时，动手以前，你决定把身体反应和该问医生的事记下来，再看要不要“按计划，一步步来”。；结果落定时，身体的信号被带进了决定里。 你这次走的是“按计划，一步步来”。	健康照护、职业资产	三代理混排复核完成；已发现项已修正
decision_149	decision_149_choice_2	decision	habits	年龄 18—90；人物 []；门槛 {"all":[{"path":"habits.type","op":"eq","value":"medication"},{"path":"habits.risk","op":"gte","value":1},{"path":"habits.stage","op":"in","value":["treatment","dependent","uncontrolled"]}],"any":[],"none":[]}	医生看过真实用量以后，治疗和每天的安排怎么继续？	该治的接着治。定期看 → 医生说原病还得用药。你按方子走，到日子就去。	[{"type":"tag","target":"history","value":"habits:continuing"},{"type":"add","target":"agency","value":3},{"type":"set","target":"habits.type","value":"medication"},{"type":"set","target":"habits.stage","value":"treatment"},{"type":"set","target":"habits.recoveryYears","value":0},{"type":"add","target":"habits.risk","value":-6},{"type":"add","target":"health.physical","value":1},{"type":"add","target":"health.mental","value":2},{"type":"add","target":"pressures.body","value":-2},{"type":"add","target":"finance.cash","value":-1500}]	echo_149@2—4年：药这件事的恢复——写在复诊和功能上。不是拿猛停来证明自己行。；稳着。该用的药不是在认输。；效果 [{"type":"add","target":"capabilities.resilience","value":1},{"type":"tag","target":"history","value":"echo:habits"}]	无	健康照护、职业资产	三代理混排复核完成；已发现项已修正
decision_149	decision_149_choice_3	decision	habits	年龄 18—90；人物 []；门槛 {"all":[{"path":"habits.type","op":"eq","value":"medication"},{"path":"habits.risk","op":"gte","value":1},{"path":"habits.stage","op":"in","value":["treatment","dependent","uncontrolled"]}],"any":[],"none":[]}	医生看过真实用量以后，治疗和每天的安排怎么继续？	又回到原来的量了 → 有压力的时候没去复诊。直接回到以前吃法。	[{"type":"tag","target":"history","value":"habits:support_exit"},{"type":"add","target":"agency","value":2},{"type":"set","target":"habits.type","value":"medication"},{"type":"set","target":"habits.stage","value":"dependent"},{"type":"set","target":"habits.recoveryYears","value":0},{"type":"add","target":"habits.risk","value":2},{"type":"add","target":"health.physical","value":-4},{"type":"add","target":"health.mental","value":-2},{"type":"add","target":"pressures.body","value":4}]	echo_149@3—5年：药这件事的恢复——写在复诊和功能上。不是拿猛停来证明自己行。；白天又不行了。你认了是复发——又打给了医生。；效果 [{"type":"add","target":"pressures.body","value":4},{"type":"tag","target":"history","value":"echo:habits"}]	无	健康照护、职业资产	三代理混排复核完成；已发现项已修正
decision_149	decision_149_choice_4	decision	habits	年龄 18—90；人物 []；门槛 {"all":[{"path":"habits.type","op":"eq","value":"medication"},{"path":"habits.risk","op":"gte","value":1},{"path":"habits.stage","op":"in","value":["treatment","dependent","uncontrolled"]}],"any":[],"none":[]}	医生看过真实用量以后，治疗和每天的安排怎么继续？	不看了。自己猛停 → 后面的安排全取消。想用突然不吃来证明没事。	[{"type":"tag","target":"history","value":"habits:uncontrolled"},{"type":"add","target":"agency","value":1},{"type":"set","target":"habits.type","value":"medication"},{"type":"set","target":"habits.stage","value":"uncontrolled"},{"type":"set","target":"habits.recoveryYears","value":0},{"type":"add","target":"habits.risk","value":14},{"type":"add","target":"health.physical","value":-6},{"type":"add","target":"health.mental","value":-3},{"type":"add","target":"pressures.body","value":6}]	echo_149@4—6年：药这件事的恢复——写在复诊和功能上。不是拿猛停来证明自己行。；原来的病、扛不住和犯——分不清。风险重新高了。；效果 [{"type":"add","target":"pressures.body","value":4},{"type":"tag","target":"history","value":"echo:habits"}]	无	健康照护、职业资产	三代理混排复核完成；已发现项已修正
decision_150	decision_150_choice_1	decision	habits	年龄 18—95；人物 []；门槛 {"all":[{"path":"habits.type","op":"eq","value":"medication"},{"path":"habits.stage","op":"eq","value":"recovery"},{"path":"habits.recoveryYears","op":"gte","value":1}],"any":[],"none":[]}	又加量了——你先怎么弄？	说了。提前去看 → 真的用了多少和身体反应——记了。打给原来的医生——没自己猛停。	[{"type":"tag","target":"history","value":"habits:reported"},{"type":"add","target":"agency","value":4},{"type":"set","target":"habits.type","value":"medication"},{"type":"set","target":"habits.stage","value":"treatment"},{"type":"set","target":"habits.recoveryYears","value":0},{"type":"add","target":"habits.risk","value":-8},{"type":"add","target":"health.physical","value":1},{"type":"add","target":"health.mental","value":2},{"type":"add","target":"pressures.body","value":-2},{"type":"add","target":"finance.cash","value":-1500}]	echo_150@1—3年：又用多以后——第一步定了它要不要再坏。；新的看从真的那天和剂量接上。；效果 [{"type":"add","target":"agency","value":1},{"type":"tag","target":"history","value":"echo:habits"}]	evidence/resultVariant；准备“说了。提前去看”时，这次多做了一层准备：把日期、凭据和能复核的细节放在手边。；回头看这一步，该留下的凭据没有缺席。 你这次走的是“说了。提前去看”。	职业资产	三代理混排复核完成；已发现项已修正
decision_150	decision_150_choice_2	decision	habits	年龄 18—95；人物 []；门槛 {"all":[{"path":"habits.type","op":"eq","value":"medication"},{"path":"habits.stage","op":"eq","value":"recovery"},{"path":"habits.recoveryYears","op":"gte","value":1}],"any":[],"none":[]}	又加量了——你先怎么弄？	把药盒和拿的让人帮看 → 按医嘱先稳住。信得过的人帮你对着——吃过没、哪天拿。	[{"type":"tag","target":"history","value":"habits:restricted"},{"type":"add","target":"agency","value":3},{"type":"set","target":"habits.type","value":"medication"},{"type":"set","target":"habits.stage","value":"recovery"},{"type":"set","target":"habits.recoveryYears","value":0},{"type":"add","target":"habits.risk","value":-4},{"type":"add","target":"health.physical","value":3},{"type":"add","target":"health.mental","value":3},{"type":"add","target":"pressures.body","value":-4},{"type":"add","target":"finance.cash","value":-1500}]	echo_150@2—4年：又用多以后——第一步定了它要不要再坏。；来路重新清楚。原来的病还是医生在看。；效果 [{"type":"add","target":"capabilities.resilience","value":1},{"type":"tag","target":"history","value":"echo:habits"}]	无	健康照护	三代理混排复核完成；已发现项已修正
decision_150	decision_150_choice_3	decision	habits	年龄 18—95；人物 []；门槛 {"all":[{"path":"habits.type","op":"eq","value":"medication"},{"path":"habits.stage","op":"eq","value":"recovery"},{"path":"habits.recoveryYears","op":"gte","value":1}],"any":[],"none":[]}	又加量了——你先怎么弄？	瞒着加。再找人要 → 没去复诊。又问别人还有没有剩的。	[{"type":"tag","target":"history","value":"habits:hidden"},{"type":"add","target":"agency","value":2},{"type":"set","target":"habits.type","value":"medication"},{"type":"set","target":"habits.stage","value":"relapse"},{"type":"set","target":"habits.recoveryYears","value":0},{"type":"add","target":"habits.risk","value":10},{"type":"add","target":"health.physical","value":-6},{"type":"add","target":"health.mental","value":-3},{"type":"add","target":"pressures.body","value":6}]	echo_150@3—5年：又用多以后——第一步定了它要不要再坏。；量和来路重新管不住。恢复开始往下掉。；效果 [{"type":"add","target":"pressures.body","value":4},{"type":"tag","target":"history","value":"echo:habits"}]	无	无	三代理混排复核完成；已发现项已修正
decision_151	decision_151_choice_1	decision	habits	年龄 18—95；人物 []；门槛 {"all":[{"path":"habits.type","op":"eq","value":"medication"},{"path":"habits.stage","op":"in","value":["treatment","recovery","relapse"]}],"any":[],"none":[]}	这回，怎么收？	按看的重新调 → 按身体和医嘱慢慢来。没为了赶日子猛停。	[{"type":"tag","target":"history","value":"habits:recovery_reset"},{"type":"add","target":"agency","value":4},{"type":"set","target":"habits.type","value":"medication"},{"type":"set","target":"habits.stage","value":"recovery"},{"type":"set","target":"habits.recoveryYears","value":0},{"type":"add","target":"habits.risk","value":-14},{"type":"add","target":"health.physical","value":3},{"type":"add","target":"health.mental","value":3},{"type":"add","target":"pressures.body","value":-4},{"type":"add","target":"finance.cash","value":-1500}]	echo_151@1—3年：药重新调了——治和恢复有了新的日子。；恢复从头算。功能开始重新稳。；效果 [{"type":"add","target":"agency","value":1},{"type":"tag","target":"history","value":"echo:habits"}]	resilience/riskShift；准备“按看的重新调”时，眼前仍要你自己选；牌能帮的，是给最坏的结果留一条还能继续的路。；这次仍要由你承担后果；这一下没有堵死后面的路。 你这次走的是“按看的重新调”。	无	三代理混排复核完成；已发现项已修正
decision_151	decision_151_choice_2	decision	habits	年龄 18—95；人物 []；门槛 {"all":[{"path":"habits.type","op":"eq","value":"medication"},{"path":"habits.stage","op":"in","value":["treatment","recovery","relapse"]}],"any":[],"none":[]}	这回，怎么收？	该治的还治。定期看 → 医生确认原来的病还得用药。你按方子来，到日子就去。	[{"type":"tag","target":"history","value":"habits:treatment_return"},{"type":"add","target":"agency","value":3},{"type":"set","target":"habits.type","value":"medication"},{"type":"set","target":"habits.stage","value":"treatment"},{"type":"set","target":"habits.recoveryYears","value":0},{"type":"add","target":"habits.risk","value":-7},{"type":"add","target":"health.physical","value":1},{"type":"add","target":"health.mental","value":2},{"type":"add","target":"pressures.body","value":-2},{"type":"add","target":"finance.cash","value":-1500}]	echo_151@2—4年：药重新调了——治和恢复有了新的日子。；该用的药没有停。不是在认输。；效果 [{"type":"add","target":"capabilities.resilience","value":1},{"type":"tag","target":"history","value":"echo:habits"}]	无	健康照护、职业资产	三代理混排复核完成；已发现项已修正
decision_151	decision_151_choice_3	decision	habits	年龄 18—95；人物 []；门槛 {"all":[{"path":"habits.type","op":"eq","value":"medication"},{"path":"habits.stage","op":"in","value":["treatment","recovery","relapse"]}],"any":[],"none":[]}	这回，怎么收？	就那一回。后面没事了 → 后面量和拿的日子——重新对上了。白天也没再不行。	[{"type":"tag","target":"history","value":"habits:lapse_only"},{"type":"add","target":"agency","value":2},{"type":"set","target":"habits.type","value":"medication"},{"type":"set","target":"habits.stage","value":"recovery"},{"type":"add","target":"habits.risk","value":-4},{"type":"add","target":"health.physical","value":3},{"type":"add","target":"health.mental","value":3},{"type":"add","target":"pressures.body","value":-4},{"type":"add","target":"finance.cash","value":-1500}]	echo_151@3—5年：药重新调了——治和恢复有了新的日子。；滑了一下——记着。没拉成大复发。；效果 [{"type":"add","target":"pressures.body","value":4},{"type":"tag","target":"history","value":"echo:habits"}]	无	无	三代理混排复核完成；已发现项已修正
decision_151	decision_151_choice_4	decision	habits	年龄 18—95；人物 []；门槛 {"all":[{"path":"habits.type","op":"eq","value":"medication"},{"path":"habits.stage","op":"in","value":["treatment","recovery","relapse"]}],"any":[],"none":[]}	这回，怎么收？	又自己加了。也借了 → 你绕开复诊回到原来的量。也吃了别人的。	[{"type":"tag","target":"history","value":"habits:relapse"},{"type":"add","target":"agency","value":1},{"type":"set","target":"habits.type","value":"medication"},{"type":"set","target":"habits.stage","value":"relapse"},{"type":"set","target":"habits.recoveryYears","value":0},{"type":"add","target":"habits.risk","value":14},{"type":"add","target":"health.physical","value":-6},{"type":"add","target":"health.mental","value":-3},{"type":"add","target":"pressures.body","value":6}]	echo_151@4—6年：药重新调了——治和恢复有了新的日子。；白天又不行了。复发——确认。；效果 [{"type":"add","target":"pressures.body","value":4},{"type":"tag","target":"history","value":"echo:habits"}]	无	无	三代理混排复核完成；已发现项已修正
decision_152	decision_152_choice_1	decision	later	年龄 55—80；人物 []；门槛 {"all":[{"path":"employment.status","op":"in","value":["employed","gig","selfEmployed"]}],"any":[],"none":[]}	先从哪一项开始谈？	把工作量和缺口算清 → 你把工时、收入、债务和日常开销逐项核对，没把年龄当成待遇证明。	[{"type":"tag","target":"history","value":"later:reviewed"},{"type":"add","target":"agency","value":4},{"type":"set","target":"later.retirement","value":"reviewing"},{"type":"add","target":"desires.peace.fulfillment","value":1},{"type":"add","target":"pressures.career","value":-1}]	echo_152@1—3年：那张纸后来成了工作转段的依据。；下一次谈去留时，手里有了自己的数字。；效果 [{"type":"add","target":"agency","value":1},{"type":"tag","target":"history","value":"echo:later"}]	evidence/resultVariant；准备“把工作量和缺口算清”时，眼前仍要你自己选；牌能帮的，是把日期、凭据和能复核的细节放在手边。；这次仍要由你承担后果；该留下的凭据没有缺席。 你这次走的是“把工作量和缺口算清”。	住房债务	三代理混排复核完成；已发现项已修正
decision_152	decision_152_choice_2	decision	later	年龄 55—80；人物 []；门槛 {"all":[{"path":"employment.status","op":"in","value":["employed","gig","selfEmployed"]}],"any":[],"none":[]}	先从哪一项开始谈？	谈一段有期限的减量 → 你把少做哪些、做到哪天和怎样交接写了下来。	[{"type":"tag","target":"history","value":"later:phased"},{"type":"add","target":"agency","value":3},{"type":"set","target":"later.retirement","value":"phased"},{"type":"add","target":"desires.peace.fulfillment","value":2},{"type":"add","target":"pressures.career","value":-2}]	echo_152@2—4年：那张纸后来成了工作转段的依据。；工作还在，边界先有了日期。；效果 [{"type":"add","target":"capabilities.resilience","value":1},{"type":"tag","target":"history","value":"echo:later"}]	无	无	三代理混排复核完成；已发现项已修正
decision_152	decision_152_choice_3	decision	later	年龄 55—80；人物 []；门槛 {"all":[{"path":"employment.status","op":"in","value":["employed","gig","selfEmployed"]}],"any":[],"none":[]}	先从哪一项开始谈？	先定下次复核日期 → 眼下继续做，但你写下了再次核对收入和身体负担的时间。	[{"type":"tag","target":"history","value":"later:delayed"},{"type":"add","target":"agency","value":2},{"type":"set","target":"later.retirement","value":"delayed"},{"type":"add","target":"desires.peace.fulfillment","value":-1},{"type":"add","target":"pressures.career","value":2}]	echo_152@3—5年：那张纸后来成了工作转段的依据。；继续不是无限往后拖。；效果 [{"type":"add","target":"pressures.loneliness","value":4},{"type":"tag","target":"history","value":"echo:later"}]	无	无	三代理混排复核完成；已发现项已修正
decision_153	decision_153_choice_1	decision	later	年龄 56—82；人物 []；门槛 {"all":[],"any":[],"none":[]}	这次工作转段，最后怎么定？	停下来，重新排日子 → 你完成交接，关掉工作提醒，先把吃饭、看病和自己的安排放回日历。	[{"type":"tag","target":"history","value":"later:retired"},{"type":"add","target":"agency","value":4},{"type":"set","target":"later.retirement","value":"retired"},{"type":"leaveEmployment","target":"employment","value":"retired"},{"type":"add","target":"desires.peace.fulfillment","value":5},{"type":"add","target":"pressures.career","value":-4}]	echo_153@1—3年：工作和日常终于不再抢同一块模糊的时间。；收入变了，星期一也第一次不再属于工作。；效果 [{"type":"add","target":"agency","value":1},{"type":"tag","target":"history","value":"echo:later"}]	boundary/resultVariant；准备“停下来，重新排日子”时，你没有急着选，先把愿意承担和不能接受的部分分别说清。；多出来的差别很具体：你的界线没有在点头时一起让出去。 你这次走的是“停下来，重新排日子”。	无	三代理混排复核完成；已发现项已修正
decision_153	decision_153_choice_2	decision	later	年龄 56—82；人物 []；门槛 {"all":[],"any":[],"none":[]}	这次工作转段，最后怎么定？	减到有边界的少量工作 → 你只接有期限、有范围的活，做完再决定下一段。	[{"type":"tag","target":"history","value":"later:semi_retired"},{"type":"add","target":"agency","value":3},{"type":"set","target":"later.retirement","value":"semiRetired"},{"type":"scaleEmployment","target":"employment","value":0.55},{"type":"add","target":"desires.peace.fulfillment","value":3},{"type":"add","target":"pressures.career","value":-2}]	echo_153@2—4年：工作和日常终于不再抢同一块模糊的时间。；别人再说“顺手帮忙”，合同也不会自动续上。；效果 [{"type":"add","target":"capabilities.resilience","value":1},{"type":"tag","target":"history","value":"echo:later"}]	无	无	三代理混排复核完成；已发现项已修正
decision_153	decision_153_choice_3	decision	later	年龄 56—82；人物 []；门槛 {"all":[],"any":[],"none":[]}	这次工作转段，最后怎么定？	继续做，留下复核点 → 你保留现在的工作，也把下次检查工时、收入和身体负担的日期写好。	[{"type":"tag","target":"history","value":"later:continued"},{"type":"add","target":"agency","value":2},{"type":"set","target":"later.retirement","value":"working"},{"type":"add","target":"desires.peace.fulfillment","value":0},{"type":"add","target":"pressures.career","value":1}]	echo_153@3—5年：工作和日常终于不再抢同一块模糊的时间。；继续工作是当下的选择，不是默认答案。；效果 [{"type":"add","target":"pressures.loneliness","value":4},{"type":"tag","target":"history","value":"echo:later"}]	无	无	三代理混排复核完成；已发现项已修正
decision_153	decision_153_choice_4	decision	later	年龄 56—82；人物 []；门槛 {"all":[],"any":[],"none":[]}	这次工作转段，最后怎么定？	岗位或身体已经撑不住 → 工作没法照原样继续。你完成能做的交接，先压住支出和最急的日常。	[{"type":"tag","target":"history","value":"later:forced"},{"type":"add","target":"agency","value":1},{"type":"set","target":"later.retirement","value":"forced"},{"type":"leaveEmployment","target":"employment","value":"retired"},{"type":"add","target":"desires.peace.fulfillment","value":-2},{"type":"add","target":"pressures.career","value":4}]	echo_153@4—6年：工作和日常终于不再抢同一块模糊的时间。；这不是原计划，但退出也有了明确起点。；效果 [{"type":"add","target":"pressures.loneliness","value":4},{"type":"tag","target":"history","value":"echo:later"}]	无	无	三代理混排复核完成；已发现项已修正
decision_154	decision_154_choice_1	decision	later	年龄 35—100；人物 [{"slot":"parent","relationAny":["father","mother"],"alive":false,"optional":false}]；门槛 {"all":[],"any":[],"none":[]}	先碰什么？	查登记、债务和相关方 → 你先核对文件和登记，不把口头说法当成已经属于自己的东西。	[{"type":"tag","target":"history","value":"later:inventoried"},{"type":"add","target":"agency","value":4},{"type":"set","target":"later.inheritance","value":"inventory"},{"type":"add","target":"pressures.family","value":2}]	echo_154@1—3年：那串旧钥匙先和资产、债务清单放在了一起。；下一次沟通时，大家至少面对同一份清单。；效果 [{"type":"add","target":"agency","value":1},{"type":"tag","target":"history","value":"echo:later"}]	evidence/resultVariant；准备“查登记、债务和相关方”时，“查登记、债务和相关方”要真的走得通，得先把日期、凭据和能复核的细节放在手边。；“查登记、债务和相关方”照样有代价，不过该留下的凭据没有缺席。 你这次走的是“查登记、债务和相关方”。	住房债务	三代理混排复核完成；已发现项已修正
decision_154	decision_154_choice_2	decision	later	年龄 35—100；人物 [{"slot":"parent","relationAny":["father","mother"],"alive":false,"optional":false}]；门槛 {"all":[],"any":[],"none":[]}	先碰什么？	东西不动，委托核对 → 账户和物件先不处理。你把委托范围、文件和保管位置分别登记。	[{"type":"tag","target":"history","value":"later:delegated"},{"type":"add","target":"agency","value":3},{"type":"set","target":"later.inheritance","value":"delegated"},{"type":"add","target":"pressures.family","value":1}]	echo_154@2—4年：那串旧钥匙先和资产、债务清单放在了一起。；哪些能办、哪些有争议，逐项显了出来。；效果 [{"type":"add","target":"capabilities.resilience","value":1},{"type":"tag","target":"history","value":"echo:later"}]	无	无	三代理混排复核完成；已发现项已修正
decision_154	decision_154_choice_3	decision	later	年龄 35—100；人物 [{"slot":"parent","relationAny":["father","mother"],"alive":false,"optional":false}]；门槛 {"all":[],"any":[],"none":[]}	先碰什么？	准备放弃，先别动遗产 → 你没有提取账户或转卖物件，先确认正式程序和期限。	[{"type":"tag","target":"history","value":"later:planned_renunciation"},{"type":"add","target":"agency","value":2},{"type":"set","target":"later.inheritance","value":"renouncing"},{"type":"add","target":"pressures.family","value":0}]	echo_154@3—5年：那串旧钥匙先和资产、债务清单放在了一起。；有人催签字时，你仍保留完整决定。；效果 [{"type":"add","target":"pressures.loneliness","value":4},{"type":"tag","target":"history","value":"echo:later"}]	无	无	三代理混排复核完成；已发现项已修正
decision_155	decision_155_choice_1	decision	later	年龄 36—102；人物 [{"slot":"parent","relationAny":["father","mother"],"alive":false,"optional":false}]；门槛 {"all":[],"any":[],"none":[]}	这位亲人留下的东西，最后怎么处理？	按清点范围接受 → 你按确认范围处理债务和交割，凭证全部留了下来。	[{"type":"tag","target":"history","value":"later:accepted"},{"type":"add","target":"agency","value":4},{"type":"set","target":"later.inheritance","value":"accepted"},{"type":"resolveInheritance","target":"originHousehold.assets","value":"accepted"},{"type":"add","target":"pressures.family","value":-2}]	echo_155@1—3年：资产、债务和旧物不再只是“以后再说”。；真正到账的和传言不同，手续却终于交接完了。；效果 [{"type":"add","target":"agency","value":1},{"type":"tag","target":"history","value":"echo:later"}]	negotiation/resultVariant；准备“按清点范围接受”时，这次多了一步准备：先把期限、钱和各自要做的事摊开谈。；结果仍不确定；说出口的条件有了能核对的落点。 你这次走的是“按清点范围接受”。	住房债务	三代理混排复核完成；已发现项已修正
decision_155	decision_155_choice_2	decision	later	年龄 36—102；人物 [{"slot":"parent","relationAny":["father","mother"],"alive":false,"optional":false}]；门槛 {"all":[],"any":[],"none":[]}	这位亲人留下的东西，最后怎么处理？	只处理确认的部分 → 能确认的物件和小额资产先办，争议部分另立清单。	[{"type":"tag","target":"history","value":"later:limited"},{"type":"add","target":"agency","value":3},{"type":"set","target":"later.inheritance","value":"limited"},{"type":"resolveInheritance","target":"originHousehold.assets","value":"limited"},{"type":"add","target":"pressures.family","value":1}]	echo_155@2—4年：资产、债务和旧物不再只是“以后再说”。；结论有限，但没有继续占住全部生活。；效果 [{"type":"add","target":"capabilities.resilience","value":1},{"type":"tag","target":"history","value":"echo:later"}]	无	无	三代理混排复核完成；已发现项已修正
decision_155	decision_155_choice_3	decision	later	年龄 36—102；人物 [{"slot":"parent","relationAny":["father","mother"],"alive":false,"optional":false}]；门槛 {"all":[],"any":[],"none":[]}	这位亲人留下的东西，最后怎么处理？	依法放弃 → 你完成正式放弃，没有因为催促就先动东西。	[{"type":"tag","target":"history","value":"later:renounced"},{"type":"add","target":"agency","value":2},{"type":"set","target":"later.inheritance","value":"renounced"},{"type":"resolveInheritance","target":"originHousehold.assets","value":"renounced"},{"type":"add","target":"pressures.family","value":-1}]	echo_155@3—5年：资产、债务和旧物不再只是“以后再说”。；旧钥匙还了回去，这次没有取得财产。；效果 [{"type":"add","target":"pressures.loneliness","value":4},{"type":"tag","target":"history","value":"echo:later"}]	无	无	三代理混排复核完成；已发现项已修正
decision_155	decision_155_choice_4	decision	later	年龄 36—102；人物 [{"slot":"parent","relationAny":["father","mother"],"alive":false,"optional":false}]；门槛 {"all":[],"any":[],"none":[]}	这位亲人留下的东西，最后怎么处理？	转入正式争议处理 → 口头协商已经走不下去。你停了私下分配，保留现有证据。	[{"type":"tag","target":"history","value":"later:disputed"},{"type":"add","target":"agency","value":1},{"type":"set","target":"later.inheritance","value":"disputed"},{"type":"resolveInheritance","target":"originHousehold.assets","value":"disputed"},{"type":"add","target":"pressures.family","value":8}]	echo_155@4—6年：资产、债务和旧物不再只是“以后再说”。；关系未必修好，东西却不再由谁先拿到算谁的。；效果 [{"type":"add","target":"pressures.loneliness","value":4},{"type":"tag","target":"history","value":"echo:later"}]	无	无	三代理混排复核完成；已发现项已修正
decision_156	decision_156_choice_1	decision	later	年龄 55—105；人物 []；门槛 {"all":[],"any":[{"path":"health.careNeed","op":"gte","value":1},{"path":"health.status","op":"eq","value":"limited"},{"path":"health.disability","op":"neq","value":"none"}],"none":[]}	先怎么确认需要什么？	做功能与照护评估 → 你把能独立完成和需要协助的事逐项说明，也问清可用服务的边界。	[{"type":"tag","target":"history","value":"later:assessed"},{"type":"add","target":"agency","value":4},{"type":"set","target":"later.care","value":"assessed"},{"type":"set","target":"health.careNeed","value":1},{"type":"add","target":"finance.cash","value":-1500},{"type":"add","target":"pressures.family","value":-1},{"type":"add","target":"pressures.body","value":-2}]	echo_156@1—3年：那份评估把“还能撑”拆成了具体的事。；结论下来后，帮助不再靠别人猜。；效果 [{"type":"add","target":"agency","value":1},{"type":"tag","target":"history","value":"echo:later"}]	healthLiteracy/riskShift；准备“做功能与照护评估”时，动手以前，你决定把身体反应和该问医生的事记下来，再看要不要“做功能与照护评估”。；结果落定时，身体的信号被带进了决定里。 你这次走的是“做功能与照护评估”。	健康照护、职业资产	三代理混排复核完成；已发现项已修正
decision_156	decision_156_choice_2	decision	later	年龄 55—105；人物 []；门槛 {"all":[],"any":[{"path":"health.careNeed","op":"gte","value":1},{"path":"health.status","op":"eq","value":"limited"},{"path":"health.disability","op":"neq","value":"none"}],"none":[]}	先怎么确认需要什么？	先补最急的辅助工具 → 照明、洗澡椅和紧急呼叫先到位，正式评估的预约仍保留。	[{"type":"tag","target":"history","value":"later:adapted"},{"type":"add","target":"agency","value":3},{"type":"set","target":"later.care","value":"adapted"},{"type":"set","target":"health.careNeed","value":2},{"type":"add","target":"finance.cash","value":-500},{"type":"add","target":"pressures.family","value":0},{"type":"add","target":"pressures.body","value":-1}]	echo_156@2—4年：那份评估把“还能撑”拆成了具体的事。；几件事先容易了，长期缺口也记了下来。；效果 [{"type":"add","target":"capabilities.resilience","value":1},{"type":"tag","target":"history","value":"echo:later"}]	无	无	三代理混排复核完成；已发现项已修正
decision_156	decision_156_choice_3	decision	later	年龄 55—105；人物 []；门槛 {"all":[],"any":[{"path":"health.careNeed","op":"gte","value":1},{"path":"health.status","op":"eq","value":"limited"},{"path":"health.disability","op":"neq","value":"none"}],"none":[]}	先怎么确认需要什么？	暂时不评估 → 你取消预约，写下哪些帮助目前不接受，也保留重新联系的方式。	[{"type":"tag","target":"history","value":"later:refused"},{"type":"add","target":"agency","value":2},{"type":"set","target":"later.care","value":"refused"},{"type":"add","target":"finance.cash","value":0},{"type":"add","target":"pressures.family","value":4},{"type":"add","target":"pressures.body","value":6}]	echo_156@3—5年：那份评估把“还能撑”拆成了具体的事。；困难没有消失，决定权也没有一起交出去。；效果 [{"type":"add","target":"pressures.loneliness","value":4},{"type":"tag","target":"history","value":"echo:later"}]	无	无	三代理混排复核完成；已发现项已修正
decision_157	decision_157_choice_1	decision	later	年龄 56—105；人物 []；门槛 {"all":[],"any":[],"none":[]}	这些帮助怎么落进每天？	把服务和现有帮助搭起来 → 上门、陪诊、采购和紧急联系人分别安排，没有把全部任务压给一个人。	[{"type":"tag","target":"history","value":"later:combined"},{"type":"add","target":"agency","value":4},{"type":"set","target":"later.care","value":"homeCombined"},{"type":"transitionHousing","target":"housing","value":{"accessibility":"adapted","stability":"stable","kind":"background","reason":"careAtHomeCombined"}},{"type":"add","target":"finance.cash","value":-9000},{"type":"add","target":"pressures.family","value":-4},{"type":"add","target":"pressures.body","value":-4}]	echo_157@1—3年：第一轮真实排班把纸上的缺口都照了出来。；临时有人来不了时，替代方式还能接上。；效果 [{"type":"add","target":"agency","value":1},{"type":"tag","target":"history","value":"echo:later"}]	careSkill/resultVariant；准备“把服务和现有帮助搭起来”时，这次多做了一层准备：顾到每天真正需要被照看的地方。；回头看这一步，需要照看的日常没有被一句承诺带过。 你这次走的是“把服务和现有帮助搭起来”。	无	三代理混排复核完成；已发现项已修正
decision_157	decision_157_choice_2	decision	later	年龄 56—105；人物 []；门槛 {"all":[],"any":[],"none":[]}	这些帮助怎么落进每天？	选择短期机构服务 → 你核对服务、费用和医疗衔接后，先安排一个短期照护周期。	[{"type":"tag","target":"history","value":"later:institutional"},{"type":"add","target":"agency","value":3},{"type":"set","target":"later.care","value":"institutional"},{"type":"transitionHousing","target":"housing","value":{"arrangement":"service","stability":"temporary","accessibility":"supported","costShare":"supported","coResidentRefs":[],"kind":"background","reason":"careServiceTemporary","residenceOnly":true}},{"type":"add","target":"finance.cash","value":-18000},{"type":"add","target":"pressures.family","value":-3},{"type":"add","target":"pressures.body","value":-3}]	echo_157@2—4年：第一轮真实排班把纸上的缺口都照了出来。；这段时间有人接住日常，之后仍要按实际情况复评。；效果 [{"type":"add","target":"capabilities.resilience","value":1},{"type":"tag","target":"history","value":"echo:later"}]	无	健康照护	三代理混排复核完成；已发现项已修正
decision_157	decision_157_choice_3	decision	later	年龄 56—105；人物 []；门槛 {"all":[],"any":[],"none":[]}	这些帮助怎么落进每天？	只留一名固定照护者 → 一个人接下大部分工作，没有另外购买服务。	[{"type":"tag","target":"history","value":"later:family_only"},{"type":"add","target":"agency","value":2},{"type":"set","target":"later.care","value":"familyOnly"},{"type":"add","target":"finance.cash","value":-2000},{"type":"add","target":"pressures.family","value":5},{"type":"add","target":"pressures.body","value":2}]	echo_157@3—5年：第一轮真实排班把纸上的缺口都照了出来。；几个月后，那个人的休息也成了必须面对的缺口。；效果 [{"type":"add","target":"pressures.loneliness","value":4},{"type":"tag","target":"history","value":"echo:later"}]	无	健康照护	三代理混排复核完成；已发现项已修正
decision_158	decision_158_choice_1	decision	later	年龄 57—105；人物 []；门槛 {"all":[],"any":[],"none":[]}	这次照护，怎么继续？	保留有效部分，定期复评 → 能用的服务留下，复评日期和紧急替代方式也写好。	[{"type":"tag","target":"history","value":"later:stable"},{"type":"add","target":"agency","value":4},{"type":"set","target":"later.care","value":"stable"},{"type":"add","target":"finance.cash","value":-7000},{"type":"add","target":"pressures.family","value":-4},{"type":"add","target":"pressures.body","value":-4}]	echo_158@1—3年：照护不再只靠临时救火。；日常有了连续性，不必每次从头解释。；效果 [{"type":"add","target":"agency","value":1},{"type":"tag","target":"history","value":"echo:later"}]	careSkill/riskShift；准备“保留有效部分，定期复评”时，你先核对哪些照护真的有效、谁在承担，以及下一次复评要看什么。；照护没有被一句“继续”带过，有效部分和复评日期都留了下来。 你这次走的是“保留有效部分，定期复评”。	健康照护	三代理混排复核完成；已发现项已修正
decision_158	decision_158_choice_2	decision	later	年龄 57—105；人物 []；门槛 {"all":[],"any":[],"none":[]}	这次照护，怎么继续？	身体变了，换个模式 → 原有帮助已经不够。你重新选择服务强度或机构。	[{"type":"tag","target":"history","value":"later:changed"},{"type":"add","target":"agency","value":3},{"type":"set","target":"later.care","value":"changed"},{"type":"transitionHousing","target":"housing","value":{"stability":"conditional","kind":"background","reason":"careHousingChanged"}},{"type":"add","target":"finance.cash","value":-12000},{"type":"add","target":"pressures.family","value":-2},{"type":"add","target":"pressures.body","value":-2}]	echo_158@2—4年：照护不再只靠临时救火。；交接很累，新的日常仍慢慢接了起来。；效果 [{"type":"add","target":"capabilities.resilience","value":1},{"type":"tag","target":"history","value":"echo:later"}]	无	健康照护	三代理混排复核完成；已发现项已修正
decision_158	decision_158_choice_3	decision	later	年龄 57—105；人物 []；门槛 {"all":[],"any":[],"none":[]}	这次照护，怎么继续？	缩到最低，留求助入口 → 预算只够保留最必要的上门、辅具和紧急联系。	[{"type":"tag","target":"history","value":"later:minimum_support"},{"type":"add","target":"agency","value":2},{"type":"set","target":"later.care","value":"minimum"},{"type":"transitionHousing","target":"housing","value":{"stability":"temporary","kind":"background","reason":"careHousingMinimum"}},{"type":"add","target":"finance.cash","value":-3000},{"type":"add","target":"pressures.family","value":1},{"type":"add","target":"pressures.body","value":0}]	echo_158@3—5年：照护不再只靠临时救火。；日子勉强走，重新申请的入口还在。；效果 [{"type":"add","target":"pressures.loneliness","value":4},{"type":"tag","target":"history","value":"echo:later"}]	无	健康照护	三代理混排复核完成；已发现项已修正
decision_158	decision_158_choice_4	decision	later	年龄 57—105；人物 []；门槛 {"all":[],"any":[],"none":[]}	这次照护，怎么继续？	固定照护者撑不住了 → 原来独自承担照护的人无法继续全包。你停止默认续下去，改用现有能找到的服务。	[{"type":"tag","target":"history","value":"later:family_break"},{"type":"add","target":"agency","value":1},{"type":"set","target":"later.care","value":"familyBreak"},{"type":"add","target":"finance.cash","value":-6000},{"type":"add","target":"pressures.family","value":8},{"type":"add","target":"pressures.body","value":3}]	echo_158@4—6年：照护不再只靠临时救火。；关系留下疲惫，照护却不再靠沉默维持。；效果 [{"type":"add","target":"pressures.loneliness","value":4},{"type":"tag","target":"history","value":"echo:later"}]	无	健康照护	三代理混排复核完成；已发现项已修正
decision_159	decision_159_choice_1	decision	later	年龄 50—105；人物 []；门槛 {"all":[],"any":[],"none":[]}	先从哪里理？	列出账户、债务和物件 → 你核对仍有效的账户、欠款和物件，发现一项旧信息需要更新。	[{"type":"tag","target":"history","value":"later:inventoried"},{"type":"add","target":"agency","value":4},{"type":"set","target":"later.will","value":"inventory"},{"type":"add","target":"desires.peace.fulfillment","value":2},{"type":"add","target":"pressures.family","value":-1}]	echo_159@1—3年：那份清单先让重要东西有了位置。；正式写时，不会把已经失效的内容继续放进去。；效果 [{"type":"add","target":"agency","value":1},{"type":"tag","target":"history","value":"echo:later"}]	evidence/resultVariant；准备“列出账户、债务和物件”时，你没有急着选，先把日期、凭据和能复核的细节放在手边。；多出来的差别很具体：该留下的凭据没有缺席。 你这次走的是“列出账户、债务和物件”。	住房债务	三代理混排复核完成；已发现项已修正
decision_159	decision_159_choice_2	decision	later	年龄 50—105；人物 []；门槛 {"all":[],"any":[],"none":[]}	先从哪里理？	先理最重要的，医疗另记 → 关键文件和需要使用的联系渠道先记好，医疗沟通单独放在另一处。	[{"type":"tag","target":"history","value":"later:separated"},{"type":"add","target":"agency","value":3},{"type":"set","target":"later.will","value":"partial"},{"type":"set","target":"legacy.medicalDirective","value":"discussed"},{"type":"add","target":"desires.peace.fulfillment","value":1},{"type":"add","target":"pressures.family","value":0}]	echo_159@2—4年：那份清单先让重要东西有了位置。；两类文件互不冒充，也各自找得到。；效果 [{"type":"add","target":"capabilities.resilience","value":1},{"type":"tag","target":"history","value":"echo:later"}]	无	无	三代理混排复核完成；已发现项已修正
decision_159	decision_159_choice_3	decision	later	年龄 50—105；人物 []；门槛 {"all":[],"any":[],"none":[]}	先从哪里理？	先处理权属和债务 → 有些东西还说不清。你没有用一份模糊文件盖过去，先列出待办。	[{"type":"tag","target":"history","value":"later:debt_first"},{"type":"add","target":"agency","value":2},{"type":"set","target":"later.will","value":"debtFirst"},{"type":"add","target":"desires.peace.fulfillment","value":0},{"type":"add","target":"pressures.family","value":1}]	echo_159@3—5年：那份清单先让重要东西有了位置。；遗嘱没写完，最容易冲突的部分先动了。；效果 [{"type":"add","target":"pressures.loneliness","value":4},{"type":"tag","target":"history","value":"echo:later"}]	无	住房债务	三代理混排复核完成；已发现项已修正
decision_160	decision_160_choice_1	decision	later	年龄 51—105；人物 []；门槛 {"all":[],"any":[],"none":[]}	这次怎么落定？	按要求签好并留位置 → 你完成签署与见证，把原件位置和查找方式分别记好。	[{"type":"tag","target":"history","value":"later:documented"},{"type":"add","target":"agency","value":4},{"type":"set","target":"later.will","value":"documented"},{"type":"set","target":"legacy.plan","value":"documented"},{"type":"add","target":"desires.peace.fulfillment","value":5},{"type":"add","target":"pressures.family","value":-3}]	echo_160@1—3年：这轮处理结束后，文件是否签署、放在哪里，都有了明确记录。；以后账户变化，文件也要一起复查。；效果 [{"type":"add","target":"agency","value":1},{"type":"tag","target":"history","value":"echo:later"}]	boundary/resultVariant；准备“按要求签好并留位置”时，“按要求签好并留位置”要真的走得通，得先把愿意承担和不能接受的部分分别说清。；“按要求签好并留位置”照样有代价，不过你的界线没有在点头时一起让出去。 你这次走的是“按要求签好并留位置”。	无	三代理混排复核完成；已发现项已修正
decision_160	decision_160_choice_2	decision	later	年龄 51—105；人物 []；门槛 {"all":[],"any":[],"none":[]}	这次怎么落定？	先完成能确认的部分 → 能定的先签，权属不清的留出明确缺口和补办日期。	[{"type":"tag","target":"history","value":"later:partial"},{"type":"add","target":"agency","value":3},{"type":"set","target":"later.will","value":"partial"},{"type":"set","target":"legacy.plan","value":"partial"},{"type":"add","target":"desires.peace.fulfillment","value":2},{"type":"add","target":"pressures.family","value":-1}]	echo_160@2—4年：这轮处理结束后，文件是否签署、放在哪里，都有了明确记录。；文件不全，但不会让人误以为全部办妥。；效果 [{"type":"add","target":"capabilities.resilience","value":1},{"type":"tag","target":"history","value":"echo:later"}]	无	无	三代理混排复核完成；已发现项已修正
decision_160	decision_160_choice_3	decision	later	年龄 51—105；人物 []；门槛 {"all":[],"any":[],"none":[]}	这次怎么落定？	暂不签，写明原因 → 你停下这轮签署，把未完成原因和资料位置写清。	[{"type":"tag","target":"history","value":"later:deferred"},{"type":"add","target":"agency","value":2},{"type":"set","target":"later.will","value":"deferred"},{"type":"set","target":"legacy.plan","value":"none"},{"type":"add","target":"desires.peace.fulfillment","value":-1},{"type":"add","target":"pressures.family","value":2}]	echo_160@3—5年：这轮处理结束后，文件是否签署、放在哪里，都有了明确记录。；风险仍在，却没有多出一份含糊文件。；效果 [{"type":"add","target":"pressures.loneliness","value":4},{"type":"tag","target":"history","value":"echo:later"}]	无	无	三代理混排复核完成；已发现项已修正
decision_160	decision_160_choice_4	decision	later	年龄 51—105；人物 []；门槛 {"all":[],"any":[],"none":[]}	这次怎么落定？	条件变了，旧稿作废 → 账户或见证条件变化，你标记旧稿作废并收回副本。	[{"type":"tag","target":"history","value":"later:invalidated"},{"type":"add","target":"agency","value":1},{"type":"set","target":"later.will","value":"invalidated"},{"type":"set","target":"legacy.plan","value":"none"},{"type":"add","target":"desires.peace.fulfillment","value":-1},{"type":"add","target":"pressures.family","value":3}]	echo_160@4—6年：这轮处理结束后，文件是否签署、放在哪里，都有了明确记录。；旧版本不再继续流转。；效果 [{"type":"add","target":"pressures.loneliness","value":4},{"type":"tag","target":"history","value":"echo:later"}]	无	无	三代理混排复核完成；已发现项已修正
decision_161	decision_161_choice_1	decision	identity	年龄 14—17；人物 []；门槛 {"all":[{"path":"age","op":"gte","value":14}],"any":[],"none":[]}	你第一次认真决定，这一生最不愿失去什么。	哪怕不稳，也要自由 → 你把远方写进计划，也知道没人替你兜底。	[{"type":"claimDesire","target":"desires","value":["freedom","exploration"],"replace":false}]	echo_161@2—5年：少年时最不愿失去的东西又来敲门。；后来一次搬家，你没等所有人同意就买了票。；效果 [{"type":"add","target":"agency","value":1},{"type":"tag","target":"history","value":"echo:identity"}]	boundary/resultVariant；准备“哪怕不稳，也要自由”时，这次多了一步准备：先把愿意承担和不能接受的部分分别说清。；结果仍不确定；你的界线没有在点头时一起让出去。 你这次走的是“哪怕不稳，也要自由”。	无	三代理混排复核完成；已发现项已修正
decision_161	decision_161_choice_2	decision	identity	年龄 14—17；人物 []；门槛 {"all":[{"path":"age","op":"gte","value":14}],"any":[],"none":[]}	你第一次认真决定，这一生最不愿失去什么。	先保住安稳 → 你先选了能站稳的地方，没有急着往远处走。	[{"type":"claimDesire","target":"desires","value":["security","achievement"],"replace":false}]	echo_161@2—5年：少年时最不愿失去的东西又来敲门。；机会和风险同时到来时，你还是先看账户余额。；效果 [{"type":"add","target":"capabilities.resilience","value":1},{"type":"tag","target":"history","value":"echo:identity"}]	无	无	三代理混排复核完成；已发现项已修正
decision_161	decision_161_choice_3	decision	identity	年龄 14—17；人物 []；门槛 {"all":[{"path":"age","op":"gte","value":14}],"any":[],"none":[]}	你第一次认真决定，这一生最不愿失去什么。	把重要的人留身边 → 你开始把别人的需要算进自己的决定。	[{"type":"claimDesire","target":"desires","value":["love","familyBelonging"],"replace":false}]	echo_161@2—5年：少年时最不愿失去的东西又来敲门。；真正要分别时，你为留下多承担了一段日子。；效果 [{"type":"add","target":"pressures.money","value":4},{"type":"tag","target":"history","value":"echo:identity"}]	无	无	三代理混排复核完成；已发现项已修正
decision_162	decision_162_choice_1	decision	identity	年龄 30—55；人物 []；门槛 {"all":[{"path":"desires.reclaimed","op":"eq","value":false}],"any":[],"none":[]}	你发现早年最想要的东西，已经不完全适合现在。	重新排一次轻重 → 你取消一项旧计划，把时间留给身体和安静。	[{"type":"claimDesire","target":"desires","value":["peace","body"],"replace":true}]	echo_162@2—5年：那次重新排序后来改变了一天的用法。；下一次加码之前，你先看自己还能不能睡好觉。；效果 [{"type":"add","target":"agency","value":1},{"type":"tag","target":"history","value":"echo:identity"}]	creativity/resultVariant；准备“重新排一次轻重”时，动手以前，你决定换个角度，找一条不必硬顶的路，再看要不要“重新排一次轻重”。；结果落定时，原来那条路不再是唯一答案。 你这次走的是“重新排一次轻重”。	无	三代理混排复核完成；已发现项已修正
decision_162	decision_162_choice_2	decision	identity	年龄 30—55；人物 []；门槛 {"all":[{"path":"desires.reclaimed","op":"eq","value":false}],"any":[],"none":[]}	你发现早年最想要的东西，已经不完全适合现在。	继续守住原来的目标 → 你没有换目标，只调整了到达它的速度。	[{"type":"claimDesire","target":"desires","value":["achievement","security"],"replace":true}]	echo_162@2—5年：那次重新排序后来改变了一天的用法。；旧目标终于接近时，你仍认得当年为什么出发。；效果 [{"type":"add","target":"capabilities.resilience","value":1},{"type":"tag","target":"history","value":"echo:identity"}]	无	无	三代理混排复核完成；已发现项已修正
decision_162	decision_162_choice_3	decision	identity	年龄 30—55；人物 []；门槛 {"all":[{"path":"desires.reclaimed","op":"eq","value":false}],"any":[],"none":[]}	你发现早年最想要的东西，已经不完全适合现在。	不再只认一个答案 → 你允许几件事同时重要，不再排唯一名次。	[{"type":"claimDesire","target":"desires","value":["freedom","creation"],"replace":true}]	echo_162@2—5年：那次重新排序后来改变了一天的用法。；有一条路停下后，另一件在意的事接住了你。；效果 [{"type":"add","target":"pressures.money","value":4},{"type":"tag","target":"history","value":"echo:identity"}]	无	无	三代理混排复核完成；已发现项已修正
decision_163	decision_163_choice_1	decision	education	年龄 22—31；人物 []；门槛 {"all":[{"path":"education.highestCompleted","op":"eq","value":"postgraduate"},{"path":"employment.status","op":"notIn","value":["employed","selfEmployed"]},{"path":"education.professionalQualificationIntent","op":"eq","value":"none"}],"any":[],"none":[]}	你准备先补哪一类入口？	准备医疗执业入口 → 你按公开要求整理报名、实践和考核材料。缺哪一项就记哪一项，没有先去接不能做的工作。	[{"type":"tag","target":"history","value":"education:medical"},{"type":"add","target":"agency","value":4},{"type":"set","target":"education.professionalQualificationIntent","value":"medical_practice"},{"type":"add","target":"pressures.career","value":2},{"type":"add","target":"education.researchEvidence","value":0}]	echo_163@1—3年：报名页、证明和作品各自装进了文件夹。谁也没把“准备考”写成已经取得。；后来医院问起这轮准备，你拿得出报名页、缺项和真实日期。；效果 [{"type":"add","target":"agency","value":1},{"type":"tag","target":"history","value":"echo:education"}]	learning/resultVariant；准备“准备医疗执业入口”时，动手以前，你决定把陌生的部分拆成眼前能学的一步，再看要不要“准备医疗执业入口”。；结果落定时，新学会的那一步当场用上了。 你这次走的是“准备医疗执业入口”。	无	三代理混排复核完成；已发现项已修正
decision_163	decision_163_choice_2	decision	education	年龄 22—31；人物 []；门槛 {"all":[{"path":"education.highestCompleted","op":"eq","value":"postgraduate"},{"path":"employment.status","op":"notIn","value":["employed","selfEmployed"]},{"path":"education.professionalQualificationIntent","op":"eq","value":"none"}],"any":[],"none":[]}	你准备先补哪一类入口？	准备法律职业入口 → 你把考试、实习和岗位边界分开核对。能做辅助工作的阶段，也没有冒充已经能独立执业。	[{"type":"tag","target":"history","value":"education:legal"},{"type":"add","target":"agency","value":3},{"type":"set","target":"education.professionalQualificationIntent","value":"legal_practice"},{"type":"add","target":"pressures.career","value":2},{"type":"add","target":"education.researchEvidence","value":1}]	echo_163@2—4年：报名页、证明和作品各自装进了文件夹。谁也没把“准备考”写成已经取得。；正式投相关岗位时，材料不再只写一句“准备过”。；效果 [{"type":"add","target":"capabilities.resilience","value":1},{"type":"tag","target":"history","value":"echo:education"}]	无	无	三代理混排复核完成；已发现项已修正
decision_163	decision_163_choice_3	decision	education	年龄 22—31；人物 []；门槛 {"all":[{"path":"education.highestCompleted","op":"eq","value":"postgraduate"},{"path":"employment.status","op":"notIn","value":["employed","selfEmployed"]},{"path":"education.professionalQualificationIntent","op":"eq","value":"none"}],"any":[],"none":[]}	你准备先补哪一类入口？	准备高校教学入口 → 你整理研究材料、课程设计和试讲内容，也去问合同、课时和考核怎么计算。	[{"type":"tag","target":"history","value":"education:teaching"},{"type":"add","target":"agency","value":2},{"type":"set","target":"education.professionalQualificationIntent","value":"university_teaching"},{"type":"add","target":"pressures.career","value":2},{"type":"add","target":"education.researchEvidence","value":4}]	echo_163@3—5年：报名页、证明和作品各自装进了文件夹。谁也没把“准备考”写成已经取得。；面试讲台出现以前，手里先有了一套能讲完的课。；效果 [{"type":"add","target":"pressures.career","value":4},{"type":"tag","target":"history","value":"echo:education"}]	无	无	三代理混排复核完成；已发现项已修正
decision_163	decision_163_choice_4	decision	education	年龄 22—31；人物 []；门槛 {"all":[{"path":"education.highestCompleted","op":"eq","value":"postgraduate"},{"path":"employment.status","op":"notIn","value":["employed","selfEmployed"]},{"path":"education.professionalQualificationIntent","op":"eq","value":"none"}],"any":[],"none":[]}	你准备先补哪一类入口？	先投不受管制的岗位 → 你保留学历和项目材料，先去看研究、项目或行业岗位。	[{"type":"tag","target":"history","value":"education:ordinary_job"},{"type":"add","target":"agency","value":1},{"type":"set","target":"education.professionalQualificationIntent","value":"none"},{"type":"add","target":"pressures.career","value":-2},{"type":"add","target":"education.researchEvidence","value":1}]	echo_163@4—6年：报名页、证明和作品各自装进了文件夹。谁也没把“准备考”写成已经取得。；职业入口少了一类，求职没有因此停住。；效果 [{"type":"add","target":"pressures.career","value":4},{"type":"tag","target":"history","value":"echo:education"}]	无	无	三代理混排复核完成；已发现项已修正
decision_164	decision_164_choice_1	decision	education	年龄 22—32；人物 []；门槛 {"all":[{"path":"education.highestCompleted","op":"eq","value":"postgraduate"},{"path":"employment.status","op":"notIn","value":["employed","selfEmployed"]},{"path":"education.professionalQualificationIntent","op":"in","value":["medical_practice","legal_practice","university_teaching"]}],"any":[],"none":[]}	这轮资格准备，最后怎么办？	通过了，按这个方向投 → 结果可以核验。你把凭证编号和取得日期填进申请，招聘方才肯约下一步。	[{"type":"tag","target":"history","value":"education:passed"},{"type":"add","target":"agency","value":4},{"type":"grantCredential","target":"education","value":"selected"},{"type":"add","target":"capabilities.employability","value":5},{"type":"add","target":"pressures.career","value":-3}]	echo_164@1—3年：文件夹里留下了凭证、成绩或一份没有通过的通知。；再投时，医生、律师或讲师不再只躺在职位收藏里。；效果 [{"type":"add","target":"agency","value":1},{"type":"tag","target":"history","value":"echo:education"}]	evidence/resultVariant；准备“通过了，按这个方向投”时，这次多做了一层准备：把日期、凭据和能复核的细节放在手边。；回头看这一步，该留下的凭据没有缺席。 你这次走的是“通过了，按这个方向投”。	无	三代理混排复核完成；已发现项已修正
decision_164	decision_164_choice_2	decision	education	年龄 22—32；人物 []；门槛 {"all":[{"path":"education.highestCompleted","op":"eq","value":"postgraduate"},{"path":"employment.status","op":"notIn","value":["employed","selfEmployed"]},{"path":"education.professionalQualificationIntent","op":"in","value":["medical_practice","legal_practice","university_teaching"]}],"any":[],"none":[]}	这轮资格准备，最后怎么办？	没过，先把成绩和缺项留着 → 这次没有取得凭证。要不要再考留到以后，眼下先找能合法承担的辅助工作。	[{"type":"tag","target":"history","value":"education:retake"},{"type":"add","target":"agency","value":3},{"type":"set","target":"education.professionalQualificationIntent","value":"none"},{"type":"add","target":"capabilities.employability","value":2},{"type":"add","target":"pressures.career","value":2}]	echo_164@2—4年：文件夹里留下了凭证、成绩或一份没有通过的通知。；职业方向还在，这一轮报名已经按实际结果结束。；效果 [{"type":"add","target":"capabilities.resilience","value":1},{"type":"tag","target":"history","value":"echo:education"}]	无	无	三代理混排复核完成；已发现项已修正
decision_164	decision_164_choice_3	decision	education	年龄 22—32；人物 []；门槛 {"all":[{"path":"education.highestCompleted","op":"eq","value":"postgraduate"},{"path":"employment.status","op":"notIn","value":["employed","selfEmployed"]},{"path":"education.professionalQualificationIntent","op":"in","value":["medical_practice","legal_practice","university_teaching"]}],"any":[],"none":[]}	这轮资格准备，最后怎么办？	换到相邻的非受管制岗位 → 你把能用的研究、项目和实践拆出来，改投行业或专业支持岗位。	[{"type":"tag","target":"history","value":"education:adjacent_job"},{"type":"add","target":"agency","value":2},{"type":"set","target":"education.professionalQualificationIntent","value":"none"},{"type":"add","target":"capabilities.employability","value":3},{"type":"add","target":"pressures.career","value":-1}]	echo_164@3—5年：文件夹里留下了凭证、成绩或一份没有通过的通知。；简历换了标题，做过的事没有跟着作废。；效果 [{"type":"add","target":"pressures.career","value":4},{"type":"tag","target":"history","value":"echo:education"}]	无	无	三代理混排复核完成；已发现项已修正
decision_164	decision_164_choice_4	decision	education	年龄 22—32；人物 []；门槛 {"all":[{"path":"education.highestCompleted","op":"eq","value":"postgraduate"},{"path":"employment.status","op":"notIn","value":["employed","selfEmployed"]},{"path":"education.professionalQualificationIntent","op":"in","value":["medical_practice","legal_practice","university_teaching"]}],"any":[],"none":[]}	这轮资格准备，最后怎么办？	暂时不走这条路 → 你关掉报名提醒，先处理收入和生活。	[{"type":"tag","target":"history","value":"education:withdrawn"},{"type":"add","target":"agency","value":1},{"type":"set","target":"education.professionalQualificationIntent","value":"none"},{"type":"add","target":"capabilities.employability","value":0},{"type":"add","target":"pressures.career","value":0}]	echo_164@4—6年：文件夹里留下了凭证、成绩或一份没有通过的通知。；这轮资格没有取得，普通求职仍能继续。；效果 [{"type":"add","target":"pressures.career","value":4},{"type":"tag","target":"history","value":"echo:education"}]	无	无	三代理混排复核完成；已发现项已修正
decision_165	decision_165_choice_1	decision	employment	年龄 32—58；人物 []；门槛 {"all":[{"path":"education.status","op":"notIn","value":["notStarted","enrolled"]},{"path":"age","op":"gte","value":32},{"path":"education.status","op":"notIn","value":["notStarted","enrolled"]},{"path":"employment.status","op":"notIn","value":["employed","selfEmployed"]},{"path":"employment.firstJobAge","op":"eq","value":null}],"any":[],"none":[]}	这批机会来了，你先怎么回？	写清底线和期限 → 你把不能接受的无薪试岗、模糊合同和最低开销写清，也给这一轮投递定了复核日期。	[{"type":"tag","target":"history","value":"employment:bounded"},{"type":"add","target":"agency","value":4},{"type":"add","target":"pressures.family","value":-2},{"type":"add","target":"health.mental","value":1},{"type":"set","target":"employment.firstJobEntryPath","value":"reentry"},{"type":"tag","target":"history","value":"research:E63"},{"type":"tag","target":"history","value":"research:E64"}]	echo_165@1—3年：那几条招聘信息没有替你做决定，求职边界却说清了。；后来再看进度，期限和底线都还在。；效果 [{"type":"add","target":"agency","value":1},{"type":"tag","target":"history","value":"echo:employment"}]	boundary/resultVariant；准备“写清底线和期限”时，这次多做了一层准备：把愿意承担和不能接受的部分分别说清。；回头看这一步，你的界线没有在点头时一起让出去。 你这次走的是“写清底线和期限”。	无	三代理混排复核完成；已发现项已修正
decision_165	decision_165_choice_2	decision	employment	年龄 32—58；人物 []；门槛 {"all":[{"path":"education.status","op":"notIn","value":["notStarted","enrolled"]},{"path":"age","op":"gte","value":32},{"path":"education.status","op":"notIn","value":["notStarted","enrolled"]},{"path":"employment.status","op":"notIn","value":["employed","selfEmployed"]},{"path":"employment.firstJobAge","op":"eq","value":null}],"any":[],"none":[]}	这批机会来了，你先怎么回？	先去看看介绍来的岗位 → 你同意见人，不答应当场上班。岗位、合同、发薪日和谁负责，一项项问。	[{"type":"tag","target":"history","value":"employment:introduced"},{"type":"add","target":"agency","value":3},{"type":"add","target":"pressures.family","value":1},{"type":"add","target":"health.mental","value":0},{"type":"set","target":"employment.firstJobEntryPath","value":"referral"},{"type":"tag","target":"history","value":"research:E63"},{"type":"tag","target":"history","value":"research:E64"}]	echo_165@2—4年：那几条招聘信息没有替你做决定，求职边界却说清了。；介绍仍是介绍，工作值不值得去有了单独的答案。；效果 [{"type":"add","target":"capabilities.resilience","value":1},{"type":"tag","target":"history","value":"echo:employment"}]	无	无	三代理混排复核完成；已发现项已修正
decision_165	decision_165_choice_3	decision	employment	年龄 32—58；人物 []；门槛 {"all":[{"path":"education.status","op":"notIn","value":["notStarted","enrolled"]},{"path":"age","op":"gte","value":32},{"path":"education.status","op":"notIn","value":["notStarted","enrolled"]},{"path":"employment.status","op":"notIn","value":["employed","selfEmployed"]},{"path":"employment.firstJobAge","op":"eq","value":null}],"any":[],"none":[]}	这批机会来了，你先怎么回？	不按别人给的方向走 → 你把不合适的链接收起来，继续按自己的方向投。	[{"type":"tag","target":"history","value":"employment:independent"},{"type":"add","target":"agency","value":2},{"type":"add","target":"pressures.family","value":5},{"type":"add","target":"health.mental","value":-2},{"type":"set","target":"employment.firstJobEntryPath","value":"reentry"},{"type":"tag","target":"history","value":"research:E63"},{"type":"tag","target":"history","value":"research:E64"}]	echo_165@3—5年：那几条招聘信息没有替你做决定，求职边界却说清了。；选择权保住了，现金却没有因此增加。；效果 [{"type":"add","target":"pressures.career","value":4},{"type":"tag","target":"history","value":"echo:employment"}]	无	无	三代理混排复核完成；已发现项已修正
decision_166	decision_166_choice_1	decision	employment	年龄 33—59；人物 []；门槛 {"all":[{"path":"education.status","op":"notIn","value":["notStarted","enrolled"]},{"path":"age","op":"gte","value":32},{"path":"education.status","op":"notIn","value":["notStarted","enrolled"]},{"path":"employment.status","op":"notIn","value":["employed","selfEmployed"]},{"path":"employment.firstJobAge","op":"eq","value":null}],"any":[],"none":[]}	现金先从哪里松一口气？	把住处降到更省钱的安排 → 你重新核算搬动和日常成本，换到能撑更久的居住安排。通勤可能更远，求职方向没换。	[{"type":"tag","target":"history","value":"employment:downsized"},{"type":"add","target":"agency","value":4},{"type":"add","target":"finance.cash","value":-3500},{"type":"add","target":"pressures.money","value":-2},{"type":"transitionHousing","target":"housing","value":{"status":"renting","arrangement":"solo","stability":"conditional","costShare":"self","coResidentRefs":[],"kind":"choice","reason":"longSearchDownsize","housingChoiceKind":"firstIndependent","residenceOnly":true}},{"type":"tag","target":"history","value":"research:E65"},{"type":"tag","target":"history","value":"research:E66"}]	echo_166@1—3年：这次调整很难体面。至少下个月的账单不再全靠假设。；后来收到面试通知时，地址已经换了。；效果 [{"type":"add","target":"agency","value":1},{"type":"tag","target":"history","value":"echo:employment"}]	cashBuffer/costShift；准备“把住处降到更省钱的安排”时，眼前仍要你自己选；牌能帮的，是算清手里的缓冲能垫住哪一段。；这次仍要由你承担后果；缓冲只垫住眼前，没有假装风险已经消失。 你这次走的是“把住处降到更省钱的安排”。	无	三代理混排复核完成；已发现项已修正
decision_166	decision_166_choice_2	decision	employment	年龄 33—59；人物 []；门槛 {"all":[{"path":"education.status","op":"notIn","value":["notStarted","enrolled"]},{"path":"age","op":"gte","value":32},{"path":"education.status","op":"notIn","value":["notStarted","enrolled"]},{"path":"employment.status","op":"notIn","value":["employed","selfEmployed"]},{"path":"employment.firstJobAge","op":"eq","value":null}],"any":[],"none":[]}	现金先从哪里松一口气？	接一段合法短工 → 你核过计价、结算和装备费用，先接一段能停下来的活。白天或夜里工作，另一段时间继续投。	[{"type":"tag","target":"history","value":"employment:short_work"},{"type":"add","target":"agency","value":3},{"type":"add","target":"finance.cash","value":1200},{"type":"add","target":"pressures.money","value":-1},{"type":"set","target":"employment.applicationStatus","value":"applying"},{"type":"tag","target":"history","value":"research:E65"},{"type":"tag","target":"history","value":"research:E66"}]	echo_166@2—4年：这次调整很难体面。至少下个月的账单不再全靠假设。；收入不稳定，必要开销先接上了。原方向的简历也没有扔。；效果 [{"type":"add","target":"capabilities.resilience","value":1},{"type":"tag","target":"history","value":"echo:employment"}]	无	无	三代理混排复核完成；已发现项已修正
decision_166	decision_166_choice_3	decision	employment	年龄 33—59；人物 []；门槛 {"all":[{"path":"education.status","op":"notIn","value":["notStarted","enrolled"]},{"path":"age","op":"gte","value":32},{"path":"education.status","op":"notIn","value":["notStarted","enrolled"]},{"path":"employment.status","op":"notIn","value":["employed","selfEmployed"]},{"path":"employment.firstJobAge","op":"eq","value":null}],"any":[],"none":[]}	现金先从哪里松一口气？	再扛一阵，不接眼前的 → 你拒绝了条件含糊的岗位，把花销压到最低。	[{"type":"tag","target":"history","value":"employment:continued"},{"type":"add","target":"agency","value":2},{"type":"add","target":"finance.cash","value":-2500},{"type":"add","target":"pressures.money","value":4},{"type":"tag","target":"history","value":"research:E65"},{"type":"tag","target":"history","value":"research:E66"}]	echo_166@3—5年：这次调整很难体面。至少下个月的账单不再全靠假设。；不可靠的工作没接，现金继续往下掉。；效果 [{"type":"add","target":"pressures.career","value":4},{"type":"tag","target":"history","value":"echo:employment"}]	无	无	三代理混排复核完成；已发现项已修正
decision_167	decision_167_choice_1	decision	employment	年龄 34—60；人物 []；门槛 {"all":[{"path":"education.status","op":"notIn","value":["notStarted","enrolled"]},{"path":"age","op":"gte","value":32},{"path":"education.status","op":"notIn","value":["notStarted","enrolled"]},{"path":"employment.status","op":"notIn","value":["employed","selfEmployed"]},{"path":"employment.firstJobAge","op":"eq","value":null}],"any":[],"none":[]}	这一次，你怎么回到工作里？	先接能报到的工作 → 你看过合同和发薪日，接受了比学历上限低一档的岗位。先把现金流接上。	[{"type":"tag","target":"history","value":"employment:accepted"},{"type":"add","target":"agency","value":4},{"type":"acceptFirstJobOffer","target":"employment","value":"reentry"},{"type":"add","target":"pressures.family","value":-2},{"type":"add","target":"health.mental","value":1},{"type":"tag","target":"history","value":"research:E67"},{"type":"tag","target":"history","value":"research:E68"}]	echo_167@1—3年：合同、申请记录或拒绝邮件，最后总有一份留了下来。；第一份正式工作来得晚。工牌是真的，起点也照实记录。；效果 [{"type":"add","target":"agency","value":1},{"type":"tag","target":"history","value":"echo:employment"}]	resilience/riskShift；准备“先接能报到的工作”时，你没有急着选，先给最坏的结果留一条还能继续的路。；多出来的差别很具体：这一下没有堵死后面的路。 你这次走的是“先接能报到的工作”。	无	三代理混排复核完成；已发现项已修正
decision_167	decision_167_choice_2	decision	employment	年龄 34—60；人物 []；门槛 {"all":[{"path":"education.status","op":"notIn","value":["notStarted","enrolled"]},{"path":"age","op":"gte","value":32},{"path":"education.status","op":"notIn","value":["notStarted","enrolled"]},{"path":"employment.status","op":"notIn","value":["employed","selfEmployed"]},{"path":"employment.firstJobAge","op":"eq","value":null}],"any":[],"none":[]}	这一次，你怎么回到工作里？	继续按原区间求职 → 你保留短工或节流安排，继续投真正匹配的岗位。	[{"type":"tag","target":"history","value":"employment:searching"},{"type":"add","target":"agency","value":3},{"type":"leaveEmployment","target":"employment","value":"longSearch"},{"type":"add","target":"pressures.family","value":0},{"type":"add","target":"health.mental","value":0},{"type":"tag","target":"history","value":"research:E67"},{"type":"tag","target":"history","value":"research:E68"}]	echo_167@2—4年：合同、申请记录或拒绝邮件，最后总有一份留了下来。；求职还在继续。没有合同，也没有把短暂机会写成正式工作。；效果 [{"type":"add","target":"capabilities.resilience","value":1},{"type":"tag","target":"history","value":"echo:employment"}]	无	无	三代理混排复核完成；已发现项已修正
decision_167	decision_167_choice_3	decision	employment	年龄 34—60；人物 []；门槛 {"all":[{"path":"education.status","op":"notIn","value":["notStarted","enrolled"]},{"path":"age","op":"gte","value":32},{"path":"education.status","op":"notIn","value":["notStarted","enrolled"]},{"path":"employment.status","op":"notIn","value":["employed","selfEmployed"]},{"path":"employment.firstJobAge","op":"eq","value":null}],"any":[],"none":[]}	这一次，你怎么回到工作里？	拒绝当前机会 → 条件不可靠，或者代价实在不值得。你发出拒绝，重新计算能撑多久。	[{"type":"tag","target":"history","value":"employment:declined"},{"type":"add","target":"agency","value":2},{"type":"leaveEmployment","target":"employment","value":"declined"},{"type":"add","target":"pressures.family","value":3},{"type":"add","target":"health.mental","value":-2},{"type":"tag","target":"history","value":"research:E67"},{"type":"tag","target":"history","value":"research:E68"}]	echo_167@3—5年：合同、申请记录或拒绝邮件，最后总有一份留了下来。；拒绝不是免费选择。下一轮仍能投，眼前的账单得自己接住。；效果 [{"type":"add","target":"pressures.career","value":4},{"type":"tag","target":"history","value":"echo:employment"}]	无	无	三代理混排复核完成；已发现项已修正
decision_168	decision_168_choice_1	decision	employment	年龄 18—60；人物 []；门槛 {"all":[{"path":"education.status","op":"notIn","value":["notStarted","enrolled"]},{"path":"employment.status","op":"in","value":["employed","gig","selfEmployed"]},{"path":"employment.profileId","op":"in","value":["crowd_rider","station_rider"]}],"any":[],"none":[]}	新人第一次跟站点老骑手跑单。对方没讲大道理，只告诉你哪栋楼的电梯藏在消防门后、哪家商场要从卸货口进。下一单已经开始倒计时。	照着老路线跑 → 你把入口和楼栋记进导航备注，先少绕一次。	[{"type":"tag","target":"history","value":"employment:deliberate"},{"type":"add","target":"agency","value":4},{"type":"add","target":"capabilities.skill","value":3},{"type":"add","target":"pressures.body","value":1},{"type":"tag","target":"history","value":"research:E17"}]	echo_168@1—3年：那条跟跑路线后来成了你自己的经验。；后来带新人时，你也先告诉他那扇不起眼的消防门。；效果 [{"type":"add","target":"agency","value":1},{"type":"tag","target":"history","value":"echo:employment"}]	portableSkill/resultVariant；准备“照着老路线跑”时，“照着老路线跑”要真的走得通，得先拿一件真正做过的事试路。；“照着老路线跑”照样有代价，不过做过的事成了这次选择的底气。 你这次走的是“照着老路线跑”。	无	三代理混排复核完成；已发现项已修正
decision_168	decision_168_choice_2	decision	employment	年龄 18—60；人物 []；门槛 {"all":[{"path":"education.status","op":"notIn","value":["notStarted","enrolled"]},{"path":"employment.status","op":"in","value":["employed","gig","selfEmployed"]},{"path":"employment.profileId","op":"in","value":["crowd_rider","station_rider"]}],"any":[],"none":[]}	新人第一次跟站点老骑手跑单。对方没讲大道理，只告诉你哪栋楼的电梯藏在消防门后、哪家商场要从卸货口进。下一单已经开始倒计时。	自己试条近路 → 地图上少两百米，现场多了一道上锁的门。	[{"type":"tag","target":"history","value":"employment:negotiated"},{"type":"add","target":"agency","value":3},{"type":"add","target":"capabilities.skill","value":1},{"type":"add","target":"pressures.career","value":3},{"type":"tag","target":"history","value":"research:E17"}]	echo_168@2—4年：那条跟跑路线后来成了你自己的经验。；超时申诉里有了照片。你也记住这条近路并不近。；效果 [{"type":"add","target":"capabilities.resilience","value":1},{"type":"tag","target":"history","value":"echo:employment"}]	无	无	三代理混排复核完成；已发现项已修正
decision_168	decision_168_choice_3	decision	employment	年龄 18—60；人物 []；门槛 {"all":[{"path":"education.status","op":"notIn","value":["notStarted","enrolled"]},{"path":"employment.status","op":"in","value":["employed","gig","selfEmployed"]},{"path":"employment.profileId","op":"in","value":["crowd_rider","station_rider"]}],"any":[],"none":[]}	新人第一次跟站点老骑手跑单。对方没讲大道理，只告诉你哪栋楼的电梯藏在消防门后、哪家商场要从卸货口进。下一单已经开始倒计时。	先打电话确认入口 → 顾客回了消息，保安也没再让你绕整栋楼。	[{"type":"tag","target":"history","value":"employment:risk"},{"type":"add","target":"agency","value":2},{"type":"add","target":"capabilities.network","value":2},{"type":"tag","target":"history","value":"research:E17"}]	echo_168@3—5年：那条跟跑路线后来成了你自己的经验。；以后碰到陌生园区，你不再只盯地图上的蓝线。；效果 [{"type":"add","target":"pressures.career","value":4},{"type":"tag","target":"history","value":"echo:employment"}]	无	无	三代理混排复核完成；已发现项已修正
decision_169	decision_169_choice_1	decision	employment	年龄 18—60；人物 []；门槛 {"all":[{"path":"education.status","op":"notIn","value":["notStarted","enrolled"]},{"path":"employment.status","op":"in","value":["employed","gig","selfEmployed"]},{"path":"employment.profileId","op":"in","value":["crowd_rider","station_rider"]}],"any":[],"none":[]}	商家还在出餐，保温箱里已经有五单。催得太凶怕拿错，不催，后面的楼栋一起超时。站长的头像亮着。	盯住这单，催商家 → 你核对取餐号，在出餐口等到袋子封好。	[{"type":"tag","target":"history","value":"employment:deliberate"},{"type":"add","target":"agency","value":4},{"type":"add","target":"pressures.career","value":2},{"type":"add","target":"capabilities.skill","value":1},{"type":"tag","target":"history","value":"research:E20"}]	echo_169@1—3年：那次卡餐以后，你处理顺序变了。；后面几单晚了些，至少没有把别人的餐送错。；效果 [{"type":"add","target":"agency","value":1},{"type":"tag","target":"history","value":"echo:employment"}]	riskSense/riskShift；准备“盯住这单，催商家”时，这次多了一步准备：先找出最容易留下后患的那一步。；结果仍不确定；最容易出问题的地方提前被看见了。 你这次走的是“盯住这单，催商家”。	无	三代理混排复核完成；已发现项已修正
decision_169	decision_169_choice_2	decision	employment	年龄 18—60；人物 []；门槛 {"all":[{"path":"education.status","op":"notIn","value":["notStarted","enrolled"]},{"path":"employment.status","op":"in","value":["employed","gig","selfEmployed"]},{"path":"employment.profileId","op":"in","value":["crowd_rider","station_rider"]}],"any":[],"none":[]}	商家还在出餐，保温箱里已经有五单。催得太凶怕拿错，不催，后面的楼栋一起超时。站长的头像亮着。	找站长改派 → 你把出餐照片和手里单量发过去，站长拆走两单。	[{"type":"tag","target":"history","value":"employment:negotiated"},{"type":"add","target":"agency","value":3},{"type":"add","target":"capabilities.network","value":2},{"type":"add","target":"pressures.career","value":-1},{"type":"tag","target":"history","value":"research:E20"}]	echo_169@2—4年：那次卡餐以后，你处理顺序变了。；下次爆单时，对方先问现场是不是又卡餐。；效果 [{"type":"add","target":"capabilities.resilience","value":1},{"type":"tag","target":"history","value":"echo:employment"}]	无	无	三代理混排复核完成；已发现项已修正
decision_169	decision_169_choice_3	decision	employment	年龄 18—60；人物 []；门槛 {"all":[{"path":"education.status","op":"notIn","value":["notStarted","enrolled"]},{"path":"employment.status","op":"in","value":["employed","gig","selfEmployed"]},{"path":"employment.profileId","op":"in","value":["crowd_rider","station_rider"]}],"any":[],"none":[]}	商家还在出餐，保温箱里已经有五单。催得太凶怕拿错，不催，后面的楼栋一起超时。站长的头像亮着。	先送已经拿到的 → 你标记商家未出餐，带着其余订单先走。	[{"type":"tag","target":"history","value":"employment:risk"},{"type":"add","target":"agency","value":2},{"type":"add","target":"capabilities.riskSense","value":2},{"type":"add","target":"pressures.body","value":2},{"type":"tag","target":"history","value":"research:E20"}]	echo_169@3—5年：那次卡餐以后，你处理顺序变了。；路线没全乱，回来时那袋餐已经凉了一点。；效果 [{"type":"add","target":"pressures.career","value":4},{"type":"tag","target":"history","value":"echo:employment"}]	无	无	三代理混排复核完成；已发现项已修正
decision_170	decision_170_choice_1	decision	employment	年龄 18—60；人物 []；门槛 {"all":[{"path":"education.status","op":"notIn","value":["notStarted","enrolled"]},{"path":"employment.status","op":"in","value":["employed","gig","selfEmployed"]},{"path":"employment.profileId","op":"in","value":["warehouse_picker"]}],"any":[],"none":[]}	仓储园区中午不让出门，售卖机一盒饭的钱接近一小时工资。夜班同事把自带饭放在休息室的小冰箱里。	先买一份，记下价格 → 你没空着肚子上后半班，也把这笔钱算进真实日薪。	[{"type":"tag","target":"history","value":"employment:deliberate"},{"type":"add","target":"agency","value":4},{"type":"add","target":"finance.cash","value":-35},{"type":"add","target":"capabilities.riskSense","value":1},{"type":"tag","target":"history","value":"research:E24"}]	echo_170@1—3年：园区里的那顿饭后来有了固定办法。；下次接类似班次，你先问清吃饭和交通。；效果 [{"type":"add","target":"agency","value":1},{"type":"tag","target":"history","value":"echo:employment"}]	cashBuffer/costShift；准备“先买一份，记下价格”时，动手以前，你决定算清手里的缓冲能垫住哪一段，再看要不要“先买一份，记下价格”。；结果落定时，缓冲只垫住眼前，没有假装风险已经消失。 你这次走的是“先买一份，记下价格”。	无	三代理混排复核完成；已发现项已修正
decision_170	decision_170_choice_2	decision	employment	年龄 18—60；人物 []；门槛 {"all":[{"path":"education.status","op":"notIn","value":["notStarted","enrolled"]},{"path":"employment.status","op":"in","value":["employed","gig","selfEmployed"]},{"path":"employment.profileId","op":"in","value":["warehouse_picker"]}],"any":[],"none":[]}	仓储园区中午不让出门，售卖机一盒饭的钱接近一小时工资。夜班同事把自带饭放在休息室的小冰箱里。	以后自己带饭 → 第二天饭盒和水杯一起塞进包里。	[{"type":"tag","target":"history","value":"employment:negotiated"},{"type":"add","target":"agency","value":3},{"type":"add","target":"capabilities.cashBuffer","value":1},{"type":"add","target":"pressures.body","value":-1},{"type":"tag","target":"history","value":"research:E24"}]	echo_170@2—4年：园区里的那顿饭后来有了固定办法。；休息只有半小时，至少不用排售卖机。；效果 [{"type":"add","target":"capabilities.resilience","value":1},{"type":"tag","target":"history","value":"echo:employment"}]	无	无	三代理混排复核完成；已发现项已修正
decision_170	decision_170_choice_3	decision	employment	年龄 18—60；人物 []；门槛 {"all":[{"path":"education.status","op":"notIn","value":["notStarted","enrolled"]},{"path":"employment.status","op":"in","value":["employed","gig","selfEmployed"]},{"path":"employment.profileId","op":"in","value":["warehouse_picker"]}],"any":[],"none":[]}	仓储园区中午不让出门，售卖机一盒饭的钱接近一小时工资。夜班同事把自带饭放在休息室的小冰箱里。	找班组问能否统一订 → 几个人一起报了人数，组长联系附近餐馆送到门口。	[{"type":"tag","target":"history","value":"employment:risk"},{"type":"add","target":"agency","value":2},{"type":"add","target":"capabilities.network","value":2},{"type":"tag","target":"history","value":"research:E24"}]	echo_170@3—5年：园区里的那顿饭后来有了固定办法。；饭不算好吃，价格终于没那么离谱。；效果 [{"type":"add","target":"pressures.career","value":4},{"type":"tag","target":"history","value":"echo:employment"}]	无	无	三代理混排复核完成；已发现项已修正
decision_171	decision_171_choice_1	decision	employment	年龄 18—60；人物 []；门槛 {"all":[{"path":"education.status","op":"notIn","value":["notStarted","enrolled"]},{"path":"employment.status","op":"in","value":["employed","gig","selfEmployed"]},{"path":"employment.profileId","op":"in","value":["warehouse_picker"]}],"any":[],"none":[]}	传送带识别失败，人工件越堆越高。组长在另一头催数字，脚边的黄线已经被纸箱压住。	加快手速顶过去 → 数字追上了一点，手套却被纸箱边划开。	[{"type":"tag","target":"history","value":"employment:deliberate"},{"type":"add","target":"agency","value":4},{"type":"add","target":"pressures.body","value":5},{"type":"add","target":"capabilities.skill","value":1},{"type":"tag","target":"history","value":"research:E25"}]	echo_171@1—3年：那晚的产量表旁边，后来多了一条安全记录。；第二天贴创可贴时，积压早换到了另一条线。；效果 [{"type":"add","target":"agency","value":1},{"type":"tag","target":"history","value":"echo:employment"}]	riskSense/riskShift；准备“加快手速顶过去”时，这次多做了一层准备：找出最容易留下后患的那一步。；回头看这一步，最容易出问题的地方提前被看见了。 你这次走的是“加快手速顶过去”。	无	三代理混排复核完成；已发现项已修正
decision_171	decision_171_choice_2	decision	employment	年龄 18—60；人物 []；门槛 {"all":[{"path":"education.status","op":"notIn","value":["notStarted","enrolled"]},{"path":"employment.status","op":"in","value":["employed","gig","selfEmployed"]},{"path":"employment.profileId","op":"in","value":["warehouse_picker"]}],"any":[],"none":[]}	传送带识别失败，人工件越堆越高。组长在另一头催数字，脚边的黄线已经被纸箱压住。	叫组长增人 → 你拍下积压和黄线，请对方先调两个人来清。	[{"type":"tag","target":"history","value":"employment:negotiated"},{"type":"add","target":"agency","value":3},{"type":"add","target":"capabilities.boundary","value":3},{"type":"add","target":"pressures.career","value":1},{"type":"tag","target":"history","value":"research:E25"}]	echo_171@2—4年：那晚的产量表旁边，后来多了一条安全记录。；产量晚了十分钟，通道重新露了出来。；效果 [{"type":"add","target":"capabilities.resilience","value":1},{"type":"tag","target":"history","value":"echo:employment"}]	无	无	三代理混排复核完成；已发现项已修正
decision_171	decision_171_choice_3	decision	employment	年龄 18—60；人物 []；门槛 {"all":[{"path":"education.status","op":"notIn","value":["notStarted","enrolled"]},{"path":"employment.status","op":"in","value":["employed","gig","selfEmployed"]},{"path":"employment.profileId","op":"in","value":["warehouse_picker"]}],"any":[],"none":[]}	传送带识别失败，人工件越堆越高。组长在另一头催数字，脚边的黄线已经被纸箱压住。	按安全节奏做 → 你没让纸箱越过黄线，数字就照真实速度往上走。	[{"type":"tag","target":"history","value":"employment:risk"},{"type":"add","target":"agency","value":2},{"type":"add","target":"capabilities.riskSense","value":3},{"type":"tag","target":"history","value":"research:E25"}]	echo_171@3—5年：那晚的产量表旁边，后来多了一条安全记录。；复盘时，故障时间没有被算成你偷懒。；效果 [{"type":"add","target":"pressures.career","value":4},{"type":"tag","target":"history","value":"echo:employment"}]	无	无	三代理混排复核完成；已发现项已修正
decision_172	decision_172_choice_1	decision	employment	年龄 18—60；人物 []；门槛 {"all":[{"path":"education.status","op":"notIn","value":["notStarted","enrolled"]},{"path":"employment.status","op":"in","value":["employed","gig","selfEmployed"]},{"path":"employment.profileId","op":"in","value":["loading_gig","cleaning_worker"]}],"any":[],"none":[]}	零工市场大屏同时跳出三单：远处装卸给得多，附近保洁当天结，技能单还没刷新。窗口只给你几分钟考虑。	去钱多的装卸 → 你坐最早一班车去仓库，按约定清点工时。	[{"type":"tag","target":"history","value":"employment:deliberate"},{"type":"add","target":"agency","value":4},{"type":"add","target":"finance.cash","value":420},{"type":"add","target":"pressures.body","value":4},{"type":"tag","target":"history","value":"research:E26"}]	echo_172@1—3年：那块大屏上的一行字，后来变成了当天的现金。；当天挣得多，第二天胳膊抬得很慢。；效果 [{"type":"add","target":"agency","value":1},{"type":"tag","target":"history","value":"echo:employment"}]	riskSense/riskShift；准备“去钱多的装卸”时，眼前仍要你自己选；牌能帮的，是找出最容易留下后患的那一步。；这次仍要由你承担后果；最容易出问题的地方提前被看见了。 你这次走的是“去钱多的装卸”。	无	三代理混排复核完成；已发现项已修正
decision_172	decision_172_choice_2	decision	employment	年龄 18—60；人物 []；门槛 {"all":[{"path":"education.status","op":"notIn","value":["notStarted","enrolled"]},{"path":"employment.status","op":"in","value":["employed","gig","selfEmployed"]},{"path":"employment.profileId","op":"in","value":["loading_gig","cleaning_worker"]}],"any":[],"none":[]}	零工市场大屏同时跳出三单：远处装卸给得多，附近保洁当天结，技能单还没刷新。窗口只给你几分钟考虑。	接离家近的保洁 → 通勤短，结算单也在下班前签完。	[{"type":"tag","target":"history","value":"employment:negotiated"},{"type":"add","target":"agency","value":3},{"type":"add","target":"finance.cash","value":260},{"type":"add","target":"pressures.body","value":2},{"type":"tag","target":"history","value":"research:E26"}]	echo_172@2—4年：那块大屏上的一行字，后来变成了当天的现金。；钱少一点，晚上还能自己做顿饭。；效果 [{"type":"add","target":"capabilities.resilience","value":1},{"type":"tag","target":"history","value":"echo:employment"}]	无	无	三代理混排复核完成；已发现项已修正
decision_172	decision_172_choice_3	decision	employment	年龄 18—60；人物 []；门槛 {"all":[{"path":"education.status","op":"notIn","value":["notStarted","enrolled"]},{"path":"employment.status","op":"in","value":["employed","gig","selfEmployed"]},{"path":"employment.profileId","op":"in","value":["loading_gig","cleaning_worker"]}],"any":[],"none":[]}	零工市场大屏同时跳出三单：远处装卸给得多，附近保洁当天结，技能单还没刷新。窗口只给你几分钟考虑。	再等技能单 → 前两单很快被领走。你守到下午，屏幕没再跳出合适的。	[{"type":"tag","target":"history","value":"employment:risk"},{"type":"add","target":"agency","value":2},{"type":"add","target":"pressures.money","value":3},{"type":"add","target":"capabilities.riskSense","value":1},{"type":"tag","target":"history","value":"research:E26"}]	echo_172@3—5年：那块大屏上的一行字，后来变成了当天的现金。；今天没收入，明天仍能继续等。；效果 [{"type":"add","target":"pressures.career","value":4},{"type":"tag","target":"history","value":"echo:employment"}]	无	无	三代理混排复核完成；已发现项已修正
decision_173	decision_173_choice_1	decision	employment	年龄 18—60；人物 []；门槛 {"all":[{"path":"education.status","op":"notIn","value":["notStarted","enrolled"]},{"path":"employment.status","op":"in","value":["employed","gig","selfEmployed"]},{"path":"employment.profileId","op":"in","value":["store_clerk","store_supervisor"]}],"any":[],"none":[]}	超市盘货拖到凌晨，排班表上第二天仍是七点早班。盘点枪还剩一格电，同事已经开始算回家还有没有夜班车。	留下盘完 → 你和同事把最后两排货扫完，打车费自己先垫。	[{"type":"tag","target":"history","value":"employment:deliberate"},{"type":"add","target":"agency","value":4},{"type":"add","target":"pressures.body","value":6},{"type":"add","target":"capabilities.skill","value":1},{"type":"tag","target":"history","value":"research:E30"}]	echo_173@1—3年：那次盘货以后，排班表第一次被拿来逐项对时间。；第二天站早班时，谁都没把疲惫叫作团队氛围。；效果 [{"type":"add","target":"agency","value":1},{"type":"tag","target":"history","value":"echo:employment"}]	resilience/riskShift；准备“留下盘完”时，你没有急着选，先给最坏的结果留一条还能继续的路。；多出来的差别很具体：这一下没有堵死后面的路。 你这次走的是“留下盘完”。	无	三代理混排复核完成；已发现项已修正
decision_173	decision_173_choice_2	decision	employment	年龄 18—60；人物 []；门槛 {"all":[{"path":"education.status","op":"notIn","value":["notStarted","enrolled"]},{"path":"employment.status","op":"in","value":["employed","gig","selfEmployed"]},{"path":"employment.profileId","op":"in","value":["store_clerk","store_supervisor"]}],"any":[],"none":[]}	超市盘货拖到凌晨，排班表上第二天仍是七点早班。盘点枪还剩一格电，同事已经开始算回家还有没有夜班车。	要求换掉早班 → 你把结束时间发给店长，确认第二天由别人先开门。	[{"type":"tag","target":"history","value":"employment:negotiated"},{"type":"add","target":"agency","value":3},{"type":"add","target":"capabilities.boundary","value":3},{"type":"add","target":"pressures.career","value":1},{"type":"tag","target":"history","value":"research:E30"}]	echo_173@2—4年：那次盘货以后，排班表第一次被拿来逐项对时间。；群里有人不高兴，工时至少没有凭空消失。；效果 [{"type":"add","target":"capabilities.resilience","value":1},{"type":"tag","target":"history","value":"echo:employment"}]	无	无	三代理混排复核完成；已发现项已修正
decision_173	decision_173_choice_3	decision	employment	年龄 18—60；人物 []；门槛 {"all":[{"path":"education.status","op":"notIn","value":["notStarted","enrolled"]},{"path":"employment.status","op":"in","value":["employed","gig","selfEmployed"]},{"path":"employment.profileId","op":"in","value":["store_clerk","store_supervisor"]}],"any":[],"none":[]}	超市盘货拖到凌晨，排班表上第二天仍是七点早班。盘点枪还剩一格电，同事已经开始算回家还有没有夜班车。	记录工时先走 → 你拍下盘点进度和打卡时间，赶上最后一班车。	[{"type":"tag","target":"history","value":"employment:risk"},{"type":"add","target":"agency","value":2},{"type":"add","target":"capabilities.riskSense","value":2},{"type":"add","target":"pressures.career","value":2},{"type":"tag","target":"history","value":"research:E30"}]	echo_173@3—5年：那次盘货以后，排班表第一次被拿来逐项对时间。；剩下的货第二天补完，记录也留在系统里。；效果 [{"type":"add","target":"pressures.career","value":4},{"type":"tag","target":"history","value":"echo:employment"}]	无	无	三代理混排复核完成；已发现项已修正
decision_174	decision_174_choice_1	decision	employment	年龄 18—60；人物 []；门槛 {"all":[{"path":"education.status","op":"notIn","value":["notStarted","enrolled"]},{"path":"employment.status","op":"in","value":["employed","gig","selfEmployed"]},{"path":"employment.profileId","op":"in","value":["food_hourly","store_clerk","store_supervisor"]}],"any":[],"none":[]}	奶茶店爆单时，店长自己站到封口机前，让每个人轮流去后场喝水。外卖屏还在往下滚。	留下支援高峰 → 你接过打包台，按取餐号一袋袋核。	[{"type":"tag","target":"history","value":"employment:deliberate"},{"type":"add","target":"agency","value":4},{"type":"add","target":"relationships.network","value":3},{"type":"add","target":"pressures.body","value":2},{"type":"tag","target":"history","value":"research:E34"}]	echo_174@1—3年：那一晚大家记住的，不只是出了多少杯。；高峰过去，店长把多出的工时补进排班。；效果 [{"type":"add","target":"agency","value":1},{"type":"tag","target":"history","value":"echo:employment"}]	resilience/resultVariant；准备“留下支援高峰”时，留下支援之前，你先确认轮换、补水和高峰结束时间，别把支援变成无限加班。；高峰仍然很累，但轮换和结束时间没有被一句支援带过。 你这次走的是“留下支援高峰”。	无	三代理混排复核完成；已发现项已修正
decision_174	decision_174_choice_2	decision	employment	年龄 18—60；人物 []；门槛 {"all":[{"path":"education.status","op":"notIn","value":["notStarted","enrolled"]},{"path":"employment.status","op":"in","value":["employed","gig","selfEmployed"]},{"path":"employment.profileId","op":"in","value":["food_hourly","store_clerk","store_supervisor"]}],"any":[],"none":[]}	奶茶店爆单时，店长自己站到封口机前，让每个人轮流去后场喝水。外卖屏还在往下滚。	按原班下班 → 你完成交接，照排班时间打卡。店长点头，让下一班接上。	[{"type":"tag","target":"history","value":"employment:negotiated"},{"type":"add","target":"agency","value":3},{"type":"add","target":"capabilities.boundary","value":2},{"type":"add","target":"relationships.network","value":1},{"type":"tag","target":"history","value":"research:E34"}]	echo_174@2—4年：那一晚大家记住的，不只是出了多少杯。；下次你临时有事，对方也没有拿这次说事。；效果 [{"type":"add","target":"capabilities.resilience","value":1},{"type":"tag","target":"history","value":"echo:employment"}]	无	无	三代理混排复核完成；已发现项已修正
decision_174	decision_174_choice_3	decision	employment	年龄 18—60；人物 []；门槛 {"all":[{"path":"education.status","op":"notIn","value":["notStarted","enrolled"]},{"path":"employment.status","op":"in","value":["employed","gig","selfEmployed"]},{"path":"employment.profileId","op":"in","value":["food_hourly","store_clerk","store_supervisor"]}],"any":[],"none":[]}	奶茶店爆单时，店长自己站到封口机前，让每个人轮流去后场喝水。外卖屏还在往下滚。	替同事换十分钟 → 你先守住操作台，让忙了一小时的人去喝水。	[{"type":"tag","target":"history","value":"employment:risk"},{"type":"add","target":"agency","value":2},{"type":"add","target":"relationships.network","value":4},{"type":"add","target":"pressures.body","value":1},{"type":"tag","target":"history","value":"research:E34"}]	echo_174@3—5年：那一晚大家记住的，不只是出了多少杯。；轮到你休息时，杯子里还留着温水。；效果 [{"type":"add","target":"pressures.career","value":4},{"type":"tag","target":"history","value":"echo:employment"}]	无	无	三代理混排复核完成；已发现项已修正
decision_175	decision_175_choice_1	decision	employment	年龄 20—60；人物 []；门槛 {"all":[{"path":"education.status","op":"notIn","value":["notStarted","enrolled"]},{"path":"employment.status","op":"in","value":["employed","gig","selfEmployed"]},{"path":"employment.profileId","op":"in","value":["store_supervisor"]}],"any":[],"none":[]}	咖啡店值班伙伴同时盯制作、巡视和新人。客人排到门外，冰箱温度记录还差一次。店长电话占线。	先守食品安全 → 你暂停一台设备，补完温度和清洁记录再继续出杯。	[{"type":"tag","target":"history","value":"employment:deliberate"},{"type":"add","target":"agency","value":4},{"type":"add","target":"capabilities.riskSense","value":3},{"type":"add","target":"pressures.career","value":2},{"type":"tag","target":"history","value":"research:E37"}]	echo_175@1—3年：那次高峰以后，交接本上多了处理顺序。；投诉了几句的客人走了，冰箱里的原料没有带病上岗。；效果 [{"type":"add","target":"agency","value":1},{"type":"tag","target":"history","value":"echo:employment"}]	riskSense/riskShift；准备“先守食品安全”时，你先把温度、时间和当班责任记清，避免在忙乱里跳过食品安全记录。；出餐仍然拥挤，但温度记录和处置责任没有丢。 你这次走的是“先守食品安全”。	无	三代理混排复核完成；已发现项已修正
decision_175	decision_175_choice_2	decision	employment	年龄 20—60；人物 []；门槛 {"all":[{"path":"education.status","op":"notIn","value":["notStarted","enrolled"]},{"path":"employment.status","op":"in","value":["employed","gig","selfEmployed"]},{"path":"employment.profileId","op":"in","value":["store_supervisor"]}],"any":[],"none":[]}	咖啡店值班伙伴同时盯制作、巡视和新人。客人排到门外，冰箱温度记录还差一次。店长电话占线。	先保出杯速度 → 你把巡视往后放，所有人先站制作线。	[{"type":"tag","target":"history","value":"employment:negotiated"},{"type":"add","target":"agency","value":3},{"type":"add","target":"capabilities.skill","value":2},{"type":"add","target":"pressures.body","value":3},{"type":"tag","target":"history","value":"research:E37"}]	echo_175@2—4年：那次高峰以后，交接本上多了处理顺序。；队伍短了，打烊后补记录补到很晚。；效果 [{"type":"add","target":"capabilities.resilience","value":1},{"type":"tag","target":"history","value":"echo:employment"}]	无	无	三代理混排复核完成；已发现项已修正
decision_175	decision_175_choice_3	decision	employment	年龄 20—60；人物 []；门槛 {"all":[{"path":"education.status","op":"notIn","value":["notStarted","enrolled"]},{"path":"employment.status","op":"in","value":["employed","gig","selfEmployed"]},{"path":"employment.profileId","op":"in","value":["store_supervisor"]}],"any":[],"none":[]}	咖啡店值班伙伴同时盯制作、巡视和新人。客人排到门外，冰箱温度记录还差一次。店长电话占线。	请区域店长补位 → 你把缺口说清，对方从邻店调来一人。	[{"type":"tag","target":"history","value":"employment:risk"},{"type":"add","target":"agency","value":2},{"type":"add","target":"capabilities.network","value":3},{"type":"add","target":"pressures.career","value":-1},{"type":"tag","target":"history","value":"research:E37"}]	echo_175@3—5年：那次高峰以后，交接本上多了处理顺序。；支援只待了两小时，最乱的一段有人接住了。；效果 [{"type":"add","target":"pressures.career","value":4},{"type":"tag","target":"history","value":"echo:employment"}]	无	无	三代理混排复核完成；已发现项已修正
decision_176	decision_176_choice_1	decision	employment	年龄 18—60；人物 []；门槛 {"all":[{"path":"education.status","op":"notIn","value":["notStarted","enrolled"]},{"path":"employment.status","op":"in","value":["employed","gig","selfEmployed"]},{"path":"employment.profileId","op":"in","value":["factory_operator","skilled_technician"]}],"any":[],"none":[]}	入厂以后才知道分到长白班，隔壁技术组要两班倒。宿舍已经领了钥匙，培训表等着签字。	留在长白班 → 你按现有工位学操作，先把收入和作息稳住。	[{"type":"tag","target":"history","value":"employment:deliberate"},{"type":"add","target":"agency","value":4},{"type":"transitionHousing","target":"housing","value":{"status":"supported","arrangement":"dormitory","region":"tier2","stability":"conditional","accessibility":"standard","costShare":"supported","coResidentRefs":[],"kind":"background","reason":"factoryDormitoryAssignment","residenceOnly":true}},{"type":"add","target":"capabilities.skill","value":3},{"type":"add","target":"pressures.body","value":1},{"type":"tag","target":"history","value":"research:E41"}]	echo_176@1—3年：那张培训表后来对应了真正做过的班次。；熟练以后，班长开始让你带一次新人。；效果 [{"type":"add","target":"agency","value":1},{"type":"tag","target":"history","value":"echo:employment"}]	negotiation/resultVariant；准备“留在长白班”时，动手以前，你决定把期限、钱和各自要做的事摊开谈，再看要不要“留在长白班”。；结果落定时，说出口的条件有了能核对的落点。 你这次走的是“留在长白班”。	无	三代理混排复核完成；已发现项已修正
decision_176	decision_176_choice_2	decision	employment	年龄 18—60；人物 []；门槛 {"all":[{"path":"education.status","op":"notIn","value":["notStarted","enrolled"]},{"path":"employment.status","op":"in","value":["employed","gig","selfEmployed"]},{"path":"employment.profileId","op":"in","value":["factory_operator","skilled_technician"]}],"any":[],"none":[]}	入厂以后才知道分到长白班，隔壁技术组要两班倒。宿舍已经领了钥匙，培训表等着签字。	申请换技术组 → 你问清夜班补贴、培训和评级，再交调组申请。	[{"type":"tag","target":"history","value":"employment:negotiated"},{"type":"add","target":"agency","value":3},{"type":"transitionHousing","target":"housing","value":{"status":"supported","arrangement":"dormitory","region":"tier2","stability":"conditional","accessibility":"standard","costShare":"supported","coResidentRefs":[],"kind":"background","reason":"factoryDormitoryAssignment","residenceOnly":true}},{"type":"add","target":"capabilities.skill","value":2},{"type":"add","target":"pressures.body","value":3},{"type":"tag","target":"history","value":"research:E41"}]	echo_176@2—4年：那张培训表后来对应了真正做过的班次。；申请排了队，至少不是只听一句以后再说。；效果 [{"type":"add","target":"capabilities.resilience","value":1},{"type":"tag","target":"history","value":"echo:employment"}]	无	无	三代理混排复核完成；已发现项已修正
decision_176	decision_176_choice_3	decision	employment	年龄 18—60；人物 []；门槛 {"all":[{"path":"education.status","op":"notIn","value":["notStarted","enrolled"]},{"path":"employment.status","op":"in","value":["employed","gig","selfEmployed"]},{"path":"employment.profileId","op":"in","value":["factory_operator","skilled_technician"]}],"any":[],"none":[]}	入厂以后才知道分到长白班，隔壁技术组要两班倒。宿舍已经领了钥匙，培训表等着签字。	先做一个月再定 → 你把宿舍、工位和真实工时都记下来。	[{"type":"tag","target":"history","value":"employment:risk"},{"type":"add","target":"agency","value":2},{"type":"transitionHousing","target":"housing","value":{"status":"supported","arrangement":"dormitory","region":"tier2","stability":"conditional","accessibility":"standard","costShare":"supported","coResidentRefs":[],"kind":"background","reason":"factoryDormitoryAssignment","residenceOnly":true}},{"type":"add","target":"capabilities.riskSense","value":2},{"type":"tag","target":"history","value":"research:E41"}]	echo_176@3—5年：那张培训表后来对应了真正做过的班次。；月底再看时，选择里多了自己的数字。；效果 [{"type":"add","target":"pressures.career","value":4},{"type":"tag","target":"history","value":"echo:employment"}]	无	无	三代理混排复核完成；已发现项已修正
decision_177	decision_177_choice_1	decision	employment	年龄 20—65；人物 []；门槛 {"all":[{"path":"education.status","op":"notIn","value":["notStarted","enrolled"]},{"path":"employment.status","op":"in","value":["employed","gig","selfEmployed"]},{"path":"employment.profileId","op":"in","value":["customer_service"]}],"any":[],"none":[]}	客服电话里，顾客要求立刻退款。你的权限只够小额处理，主管消息没回，计时器还在跳。	解释权限，请对方等 → 你说清能做什么、还要等谁确认，没有假装已经退款。	[{"type":"tag","target":"history","value":"employment:deliberate"},{"type":"add","target":"agency","value":4},{"type":"add","target":"capabilities.boundary","value":2},{"type":"add","target":"pressures.career","value":2},{"type":"tag","target":"history","value":"research:E44"}]	echo_177@1—3年：那通电话后来进了质检记录。；等待很难听，质检没说你越权。；效果 [{"type":"add","target":"agency","value":1},{"type":"tag","target":"history","value":"echo:employment"}]	boundary/resultVariant；准备“解释权限，请对方等”时，这次多做了一层准备：把愿意承担和不能接受的部分分别说清。；回头看这一步，你的界线没有在点头时一起让出去。 你这次走的是“解释权限，请对方等”。	无	三代理混排复核完成；已发现项已修正
decision_177	decision_177_choice_2	decision	employment	年龄 20—65；人物 []；门槛 {"all":[{"path":"education.status","op":"notIn","value":["notStarted","enrolled"]},{"path":"employment.status","op":"in","value":["employed","gig","selfEmployed"]},{"path":"employment.profileId","op":"in","value":["customer_service"]}],"any":[],"none":[]}	客服电话里，顾客要求立刻退款。你的权限只够小额处理，主管消息没回，计时器还在跳。	找值班经理 → 你越过没回消息的主管，把订单和录音编号发给值班经理。	[{"type":"tag","target":"history","value":"employment:negotiated"},{"type":"add","target":"agency","value":3},{"type":"add","target":"capabilities.network","value":2},{"type":"add","target":"pressures.career","value":1},{"type":"tag","target":"history","value":"research:E44"}]	echo_177@2—4年：那通电话后来进了质检记录。；退款批了，主管第二天问你为什么没继续等。；效果 [{"type":"add","target":"capabilities.resilience","value":1},{"type":"tag","target":"history","value":"echo:employment"}]	无	无	三代理混排复核完成；已发现项已修正
decision_177	decision_177_choice_3	decision	employment	年龄 20—65；人物 []；门槛 {"all":[{"path":"education.status","op":"notIn","value":["notStarted","enrolled"]},{"path":"employment.status","op":"in","value":["employed","gig","selfEmployed"]},{"path":"employment.profileId","op":"in","value":["customer_service"]}],"any":[],"none":[]}	客服电话里，顾客要求立刻退款。你的权限只够小额处理，主管消息没回，计时器还在跳。	先用小额权限补偿 → 你先发了能批的券，继续保留退款申请。	[{"type":"tag","target":"history","value":"employment:risk"},{"type":"add","target":"agency","value":2},{"type":"add","target":"capabilities.skill","value":2},{"type":"add","target":"pressures.career","value":1},{"type":"tag","target":"history","value":"research:E44"}]	echo_177@3—5年：那通电话后来进了质检记录。；顾客没有立刻满意，至少知道事情还在办。；效果 [{"type":"add","target":"pressures.career","value":4},{"type":"tag","target":"history","value":"echo:employment"}]	无	无	三代理混排复核完成；已发现项已修正
decision_178	decision_178_choice_1	decision	employment	年龄 22—65；人物 []；门槛 {"all":[{"path":"education.status","op":"notIn","value":["notStarted","enrolled"]},{"path":"employment.status","op":"in","value":["employed","gig","selfEmployed"]},{"path":"employment.profileId","op":"in","value":["software_engineer","engineering_specialist","rd_engineer","algorithm_engineer"]}],"any":[],"none":[]}	项目上线前，需求第三次变化。产品群里只写了“尽量支持”，测试环境已经锁定今晚。	继续改到最后 → 你把变化全部接进来，测试时间被压到只剩一轮。	[{"type":"tag","target":"history","value":"employment:deliberate"},{"type":"add","target":"agency","value":4},{"type":"add","target":"capabilities.skill","value":2},{"type":"add","target":"pressures.body","value":5},{"type":"tag","target":"history","value":"research:E51"}]	echo_178@1—3年：那次上线以后，大家终于知道哪一版算数。；功能上了线，第二天的修复单也一起上来了。；效果 [{"type":"add","target":"agency","value":1},{"type":"tag","target":"history","value":"echo:employment"}]	riskSense/riskShift；准备“继续改到最后”时，眼前仍要你自己选；牌能帮的，是找出最容易留下后患的那一步。；这次仍要由你承担后果；最容易出问题的地方提前被看见了。 你这次走的是“继续改到最后”。	无	三代理混排复核完成；已发现项已修正
decision_178	decision_178_choice_2	decision	employment	年龄 22—65；人物 []；门槛 {"all":[{"path":"education.status","op":"notIn","value":["notStarted","enrolled"]},{"path":"employment.status","op":"in","value":["employed","gig","selfEmployed"]},{"path":"employment.profileId","op":"in","value":["software_engineer","engineering_specialist","rd_engineer","algorithm_engineer"]}],"any":[],"none":[]}	项目上线前，需求第三次变化。产品群里只写了“尽量支持”，测试环境已经锁定今晚。	要求冻结范围 → 你列出新增项和延期项，请负责人选一版签字。	[{"type":"tag","target":"history","value":"employment:negotiated"},{"type":"add","target":"agency","value":3},{"type":"add","target":"capabilities.boundary","value":3},{"type":"add","target":"pressures.career","value":2},{"type":"tag","target":"history","value":"research:E51"}]	echo_178@2—4年：那次上线以后，大家终于知道哪一版算数。；有人嫌你不够灵活，测试总算拿到固定版本。；效果 [{"type":"add","target":"capabilities.resilience","value":1},{"type":"tag","target":"history","value":"echo:employment"}]	无	无	三代理混排复核完成；已发现项已修正
decision_178	decision_178_choice_3	decision	employment	年龄 22—65；人物 []；门槛 {"all":[{"path":"education.status","op":"notIn","value":["notStarted","enrolled"]},{"path":"employment.status","op":"in","value":["employed","gig","selfEmployed"]},{"path":"employment.profileId","op":"in","value":["software_engineer","engineering_specialist","rd_engineer","algorithm_engineer"]}],"any":[],"none":[]}	项目上线前，需求第三次变化。产品群里只写了“尽量支持”，测试环境已经锁定今晚。	交可用版并列风险 → 你先保核心流程，把没做完的和可能出错的写进发布说明。	[{"type":"tag","target":"history","value":"employment:risk"},{"type":"add","target":"agency","value":2},{"type":"add","target":"capabilities.riskSense","value":3},{"type":"add","target":"capabilities.evidence","value":2},{"type":"tag","target":"history","value":"research:E51"}]	echo_178@3—5年：那次上线以后，大家终于知道哪一版算数。；上线没那么漂亮，凌晨没有突然多出一套承诺。；效果 [{"type":"add","target":"pressures.career","value":4},{"type":"tag","target":"history","value":"echo:employment"}]	无	无	三代理混排复核完成；已发现项已修正
decision_179	decision_179_choice_1	decision	employment	年龄 22—65；人物 []；门槛 {"all":[{"path":"education.status","op":"notIn","value":["notStarted","enrolled"]},{"path":"employment.status","op":"in","value":["employed","gig","selfEmployed"]},{"path":"employment.profileId","op":"in","value":["accountant"]}],"any":[],"none":[]}	报销单缺了一张附件，业务负责人催财务今天付款。供应商的电话已经打到第三次。	退回补齐附件 → 你在系统里写明缺什么，单据回到业务部门。	[{"type":"tag","target":"history","value":"employment:deliberate"},{"type":"add","target":"agency","value":4},{"type":"add","target":"capabilities.riskSense","value":3},{"type":"add","target":"pressures.career","value":2},{"type":"tag","target":"history","value":"research:E52"}]	echo_179@1—3年：那笔付款后来能从账上追到每一张纸。；款晚了一天，审计时不用靠聊天记录解释。；效果 [{"type":"add","target":"agency","value":1},{"type":"tag","target":"history","value":"echo:employment"}]	evidence/resultVariant；准备“退回补齐附件”时，你没有急着选，先把日期、凭据和能复核的细节放在手边。；多出来的差别很具体：该留下的凭据没有缺席。 你这次走的是“退回补齐附件”。	无	三代理混排复核完成；已发现项已修正
decision_179	decision_179_choice_2	decision	employment	年龄 22—65；人物 []；门槛 {"all":[{"path":"education.status","op":"notIn","value":["notStarted","enrolled"]},{"path":"employment.status","op":"in","value":["employed","gig","selfEmployed"]},{"path":"employment.profileId","op":"in","value":["accountant"]}],"any":[],"none":[]}	报销单缺了一张附件，业务负责人催财务今天付款。供应商的电话已经打到第三次。	先挂账，附件后补 → 你按已有合同记入待处理，没有直接把钱付出去。	[{"type":"tag","target":"history","value":"employment:negotiated"},{"type":"add","target":"agency","value":3},{"type":"add","target":"capabilities.skill","value":2},{"type":"add","target":"pressures.career","value":1},{"type":"tag","target":"history","value":"research:E52"}]	echo_179@2—4年：那笔付款后来能从账上追到每一张纸。；附件补来以前，这笔账一直挂在提醒里。；效果 [{"type":"add","target":"capabilities.resilience","value":1},{"type":"tag","target":"history","value":"echo:employment"}]	无	无	三代理混排复核完成；已发现项已修正
decision_179	decision_179_choice_3	decision	employment	年龄 22—65；人物 []；门槛 {"all":[{"path":"education.status","op":"notIn","value":["notStarted","enrolled"]},{"path":"employment.status","op":"in","value":["employed","gig","selfEmployed"]},{"path":"employment.profileId","op":"in","value":["accountant"]}],"any":[],"none":[]}	报销单缺了一张附件，业务负责人催财务今天付款。供应商的电话已经打到第三次。	请财务主管确认 → 你把合同、缺项和付款期限一起发过去，请主管留下决定。	[{"type":"tag","target":"history","value":"employment:risk"},{"type":"add","target":"agency","value":2},{"type":"add","target":"capabilities.network","value":2},{"type":"add","target":"capabilities.boundary","value":2},{"type":"tag","target":"history","value":"research:E52"}]	echo_179@3—5年：那笔付款后来能从账上追到每一张纸。；供应商拿到回复，责任也没有只停在你一个人的账号。；效果 [{"type":"add","target":"pressures.career","value":4},{"type":"tag","target":"history","value":"echo:employment"}]	无	无	三代理混排复核完成；已发现项已修正
decision_180	decision_180_choice_1	decision	employment	年龄 22—65；人物 []；门槛 {"all":[{"path":"education.status","op":"notIn","value":["notStarted","enrolled"]},{"path":"employment.status","op":"in","value":["employed","gig","selfEmployed"]},{"path":"employment.profileId","op":"in","value":["software_engineer","engineering_specialist","designer","research_specialist","rd_engineer"]}],"any":[],"none":[]}	新系统第一次交到你手里。直属领导录了一段操作视频，又发来一份做过的模板，说先照着跑一遍，错了再一起看。	先照模板做一次 → 你按步骤完成首份交付，把不懂的地方逐个标出。	[{"type":"tag","target":"history","value":"employment:deliberate"},{"type":"add","target":"agency","value":4},{"type":"add","target":"capabilities.skill","value":3},{"type":"add","target":"relationships.network","value":2},{"type":"tag","target":"history","value":"research:E55"}]	echo_180@1—3年：那段录屏后来被新人转发过很多次。；第二次再做时，视频只需要停两次。；效果 [{"type":"add","target":"agency","value":1},{"type":"tag","target":"history","value":"echo:employment"}]	learning/resultVariant；准备“先照模板做一次”时，“先照模板做一次”要真的走得通，得先把陌生的部分拆成眼前能学的一步。；“先照模板做一次”照样有代价，不过新学会的那一步当场用上了。 你这次走的是“先照模板做一次”。	无	三代理混排复核完成；已发现项已修正
decision_180	decision_180_choice_2	decision	employment	年龄 22—65；人物 []；门槛 {"all":[{"path":"education.status","op":"notIn","value":["notStarted","enrolled"]},{"path":"employment.status","op":"in","value":["employed","gig","selfEmployed"]},{"path":"employment.profileId","op":"in","value":["software_engineer","engineering_specialist","designer","research_specialist","rd_engineer"]}],"any":[],"none":[]}	新系统第一次交到你手里。直属领导录了一段操作视频，又发来一份做过的模板，说先照着跑一遍，错了再一起看。	做完再提改进 → 你先跑通流程，再把重复填写的两步圈出来。	[{"type":"tag","target":"history","value":"employment:negotiated"},{"type":"add","target":"agency","value":3},{"type":"add","target":"capabilities.creativity","value":2},{"type":"add","target":"relationships.network","value":2},{"type":"tag","target":"history","value":"research:E55"}]	echo_180@2—4年：那段录屏后来被新人转发过很多次。；领导删掉一项没用的汇报，模板也跟着改了。；效果 [{"type":"add","target":"capabilities.resilience","value":1},{"type":"tag","target":"history","value":"echo:employment"}]	无	无	三代理混排复核完成；已发现项已修正
decision_180	decision_180_choice_3	decision	employment	年龄 22—65；人物 []；门槛 {"all":[{"path":"education.status","op":"notIn","value":["notStarted","enrolled"]},{"path":"employment.status","op":"in","value":["employed","gig","selfEmployed"]},{"path":"employment.profileId","op":"in","value":["software_engineer","engineering_specialist","designer","research_specialist","rd_engineer"]}],"any":[],"none":[]}	新系统第一次交到你手里。直属领导录了一段操作视频，又发来一份做过的模板，说先照着跑一遍，错了再一起看。	自己先摸索 → 你关掉视频试了一遍，卡住后才回去找对应步骤。	[{"type":"tag","target":"history","value":"employment:risk"},{"type":"add","target":"agency","value":2},{"type":"add","target":"capabilities.skill","value":2},{"type":"add","target":"pressures.career","value":1},{"type":"tag","target":"history","value":"research:E55"}]	echo_180@3—5年：那段录屏后来被新人转发过很多次。；花的时间更多，系统里的坑也记得更牢。；效果 [{"type":"add","target":"pressures.career","value":4},{"type":"tag","target":"history","value":"echo:employment"}]	无	无	三代理混排复核完成；已发现项已修正
decision_181	decision_181_choice_1	decision	employment	年龄 22—65；人物 []；门槛 {"all":[{"path":"education.status","op":"notIn","value":["notStarted","enrolled"]},{"path":"employment.status","op":"in","value":["employed","gig","selfEmployed"]},{"path":"employment.profileId","op":"in","value":["software_engineer","engineering_specialist","designer","research_specialist","rd_engineer"]}],"any":[],"none":[]}	项目小群里漏了你。截止前一天，同事才把任务截图转来，还说“我以为有人告诉你了”。	先把缺口补上 → 你确认最急的部分，连夜补出能交的版本。	[{"type":"tag","target":"history","value":"employment:deliberate"},{"type":"add","target":"agency","value":4},{"type":"add","target":"capabilities.skill","value":2},{"type":"add","target":"pressures.body","value":4},{"type":"tag","target":"history","value":"research:E56"}]	echo_181@1—3年：后来再建项目群，名单会先对一遍。；项目没停，晚来的任务也没有变成你早就知道。；效果 [{"type":"add","target":"agency","value":1},{"type":"tag","target":"history","value":"echo:employment"}]	network/resultVariant；准备“先把缺口补上”时，你先找真正了解分工的人核对，别让一句“以为有人告诉你”代替任务交接。；截止日没有因此后退，但可靠的信息补上了原来够不着的一角。 你这次走的是“先把缺口补上”。	无	三代理混排复核完成；已发现项已修正
decision_181	decision_181_choice_2	decision	employment	年龄 22—65；人物 []；门槛 {"all":[{"path":"education.status","op":"notIn","value":["notStarted","enrolled"]},{"path":"employment.status","op":"in","value":["employed","gig","selfEmployed"]},{"path":"employment.profileId","op":"in","value":["software_engineer","engineering_specialist","designer","research_specialist","rd_engineer"]}],"any":[],"none":[]}	项目小群里漏了你。截止前一天，同事才把任务截图转来，还说“我以为有人告诉你了”。	要求统一回主群 → 你把任务、负责人和截止日贴回公开群，请大家确认。	[{"type":"tag","target":"history","value":"employment:negotiated"},{"type":"add","target":"agency","value":3},{"type":"add","target":"capabilities.boundary","value":3},{"type":"add","target":"pressures.career","value":1},{"type":"tag","target":"history","value":"research:E56"}]	echo_181@2—4年：后来再建项目群，名单会先对一遍。；有人嫌麻烦，下一次漏人却能当天被看见。；效果 [{"type":"add","target":"capabilities.resilience","value":1},{"type":"tag","target":"history","value":"echo:employment"}]	无	无	三代理混排复核完成；已发现项已修正
decision_181	decision_181_choice_3	decision	employment	年龄 22—65；人物 []；门槛 {"all":[{"path":"education.status","op":"notIn","value":["notStarted","enrolled"]},{"path":"employment.status","op":"in","value":["employed","gig","selfEmployed"]},{"path":"employment.profileId","op":"in","value":["software_engineer","engineering_specialist","designer","research_specialist","rd_engineer"]}],"any":[],"none":[]}	项目小群里漏了你。截止前一天，同事才把任务截图转来，还说“我以为有人告诉你了”。	保留记录说明延期 → 你交了当前能做的部分，把收到消息的时间附在说明里。	[{"type":"tag","target":"history","value":"employment:risk"},{"type":"add","target":"agency","value":2},{"type":"add","target":"capabilities.evidence","value":3},{"type":"add","target":"pressures.career","value":2},{"type":"tag","target":"history","value":"research:E56"}]	echo_181@3—5年：后来再建项目群，名单会先对一遍。；截止日往后挪了，责任没有靠谁声音大来分。；效果 [{"type":"add","target":"pressures.career","value":4},{"type":"tag","target":"history","value":"echo:employment"}]	无	无	三代理混排复核完成；已发现项已修正
decision_182	decision_182_choice_1	decision	employment	年龄 24—60；人物 []；门槛 {"all":[{"path":"education.status","op":"notIn","value":["notStarted","enrolled"]},{"path":"employment.status","op":"in","value":["employed","gig","selfEmployed"]},{"path":"employment.profileId","op":"in","value":["junior_manager"]}],"any":[],"none":[]}	管培轮岗结束，两张去向表摆在面前：核心项目强度大、升得快；边缘团队资源少，直属领导却愿意把目标和支持写清。	去核心项目 → 你接受高压排期和更硬的指标，名字进入重点项目名单。	[{"type":"tag","target":"history","value":"employment:deliberate"},{"type":"add","target":"agency","value":4},{"type":"add","target":"capabilities.evidence","value":4},{"type":"add","target":"pressures.body","value":5},{"type":"tag","target":"history","value":"research:E59"}]	echo_182@1—3年：那张去向表后来决定了你每天跟谁开会。；机会多了，周末也更常出现在工作日历里。；效果 [{"type":"add","target":"agency","value":1},{"type":"tag","target":"history","value":"echo:employment"}]	riskSense/riskShift；准备“去核心项目”时，动手以前，你决定找出最容易留下后患的那一步，再看要不要“去核心项目”。；结果落定时，最容易出问题的地方提前被看见了。 你这次走的是“去核心项目”。	无	三代理混排复核完成；已发现项已修正
decision_182	decision_182_choice_2	decision	employment	年龄 24—60；人物 []；门槛 {"all":[{"path":"education.status","op":"notIn","value":["notStarted","enrolled"]},{"path":"employment.status","op":"in","value":["employed","gig","selfEmployed"]},{"path":"employment.profileId","op":"in","value":["junior_manager"]}],"any":[],"none":[]}	管培轮岗结束，两张去向表摆在面前：核心项目强度大、升得快；边缘团队资源少，直属领导却愿意把目标和支持写清。	选那个靠谱领导 → 你去了不那么耀眼的团队，第一次月会就拿到明确优先级。	[{"type":"tag","target":"history","value":"employment:negotiated"},{"type":"add","target":"agency","value":3},{"type":"add","target":"relationships.network","value":4},{"type":"add","target":"pressures.career","value":-2},{"type":"tag","target":"history","value":"research:E59"}]	echo_182@2—4年：那张去向表后来决定了你每天跟谁开会。；项目小一些，做错时有人先问流程哪里没接住。；效果 [{"type":"add","target":"capabilities.resilience","value":1},{"type":"tag","target":"history","value":"echo:employment"}]	无	无	三代理混排复核完成；已发现项已修正
decision_182	decision_182_choice_3	decision	employment	年龄 24—60；人物 []；门槛 {"all":[{"path":"education.status","op":"notIn","value":["notStarted","enrolled"]},{"path":"employment.status","op":"in","value":["employed","gig","selfEmployed"]},{"path":"employment.profileId","op":"in","value":["junior_manager"]}],"any":[],"none":[]}	管培轮岗结束，两张去向表摆在面前：核心项目强度大、升得快；边缘团队资源少，直属领导却愿意把目标和支持写清。	再观察一个月 → 你要求跟两个团队各做一段短任务再签去向。	[{"type":"tag","target":"history","value":"employment:risk"},{"type":"add","target":"agency","value":2},{"type":"add","target":"capabilities.riskSense","value":3},{"type":"add","target":"pressures.career","value":1},{"type":"tag","target":"history","value":"research:E59"}]	echo_182@3—5年：那张去向表后来决定了你每天跟谁开会。；决定晚了，至少不是只靠组织架构图猜。；效果 [{"type":"add","target":"pressures.career","value":4},{"type":"tag","target":"history","value":"echo:employment"}]	无	无	三代理混排复核完成；已发现项已修正
decision_183	decision_183_choice_1	decision	employment	年龄 24—65；人物 []；门槛 {"all":[{"path":"education.status","op":"notIn","value":["notStarted","enrolled"]},{"path":"employment.status","op":"in","value":["employed","gig","selfEmployed"]},{"path":"employment.profileId","op":"in","value":["junior_manager","department_executive"]}],"any":[],"none":[]}	下属按你批准的方案做，结果出了错。上级已经在群里问“谁负责”，绩效表下周就要交。	公开说决定是我做的 → 你先说明批准和判断来自自己，再和执行的人核对哪里失效。	[{"type":"tag","target":"history","value":"employment:deliberate"},{"type":"add","target":"agency","value":4},{"type":"add","target":"capabilities.boundary","value":4},{"type":"add","target":"relationships.network","value":4},{"type":"tag","target":"history","value":"research:E62"}]	echo_183@1—3年：那次错误后来写进了团队的复盘。；下属的绩效没有替你的判断买单。；效果 [{"type":"add","target":"agency","value":1},{"type":"tag","target":"history","value":"echo:employment"}]	boundary/resultVariant；准备“公开说决定是我做的”时，这次多做了一层准备：把愿意承担和不能接受的部分分别说清。；回头看这一步，你的界线没有在点头时一起让出去。 你这次走的是“公开说决定是我做的”。	无	三代理混排复核完成；已发现项已修正
decision_183	decision_183_choice_2	decision	employment	年龄 24—65；人物 []；门槛 {"all":[{"path":"education.status","op":"notIn","value":["notStarted","enrolled"]},{"path":"employment.status","op":"in","value":["employed","gig","selfEmployed"]},{"path":"employment.profileId","op":"in","value":["junior_manager","department_executive"]}],"any":[],"none":[]}	下属按你批准的方案做，结果出了错。上级已经在群里问“谁负责”，绩效表下周就要交。	私下让下属认错 → 你让对方先写说明，答应以后再帮忙解释。	[{"type":"tag","target":"history","value":"employment:negotiated"},{"type":"add","target":"agency","value":3},{"type":"add","target":"pressures.career","value":-1},{"type":"add","target":"relationships.network","value":-5},{"type":"tag","target":"history","value":"research:E62"}]	echo_183@2—4年：那次错误后来写进了团队的复盘。；说明进了系统，口头承诺没跟进去。；效果 [{"type":"add","target":"capabilities.resilience","value":1},{"type":"tag","target":"history","value":"echo:employment"}]	无	无	三代理混排复核完成；已发现项已修正
decision_183	decision_183_choice_3	decision	employment	年龄 24—65；人物 []；门槛 {"all":[{"path":"education.status","op":"notIn","value":["notStarted","enrolled"]},{"path":"employment.status","op":"in","value":["employed","gig","selfEmployed"]},{"path":"employment.profileId","op":"in","value":["junior_manager","department_executive"]}],"any":[],"none":[]}	下属按你批准的方案做，结果出了错。上级已经在群里问“谁负责”，绩效表下周就要交。	一起复盘改流程 → 你把批准、执行和检查拆开，谁漏了哪一步都写清。	[{"type":"tag","target":"history","value":"employment:risk"},{"type":"add","target":"agency","value":2},{"type":"add","target":"capabilities.skill","value":3},{"type":"add","target":"relationships.network","value":2},{"type":"tag","target":"history","value":"research:E62"}]	echo_183@3—5年：那次错误后来写进了团队的复盘。；流程改了，责任也没有被写成“团队共同承担”就算结束。；效果 [{"type":"add","target":"pressures.career","value":4},{"type":"tag","target":"history","value":"echo:employment"}]	无	无	三代理混排复核完成；已发现项已修正
decision_184	decision_184_choice_1	decision	children	年龄 23—42；人物 []；门槛 {"all":[{"path":"relationships.pregnancyStatus","op":"eq","value":"confirmed"}],"any":[],"none":[]}	你怎么决定？	继续妊娠 → 你确认继续，开始安排后续检查、请假和照护。	[{"type":"tag","target":"history","value":"children:continued"},{"type":"add","target":"agency","value":4},{"type":"set","target":"relationships.pregnancyDecision","value":"continue"},{"type":"set","target":"relationships.pregnancyStatus","value":"continued"},{"type":"add","target":"relationships.partnerBond","value":2},{"type":"add","target":"pressures.family","value":2},{"type":"add","target":"finance.cash","value":-2200}]	echo_184@1—1年：门诊记录只写事实，不替你判断。；孩子出生后，夜里的灯和请假单一起多了起来。；效果 [{"type":"createPerson","target":"people","value":1,"relation":"child"},{"type":"set","target":"relationships.pregnancyStatus","value":"completed"},{"type":"set","target":"relationships.parenthoodIntent","value":"parent"}]	healthLiteracy/riskShift；准备“继续妊娠”时，你没有急着选，先把身体反应和该问医生的事记下来。；多出来的差别很具体：身体的信号被带进了决定里。 你这次走的是“继续妊娠”。	健康照护、职业资产	三代理混排复核完成；已发现项已修正
decision_184	decision_184_choice_2	decision	children	年龄 23—42；人物 []；门槛 {"all":[{"path":"relationships.pregnancyStatus","op":"eq","value":"confirmed"}],"any":[],"none":[]}	你怎么决定？	终止妊娠 → 你在知情沟通后作出决定，医生说明了流程、风险和需要复诊的情况。	[{"type":"tag","target":"history","value":"children:terminated"},{"type":"add","target":"agency","value":3},{"type":"set","target":"relationships.pregnancyDecision","value":"terminate"},{"type":"set","target":"relationships.pregnancyStatus","value":"terminated"},{"type":"add","target":"relationships.partnerBond","value":-1},{"type":"add","target":"pressures.family","value":1},{"type":"add","target":"finance.cash","value":-1800}]	无	boundary/resultVariant；准备“终止妊娠”时，你没有把最后决定交给旁人的态度。；最后那句话，还是由你自己说出口。 你这次走的是“终止妊娠”。	健康照护、职业资产	三代理混排复核完成；已发现项已修正
decision_184	decision_184_choice_3	decision	children	年龄 23—42；人物 []；门槛 {"all":[{"path":"relationships.pregnancyStatus","op":"eq","value":"confirmed"}],"any":[],"none":[]}	你怎么决定？	给我一点时间 → 你约了近期复诊，先把医生说的期限、自己的想法和能求助的人写下来。	[{"type":"tag","target":"history","value":"children:deferred"},{"type":"add","target":"agency","value":2},{"type":"set","target":"relationships.pregnancyDecision","value":"defer"},{"type":"set","target":"relationships.pregnancyDecisionDeferred","value":true},{"type":"add","target":"relationships.partnerBond","value":0},{"type":"add","target":"pressures.family","value":0},{"type":"add","target":"finance.cash","value":0}]	无	无	职业资产	三代理混排复核完成；已发现项已修正
decision_185	decision_185_choice_1	decision	children	年龄 23—42；人物 []；门槛 {"all":[{"path":"relationships.pregnancyStatus","op":"eq","value":"confirmed"},{"path":"relationships.pregnancyDecisionDeferred","op":"eq","value":true}],"any":[],"none":[]}	现在怎么决定？	继续妊娠 → 你确认继续，后续检查和照护安排从今天开始执行。	[{"type":"tag","target":"history","value":"children:continued"},{"type":"add","target":"agency","value":4},{"type":"set","target":"relationships.pregnancyDecision","value":"continue"},{"type":"set","target":"relationships.pregnancyStatus","value":"continued"},{"type":"add","target":"relationships.partnerBond","value":2},{"type":"add","target":"pressures.family","value":2},{"type":"add","target":"finance.cash","value":-2200}]	echo_185@1—1年：门诊预约没有再往后改。；孩子出生后，夜里的灯和请假单一起多了起来。；效果 [{"type":"createPerson","target":"people","value":1,"relation":"child"},{"type":"set","target":"relationships.pregnancyStatus","value":"completed"},{"type":"set","target":"relationships.parenthoodIntent","value":"parent"}]	healthLiteracy/riskShift；“继续妊娠”要真的走得通，得先把身体反应和该问医生的事记下来。；“继续妊娠”照样有代价，不过身体的信号被带进了决定里。	健康照护、职业资产	三代理混排复核完成；已发现项已修正
decision_185	decision_185_choice_2	decision	children	年龄 23—42；人物 []；门槛 {"all":[{"path":"relationships.pregnancyStatus","op":"eq","value":"confirmed"},{"path":"relationships.pregnancyDecisionDeferred","op":"eq","value":true}],"any":[],"none":[]}	现在怎么决定？	终止妊娠 → 你作出最终决定。医生把流程和复诊日期写进门诊记录，也说明了哪些情况需要马上就医。	[{"type":"tag","target":"history","value":"children:terminated"},{"type":"add","target":"agency","value":3},{"type":"set","target":"relationships.pregnancyDecision","value":"terminate"},{"type":"set","target":"relationships.pregnancyStatus","value":"terminated"},{"type":"add","target":"relationships.partnerBond","value":-1},{"type":"add","target":"pressures.family","value":1},{"type":"add","target":"finance.cash","value":-1800}]	无	boundary/resultVariant；你没有把最后决定交给旁人的态度。；最后那句话，还是由你自己说出口。	健康照护、职业资产	三代理混排复核完成；已发现项已修正
decision_186	decision_186_choice_1	decision	finance	年龄 18—100；人物 []；门槛 {"all":[{"path":"finance.hasEnforceableArrears","op":"eq","value":true},{"path":"finance.debtStage","op":"eq","value":"overdue"}],"any":[],"none":[]}	这笔逾期，先怎么接？	把收入和欠款摊开谈 → 你核对余额和收入，签下一份能按月执行的方案。逾期停住了，债没有消失。	[{"type":"tag","target":"history","value":"finance:agreement"},{"type":"add","target":"agency","value":4},{"type":"resolveDebtEnforcement","target":"finance.debtStage","value":"overdue_agreement"}]	echo_186@1—3年：那张逾期账单后来没有停在未读消息里。；后来查账时，每一期都能和协议上的日期对上。；效果 [{"type":"add","target":"agency","value":1},{"type":"tag","target":"history","value":"echo:finance"}]	negotiation/resultVariant；准备“把收入和欠款摊开谈”时，你把收入、必要开支和能还的数一起带上了桌。；方案里的数字能和你的工资、房租逐项对上。 你这次走的是“把收入和欠款摊开谈”。	住房债务	三代理混排复核完成；已发现项已修正
decision_186	decision_186_choice_2	decision	finance	年龄 18—100；人物 []；门槛 {"all":[{"path":"finance.hasEnforceableArrears","op":"eq","value":true},{"path":"finance.debtStage","op":"eq","value":"overdue"}],"any":[],"none":[]}	这笔逾期，先怎么接？	先找法律咨询看材料 → 你带着合同、流水和催缴记录问清哪些已经发生，哪些还只是催缴。回复期限仍在。	[{"type":"tag","target":"history","value":"finance:consulted"},{"type":"add","target":"agency","value":3},{"type":"resolveDebtEnforcement","target":"finance.debtStage","value":"overdue_consult"}]	echo_186@2—4年：那张逾期账单后来没有停在未读消息里。；执行通知真正到来时，你没有把催缴电话当成判决。；效果 [{"type":"add","target":"capabilities.resilience","value":1},{"type":"tag","target":"history","value":"echo:finance"}]	无	无	三代理混排复核完成；已发现项已修正
decision_186	decision_186_choice_3	decision	finance	年龄 18—100；人物 []；门槛 {"all":[{"path":"finance.hasEnforceableArrears","op":"eq","value":true},{"path":"finance.debtStage","op":"eq","value":"overdue"}],"any":[],"none":[]}	这笔逾期，先怎么接？	这月先躲过去 → 电话没接，账单也没删。新的截止日过去，欠款继续挂在原账户。	[{"type":"tag","target":"history","value":"finance:ignored"},{"type":"add","target":"agency","value":2},{"type":"resolveDebtEnforcement","target":"finance.debtStage","value":"overdue_refuse"}]	echo_186@3—5年：那张逾期账单后来没有停在未读消息里。；后来正式文书寄来，之前没看的金额一项也没少。；效果 [{"type":"add","target":"pressures.money","value":4},{"type":"tag","target":"history","value":"echo:finance"}]	无	住房债务	三代理混排复核完成；已发现项已修正
decision_187	decision_187_choice_1	decision	finance	年龄 19—101；人物 []；门槛 {"all":[{"path":"finance.debtStage","op":"eq","value":"overdue"},{"path":"finance.enforcementDebtId","op":"truthy","value":true},{"path":"finance.enforcementStatus","op":"in","value":["noticePending","noticeExpired"]}],"any":[],"none":[]}	执行已经开始，你先交哪一份安排？	保住可核收入，按月扣 → 你交了收入和必要开支，扣款比例写进方案。收入仍能进入账户，能动的钱少了一截。	[{"type":"tag","target":"history","value":"finance:income_agreement"},{"type":"add","target":"agency","value":4},{"type":"resolveDebtEnforcement","target":"finance.debtStage","value":"enforcement_income"}]	echo_187@1—3年：那份执行通知把收入、住处和欠款放进了同一本账。；每次收入到账以后，先扣多少、还剩多少，都有一行明细。；效果 [{"type":"add","target":"agency","value":1},{"type":"tag","target":"history","value":"echo:finance"}]	evidence/resultVariant；准备“保住可核收入，按月扣”时，这次多做了一层准备：把日期、凭据和能复核的细节放在手边。；回头看这一步，该留下的凭据没有缺席。 你这次走的是“保住可核收入，按月扣”。	无	三代理混排复核完成；已发现项已修正
decision_187	decision_187_choice_2	decision	finance	年龄 19—101；人物 []；门槛 {"all":[{"path":"finance.debtStage","op":"eq","value":"overdue"},{"path":"finance.enforcementDebtId","op":"truthy","value":true},{"path":"finance.enforcementStatus","op":"in","value":["noticePending","noticeExpired"]}],"any":[],"none":[]}	执行已经开始，你先交哪一份安排？	如实报财产，再谈分期 → 房、车、账户和经营收入按实际填；名下没有的那一栏就空着。能还多少另列成表。	[{"type":"tag","target":"history","value":"finance:property_report"},{"type":"add","target":"agency","value":3},{"type":"resolveDebtEnforcement","target":"finance.debtStage","value":"enforcement_report"}]	echo_187@2—4年：那份执行通知把收入、住处和欠款放进了同一本账。；以后再核财产时，清单能和登记、流水一项项对上。；效果 [{"type":"add","target":"capabilities.resilience","value":1},{"type":"tag","target":"history","value":"echo:finance"}]	evidence/resultVariant；准备“如实报财产，再谈分期”时，合同、流水和名下资产都有能核对的凭据。；这次没有靠一张说不清来源的清单。 你这次走的是“如实报财产，再谈分期”。	无	三代理混排复核完成；已发现项已修正
decision_187	decision_187_choice_3	decision	finance	年龄 19—101；人物 []；门槛 {"all":[{"path":"finance.debtStage","op":"eq","value":"overdue"},{"path":"finance.enforcementDebtId","op":"truthy","value":true},{"path":"finance.enforcementStatus","op":"in","value":["noticePending","noticeExpired"]}],"any":[],"none":[]}	执行已经开始，你先交哪一份安排？	还是不交，也不谈 → 报告期限过去，账户先被冻结。已经生效的措施没有因为你不签字停下来。	[{"type":"tag","target":"history","value":"finance:refused"},{"type":"add","target":"agency","value":2},{"type":"resolveDebtEnforcement","target":"finance.debtStage","value":"enforcement_refuse"}]	echo_187@3—5年：那份执行通知把收入、住处和欠款放进了同一本账。；限制没有替你还债，只让每次用钱多一道门槛。；效果 [{"type":"add","target":"pressures.money","value":4},{"type":"tag","target":"history","value":"echo:finance"}]	无	无	三代理混排复核完成；已发现项已修正
decision_188	decision_188_choice_1	decision	finance	年龄 20—102；人物 []；门槛 {"all":[{"path":"finance.debtStage","op":"eq","value":"enforcement"},{"path":"finance.enforcementDebtId","op":"truthy","value":true}],"any":[],"none":[]}	接下来的日子，先保住哪一块？	配合评估和搬离安排 → 评估、拍卖和交接各有日期。你把东西搬进暂时能落脚的住处，原来的房子不再属于你。	[{"type":"tag","target":"history","value":"finance:housing_disposed"},{"type":"add","target":"agency","value":4},{"type":"resolveDebtEnforcement","target":"finance.debtStage","value":"consequence_housing"}]	echo_188@1—3年：执行往生活里走了一段，也留下了还能继续还钱的路。；以后还清债务，解除的是限制；这套房不会跟着回来。；效果 [{"type":"add","target":"agency","value":1},{"type":"tag","target":"history","value":"echo:finance"}]	resilience/riskShift；准备“配合评估和搬离安排”时，眼前仍要你自己选；牌能帮的，是给最坏的结果留一条还能继续的路。；这次仍要由你承担后果；这一下没有堵死后面的路。 你这次走的是“配合评估和搬离安排”。	住房债务	三代理混排复核完成；已发现项已修正
decision_188	decision_188_choice_2	decision	finance	年龄 20—102；人物 []；门槛 {"all":[{"path":"finance.debtStage","op":"eq","value":"enforcement"},{"path":"finance.enforcementDebtId","op":"truthy","value":true}],"any":[],"none":[]}	接下来的日子，先保住哪一块？	按收入把分期走下去 → 你按实际进账安排扣款，必要生活费单列。能自由支配的部分更少。	[{"type":"tag","target":"history","value":"finance:installment"},{"type":"add","target":"agency","value":3},{"type":"resolveDebtEnforcement","target":"finance.debtStage","value":"consequence_installment"}]	echo_188@2—4年：执行往生活里走了一段，也留下了还能继续还钱的路。；余额慢慢往下走。每一期都要真的付，协议才算履行。；效果 [{"type":"add","target":"capabilities.resilience","value":1},{"type":"tag","target":"history","value":"echo:finance"}]	无	无	三代理混排复核完成；已发现项已修正
decision_188	decision_188_choice_3	decision	finance	年龄 20—102；人物 []；门槛 {"all":[{"path":"finance.debtStage","op":"eq","value":"enforcement"},{"path":"finance.enforcementDebtId","op":"truthy","value":true}],"any":[],"none":[]}	接下来的日子，先保住哪一块？	先保住住处和最低开销 → 住处、照护和必要开支逐项提交。能留下的不是宽裕，只是继续生活和休息的地方。	[{"type":"tag","target":"history","value":"finance:minimum_living"},{"type":"add","target":"agency","value":2},{"type":"resolveDebtEnforcement","target":"finance.debtStage","value":"consequence_minimum"}]	echo_188@3—5年：执行往生活里走了一段，也留下了还能继续还钱的路。；日子缩到很窄，住处和咨询仍然能继续。；效果 [{"type":"add","target":"pressures.money","value":4},{"type":"tag","target":"history","value":"echo:finance"}]	boundary/resultVariant；准备“先保住住处和最低开销”时，你能把必要生活费和逃避还款分开说清。；留下的是基本生活，不是一笔藏起来的钱。 你这次走的是“先保住住处和最低开销”。	健康照护	三代理混排复核完成；已发现项已修正
decision_188	decision_188_choice_4	decision	finance	年龄 20—102；人物 []；门槛 {"all":[{"path":"finance.debtStage","op":"eq","value":"enforcement"},{"path":"finance.enforcementDebtId","op":"truthy","value":true}],"any":[],"none":[]}	接下来的日子，先保住哪一块？	继续拒绝这份方案 → 你没有签新的安排。查封、扣划和限制照旧，下一次协商也得从当前余额谈起。	[{"type":"tag","target":"history","value":"finance:continued_refusal"},{"type":"add","target":"agency","value":1},{"type":"resolveDebtEnforcement","target":"finance.debtStage","value":"consequence_refuse"}]	echo_188@4—6年：执行往生活里走了一段，也留下了还能继续还钱的路。；拒绝保住了这一刻的态度，费用和压力没有停。；效果 [{"type":"add","target":"pressures.money","value":4},{"type":"tag","target":"history","value":"echo:finance"}]	无	无	三代理混排复核完成；已发现项已修正
decision_189	decision_189_choice_1	decision	later	年龄 60—103；人物 []；门槛 {"all":[],"any":[],"none":[]}	热门课程只剩候补。报名页催你尽快确认，真正想学的那门却不知道什么时候有空位。	等候补 → 你保留名额，也给自己定了不再等的日期。	[{"type":"tag","target":"history","value":"later:waitlisted"},{"type":"add","target":"agency","value":4}]	echo_189@1—1年：后来再看到候补两个字，你已经有了自己的处理办法。；名额后来空出时，你没有把整段时间都押在它身上。；效果 [{"type":"add","target":"agency","value":1},{"type":"tag","target":"history","value":"echo:later"}]	creativity/resultVariant；准备“等候补”时，这次多了一步准备：先换个角度，找一条不必硬顶的路。；结果仍不确定；原来那条路不再是唯一答案。 你这次走的是“等候补”。	无	三代理混排复核完成；已发现项已修正
decision_189	decision_189_choice_2	decision	later	年龄 60—103；人物 []；门槛 {"all":[],"any":[],"none":[]}	热门课程只剩候补。报名页催你尽快确认，真正想学的那门却不知道什么时候有空位。	换一门冷门课 → 你选了人少的课程，第一节就坐到了前排。	[{"type":"tag","target":"history","value":"later:alternative"},{"type":"add","target":"agency","value":3},{"type":"add","target":"capabilities.learning","value":1}]	echo_189@1—1年：后来再看到候补两个字，你已经有了自己的处理办法。；原本只是替代的东西，后来真学了进去。；效果 [{"type":"add","target":"capabilities.learning","value":1},{"type":"tag","target":"history","value":"echo:later"}]	无	无	三代理混排复核完成；已发现项已修正
decision_189	decision_189_choice_3	decision	later	年龄 60—103；人物 []；门槛 {"all":[],"any":[],"none":[]}	热门课程只剩候补。报名页催你尽快确认，真正想学的那门却不知道什么时候有空位。	按自己的办法学 → 你找来书和公开视频，把进度写在纸上。	[{"type":"tag","target":"history","value":"later:self_taught"},{"type":"add","target":"agency","value":2},{"type":"add","target":"capabilities.learning","value":1}]	echo_189@1—1年：后来再看到候补两个字，你已经有了自己的处理办法。；没人点名，学过的那几页仍留了下来。；效果 [{"type":"add","target":"capabilities.learning","value":1},{"type":"tag","target":"history","value":"echo:later"}]	无	无	三代理混排复核完成；已发现项已修正
decision_189	decision_189_choice_4	decision	later	年龄 60—103；人物 []；门槛 {"all":[],"any":[],"none":[]}	热门课程只剩候补。报名页催你尽快确认，真正想学的那门却不知道什么时候有空位。	这次不报 → 你关掉报名页，把时间留给别的事。	[{"type":"tag","target":"history","value":"later:declined"},{"type":"add","target":"agency","value":1},{"type":"add","target":"desires.peace.fulfillment","value":1}]	echo_189@1—1年：后来再看到候补两个字，你已经有了自己的处理办法。；空下来的下午没有自动变成浪费。；效果 [{"type":"add","target":"desires.peace.fulfillment","value":1},{"type":"tag","target":"history","value":"echo:later"}]	无	无	三代理混排复核完成；已发现项已修正
decision_190	decision_190_choice_1	decision	later	年龄 55—103；人物 []；门槛 {"all":[],"any":[],"none":[]}	有人听说你“时间多”，想把一件临时帮忙变成每周固定安排。你不讨厌这件事，只是不想默认答应。	固定接下来 → 你答应固定时段，其他时间仍按自己的安排走。	[{"type":"tag","target":"history","value":"later:regular"},{"type":"add","target":"agency","value":4},{"type":"add","target":"pressures.family","value":2}]	echo_190@1—1年：那次谈过以后，“有空”不再等于随时都能叫到你。；被需要有了位置，也占掉了固定的一块时间。；效果 [{"type":"add","target":"agency","value":1},{"type":"tag","target":"history","value":"echo:later"}]	boundary/resultVariant；准备“固定接下来”时，动手以前，你决定把愿意承担和不能接受的部分分别说清，再看要不要“固定接下来”。；结果落定时，你的界线没有在点头时一起让出去。 你这次走的是“固定接下来”。	无	三代理混排复核完成；已发现项已修正
decision_190	decision_190_choice_2	decision	later	年龄 55—103；人物 []；门槛 {"all":[],"any":[],"none":[]}	有人听说你“时间多”，想把一件临时帮忙变成每周固定安排。你不讨厌这件事，只是不想默认答应。	只帮这一次 → 你把这次做完，也明确没有下一次默认续上。	[{"type":"tag","target":"history","value":"later:once"},{"type":"add","target":"agency","value":3},{"type":"add","target":"capabilities.boundary","value":1}]	echo_190@1—1年：那次谈过以后，“有空”不再等于随时都能叫到你。；人情留住了，日历没有跟着被接管。；效果 [{"type":"add","target":"capabilities.boundary","value":1},{"type":"tag","target":"history","value":"echo:later"}]	无	无	三代理混排复核完成；已发现项已修正
decision_190	decision_190_choice_3	decision	later	年龄 55—103；人物 []；门槛 {"all":[],"any":[],"none":[]}	有人听说你“时间多”，想把一件临时帮忙变成每周固定安排。你不讨厌这件事，只是不想默认答应。	先谈清边界 → 你问清频率、结束日期和临时变动怎么说。	[{"type":"tag","target":"history","value":"later:bounded"},{"type":"add","target":"agency","value":2},{"type":"add","target":"capabilities.boundary","value":2}]	echo_190@1—1年：那次谈过以后，“有空”不再等于随时都能叫到你。；真正能长期做的部分反而更清楚。；效果 [{"type":"add","target":"capabilities.boundary","value":1},{"type":"tag","target":"history","value":"echo:later"}]	无	无	三代理混排复核完成；已发现项已修正
decision_190	decision_190_choice_4	decision	later	年龄 55—103；人物 []；门槛 {"all":[],"any":[],"none":[]}	有人听说你“时间多”，想把一件临时帮忙变成每周固定安排。你不讨厌这件事，只是不想默认答应。	直接拒绝 → 你没有编借口，只说这件事不接。	[{"type":"tag","target":"history","value":"later:refused"},{"type":"add","target":"agency","value":1},{"type":"add","target":"capabilities.boundary","value":2},{"type":"add","target":"pressures.family","value":1}]	echo_190@1—1年：那次谈过以后，“有空”不再等于随时都能叫到你。；对方有点失望，你的时间仍归自己。；效果 [{"type":"add","target":"desires.peace.fulfillment","value":1},{"type":"tag","target":"history","value":"echo:later"}]	无	无	三代理混排复核完成；已发现项已修正
decision_191	decision_191_choice_1	decision	later	年龄 60—103；人物 []；门槛 {"all":[],"any":[],"none":[]}	一个账号连续几周记得你说过的小事，也总在固定时间回应。最近对方开始要求保密，说只差一笔钱就能解决麻烦。	设预算，继续看 → 你把它当付费娱乐，只用预先划出的那点钱。	[{"type":"tag","target":"history","value":"later:budgeted"},{"type":"add","target":"agency","value":4},{"type":"add","target":"finance.cash","value":-300},{"type":"add","target":"capabilities.riskSense","value":1}]	echo_191@1—1年：那段每天准时出现的回应，后来和付款请求一起留在了记忆里。；回应还在，但它不能再越过你定下的数字。；效果 [{"type":"add","target":"capabilities.riskSense","value":1},{"type":"tag","target":"history","value":"echo:later"}]	riskSense/riskShift；准备“设预算，继续看”时，这次多做了一层准备：找出最容易留下后患的那一步。；回头看这一步，最容易出问题的地方提前被看见了。 你这次走的是“设预算，继续看”。	无	三代理混排复核完成；已发现项已修正
decision_191	decision_191_choice_2	decision	later	年龄 60—103；人物 []；门槛 {"all":[],"any":[],"none":[]}	一个账号连续几周记得你说过的小事，也总在固定时间回应。最近对方开始要求保密，说只差一笔钱就能解决麻烦。	去公开渠道核验 → 你保存聊天记录，从公开信息核对身份和说法。	[{"type":"tag","target":"history","value":"later:verified"},{"type":"add","target":"agency","value":3},{"type":"add","target":"capabilities.riskSense","value":3},{"type":"add","target":"pressures.loneliness","value":1}]	echo_191@1—1年：那段每天准时出现的回应，后来和付款请求一起留在了记忆里。；一些细节对不上，信任没有替证据作主。；效果 [{"type":"add","target":"capabilities.riskSense","value":1},{"type":"tag","target":"history","value":"echo:later"}]	无	无	三代理混排复核完成；已发现项已修正
decision_191	decision_191_choice_3	decision	later	年龄 60—103；人物 []；门槛 {"all":[],"any":[],"none":[]}	一个账号连续几周记得你说过的小事，也总在固定时间回应。最近对方开始要求保密，说只差一笔钱就能解决麻烦。	停止付款并举报 → 你关掉付款入口，保留记录后提交投诉。	[{"type":"tag","target":"history","value":"later:reported"},{"type":"add","target":"agency","value":2},{"type":"add","target":"capabilities.riskSense","value":2},{"type":"add","target":"pressures.loneliness","value":2}]	echo_191@1—1年：那段每天准时出现的回应，后来和付款请求一起留在了记忆里。；固定回应突然消失，安静下来也需要适应。；效果 [{"type":"add","target":"capabilities.riskSense","value":1},{"type":"add","target":"pressures.loneliness","value":1},{"type":"tag","target":"history","value":"echo:later"}]	无	无	三代理混排复核完成；已发现项已修正
decision_191	decision_191_choice_4	decision	later	年龄 60—103；人物 []；门槛 {"all":[],"any":[],"none":[]}	一个账号连续几周记得你说过的小事，也总在固定时间回应。最近对方开始要求保密，说只差一笔钱就能解决麻烦。	相信对方并付款 → 你转了钱，随后等来的解释越来越短。	[{"type":"tag","target":"history","value":"later:paid"},{"type":"add","target":"agency","value":1},{"type":"add","target":"finance.cash","value":-12000},{"type":"add","target":"pressures.money","value":6},{"type":"add","target":"pressures.loneliness","value":4}]	echo_191@1—1年：那段每天准时出现的回应，后来和付款请求一起留在了记忆里。；意识到损失后，你先保存记录，再决定告诉谁。；效果 [{"type":"add","target":"pressures.money","value":2},{"type":"tag","target":"history","value":"echo:later"}]	无	无	三代理混排复核完成；已发现项已修正
decision_192	decision_192_choice_1	decision	later	年龄 60—103；人物 []；门槛 {"all":[],"any":[],"none":[]}	免费礼物和健康讲座把你带进一个封闭群。里面轮番发“专家”语音、限时名额和退款承诺，你已经付过一笔订金。	查公开信息 → 你把宣传词逐项拿去公开渠道核对，先不补尾款。	[{"type":"tag","target":"history","value":"later:verified"},{"type":"add","target":"agency","value":4},{"type":"add","target":"finance.cash","value":-500},{"type":"add","target":"capabilities.healthLiteracy","value":2},{"type":"add","target":"capabilities.riskSense","value":2}]	echo_192@1—1年：退出那张群聊以后，健康焦虑和每天的热闹并没有同时消失。；群里说得最满的几项，反而找不到可靠出处。；效果 [{"type":"add","target":"capabilities.healthLiteracy","value":1},{"type":"tag","target":"history","value":"echo:later"}]	evidence/resultVariant；准备“查公开信息”时，眼前仍要你自己选；牌能帮的，是把日期、凭据和能复核的细节放在手边。；这次仍要由你承担后果；该留下的凭据没有缺席。 你这次走的是“查公开信息”。	无	三代理混排复核完成；已发现项已修正
decision_192	decision_192_choice_2	decision	later	年龄 60—103；人物 []；门槛 {"all":[],"any":[],"none":[]}	免费礼物和健康讲座把你带进一个封闭群。里面轮番发“专家”语音、限时名额和退款承诺，你已经付过一笔订金。	只收少量试用 → 你不加购，只接受订金范围内的一份货。	[{"type":"tag","target":"history","value":"later:limited"},{"type":"add","target":"agency","value":3},{"type":"add","target":"finance.cash","value":-500},{"type":"add","target":"pressures.money","value":1}]	echo_192@1—1年：退出那张群聊以后，健康焦虑和每天的热闹并没有同时消失。；宣传里的承诺仍没有因此成真，你把后续支出截住了。；效果 [{"type":"add","target":"pressures.money","value":1},{"type":"tag","target":"history","value":"echo:later"}]	无	无	三代理混排复核完成；已发现项已修正
decision_192	decision_192_choice_3	decision	later	年龄 60—103；人物 []；门槛 {"all":[],"any":[],"none":[]}	免费礼物和健康讲座把你带进一个封闭群。里面轮番发“专家”语音、限时名额和退款承诺，你已经付过一笔订金。	退出群聊止损 → 你关掉提醒，不再参加下一场活动。	[{"type":"tag","target":"history","value":"later:exited"},{"type":"add","target":"agency","value":2},{"type":"add","target":"finance.cash","value":-500},{"type":"add","target":"capabilities.riskSense","value":1},{"type":"add","target":"pressures.loneliness","value":2}]	echo_192@1—1年：退出那张群聊以后，健康焦虑和每天的热闹并没有同时消失。；每天的问候一起停了，清静和空落同时来了。；效果 [{"type":"add","target":"pressures.loneliness","value":1},{"type":"tag","target":"history","value":"echo:later"}]	无	无	三代理混排复核完成；已发现项已修正
decision_192	decision_192_choice_4	decision	later	年龄 60—103；人物 []；门槛 {"all":[],"any":[],"none":[]}	免费礼物和健康讲座把你带进一个封闭群。里面轮番发“专家”语音、限时名额和退款承诺，你已经付过一笔订金。	留证退款投诉 → 你保存订单、语音和承诺，按公开入口申请退款。	[{"type":"tag","target":"history","value":"later:refunded"},{"type":"add","target":"agency","value":1},{"type":"add","target":"finance.cash","value":-500},{"type":"add","target":"capabilities.riskSense","value":2},{"type":"add","target":"pressures.money","value":-1}]	echo_192@1—1年：退出那张群聊以后，健康焦虑和每天的热闹并没有同时消失。；款项未必立刻回来，但对方不能再只靠口头拖延。；效果 [{"type":"add","target":"capabilities.riskSense","value":1},{"type":"tag","target":"history","value":"echo:later"}]	无	无	三代理混排复核完成；已发现项已修正
decision_193	decision_193_choice_1	decision	housing	年龄 17—30；人物 []；门槛 {"all":[{"path":"education.status","op":"eq","value":"enrolled"},{"path":"education.level","op":"gte","value":4}],"any":[],"none":[]}	报到已经成立，住处的费用、门禁和通勤却不能同时合适。你得在交钥匙前定下来。	住进学校安排的宿舍 → 你领了床位和门禁，费用仍按教育资助方案走。	[{"type":"tag","target":"history","value":"housing:deliberate"},{"type":"add","target":"agency","value":4},{"type":"transitionHousing","target":"housing","value":{"residenceOnly":true,"status":"supported","arrangement":"dormitory","region":"$educationRegion","stability":"conditional","costShare":"supported","coResidentRefs":[],"reason":"educationDormitory","kind":"choice","housingChoiceKind":"educationHousing"}}]	echo_193@1—3年：那次报到以后，住处也成了学业的一部分。；后来记得最清楚的，是谁几点关灯。；效果 [{"type":"add","target":"agency","value":1},{"type":"tag","target":"history","value":"echo:housing"}]	negotiation/resultVariant；准备“住进学校安排的宿舍”时，“住进学校安排的宿舍”要真的走得通，得先把期限、钱和各自要做的事摊开谈。；“住进学校安排的宿舍”照样有代价，不过说出口的条件有了能核对的落点。 你这次走的是“住进学校安排的宿舍”。	无	三代理混排复核完成；已发现项已修正
decision_193	decision_193_choice_2	decision	housing	年龄 17—30；人物 []；门槛 {"all":[{"path":"education.status","op":"eq","value":"enrolled"},{"path":"education.level","op":"gte","value":4}],"any":[],"none":[]}	报到已经成立，住处的费用、门禁和通勤却不能同时合适。你得在交钥匙前定下来。	继续从家里通勤 → 你没有领宿舍钥匙，课表从此要和往返时间一起排。	[{"type":"tag","target":"history","value":"housing:negotiated"},{"type":"add","target":"agency","value":3},{"type":"transitionHousing","target":"housing","value":{"residenceOnly":true,"status":"family","value":0,"arrangement":"originFamily","region":"$homeRegion","stability":"stable","costShare":"supported","coResidentRefs":[],"reason":"educationCommute","kind":"choice","housingChoiceKind":"educationHousing"}}]	echo_193@2—4年：那次报到以后，住处也成了学业的一部分。；错过末班车的那几次，让你很早学会算时间。；效果 [{"type":"add","target":"capabilities.resilience","value":1},{"type":"tag","target":"history","value":"echo:housing"}]	无	无	三代理混排复核完成；已发现项已修正
decision_193	decision_193_choice_3	decision	housing	年龄 17—30；人物 []；门槛 {"all":[{"path":"education.status","op":"eq","value":"enrolled"},{"path":"education.level","op":"gte","value":4}],"any":[],"none":[]}	报到已经成立，住处的费用、门禁和通勤却不能同时合适。你得在交钥匙前定下来。	在学校附近合租 → 合同和押金清单核过后，你把行李搬进一间合租房。	[{"type":"tag","target":"history","value":"housing:risk"},{"type":"add","target":"agency","value":2},{"type":"transitionHousing","target":"housing","value":{"residenceOnly":true,"status":"renting","value":0,"arrangement":"shared","region":"$educationRegion","stability":"conditional","costShare":"self","coResidentRefs":[],"reason":"educationSharedRent","kind":"choice","housingChoiceKind":"educationHousing"}}]	echo_193@3—5年：那次报到以后，住处也成了学业的一部分。；毕业时，退租照片比合影拍得还齐。；效果 [{"type":"add","target":"pressures.money","value":4},{"type":"tag","target":"history","value":"echo:housing"}]	无	无	三代理混排复核完成；已发现项已修正
decision_194	decision_194_choice_1	decision	housing	年龄 18—38；人物 []；门槛 {"all":[],"any":[{"path":"employment.status","op":"in","value":["employed","gig","selfEmployed"]}],"none":[]}	工作和回家的路线已经固定了一阵。押金、通勤和家里的门，都有各自的价钱。	离工作近一点，先合租 → 你核过合同和押金，把自己的东西收进一间能关门的房。	[{"type":"tag","target":"history","value":"housing:deliberate"},{"type":"add","target":"agency","value":4},{"type":"transitionHousing","target":"housing","value":{"residenceOnly":true,"status":"renting","value":0,"arrangement":"shared","stability":"conditional","costShare":"self","coResidentRefs":[],"reason":"firstSharedHome","kind":"choice","housingChoiceKind":"firstIndependent"}}]	echo_194@1—3年：那次是否搬出去，后来改变了通勤、存款和家里的边界。；公共区域一直需要商量，通勤却短了。；效果 [{"type":"add","target":"agency","value":1},{"type":"tag","target":"history","value":"echo:housing"}]	cashBuffer/costShift；准备“离工作近一点，先合租”时，这次多了一步准备：先算清手里的缓冲能垫住哪一段。；结果仍不确定；缓冲只垫住眼前，没有假装风险已经消失。 你这次走的是“离工作近一点，先合租”。	无	三代理混排复核完成；已发现项已修正
decision_194	decision_194_choice_2	decision	housing	年龄 18—38；人物 []；门槛 {"all":[],"any":[{"path":"employment.status","op":"in","value":["employed","gig","selfEmployed"]}],"none":[]}	工作和回家的路线已经固定了一阵。押金、通勤和家里的门，都有各自的价钱。	住远一点，保住独处 → 你接受更长的路，把合同只签在自己名下。	[{"type":"tag","target":"history","value":"housing:negotiated"},{"type":"add","target":"agency","value":3},{"type":"transitionHousing","target":"housing","value":{"residenceOnly":true,"status":"renting","value":0,"arrangement":"solo","stability":"conditional","costShare":"self","coResidentRefs":[],"reason":"firstSoloHome","kind":"choice","housingChoiceKind":"firstIndependent"}}]	echo_194@2—4年：那次是否搬出去，后来改变了通勤、存款和家里的边界。；每天多坐几站，关门以后不用再解释作息。；效果 [{"type":"add","target":"capabilities.resilience","value":1},{"type":"tag","target":"history","value":"echo:housing"}]	无	无	三代理混排复核完成；已发现项已修正
decision_194	decision_194_choice_3	decision	housing	年龄 18—38；人物 []；门槛 {"all":[],"any":[{"path":"employment.status","op":"in","value":["employed","gig","selfEmployed"]}],"none":[]}	工作和回家的路线已经固定了一阵。押金、通勤和家里的门，都有各自的价钱。	先留在家里住 → 你没有签新合同，通勤和家里的作息继续一起算。	[{"type":"tag","target":"history","value":"housing:risk"},{"type":"add","target":"agency","value":2},{"type":"transitionHousing","target":"housing","value":{"residenceOnly":true,"status":"family","value":0,"arrangement":"originFamily","region":"$homeRegion","stability":"stable","costShare":"supported","coResidentRefs":[],"reason":"stayWithOriginFamily","kind":"choice","housingChoiceKind":"firstIndependent"}}]	echo_194@3—5年：那次是否搬出去，后来改变了通勤、存款和家里的边界。；存款没有先交给押金，房门后的边界仍要慢慢谈。；效果 [{"type":"add","target":"pressures.money","value":4},{"type":"tag","target":"history","value":"echo:housing"}]	无	无	三代理混排复核完成；已发现项已修正
decision_195	decision_195_choice_1	decision	housing	年龄 20—65；人物 []；门槛 {"all":[],"any":[{"path":"mobility.mode","op":"in","value":["domesticNomad","overseasNomad","studyAbroad"]},{"path":"employment.arrangement","op":"in","value":["remote","hybrid"]}],"none":[]}	工作或许可已经把你带到新的生活半径。短住继续续下去，还是给日常留一个固定地址，要现在决定。	在国内固定下来 → 你签下长期合同，书桌和收件地址都不再跟着行李走。	[{"type":"tag","target":"history","value":"housing:deliberate"},{"type":"add","target":"agency","value":4},{"type":"transitionHousing","target":"housing","value":{"residenceOnly":true,"status":"renting","value":0,"arrangement":"solo","region":"$homeRegion","stability":"stable","costShare":"self","coResidentRefs":[],"reason":"domesticWorkBase","kind":"choice","housingChoiceKind":"workMigration"}}]	echo_195@1—3年：后来每次填地址，你都会想起那次决定。；固定地址留下了，也留下了下一次离开的成本。；效果 [{"type":"add","target":"agency","value":1},{"type":"tag","target":"history","value":"echo:housing"}]	creativity/resultVariant；准备“在国内固定下来”时，动手以前，你决定换个角度，找一条不必硬顶的路，再看要不要“在国内固定下来”。；结果落定时，原来那条路不再是唯一答案。 你这次走的是“在国内固定下来”。	无	三代理混排复核完成；已发现项已修正
decision_195	decision_195_choice_2	decision	housing	年龄 20—65；人物 []；门槛 {"all":[],"any":[{"path":"mobility.mode","op":"in","value":["domesticNomad","overseasNomad","studyAbroad"]},{"path":"employment.arrangement","op":"in","value":["remote","hybrid"]}],"none":[]}	工作或许可已经把你带到新的生活半径。短住继续续下去，还是给日常留一个固定地址，要现在决定。	在美国租下长期住处 → 你核完租约、押金和通勤，把长期地址留在当地。	[{"type":"tag","target":"history","value":"housing:negotiated"},{"type":"add","target":"agency","value":3},{"type":"transitionHousing","target":"housing","value":{"residenceOnly":true,"status":"renting","value":0,"arrangement":"shared","region":"us","stability":"conditional","costShare":"self","coResidentRefs":[],"reason":"usWorkBase","kind":"choice","housingChoiceKind":"workMigration"}}]	echo_195@2—4年：后来每次填地址，你都会想起那次决定。；假期和工作变动时，那份租约仍按日期走。；效果 [{"type":"add","target":"capabilities.resilience","value":1},{"type":"tag","target":"history","value":"echo:housing"}]	无	无	三代理混排复核完成；已发现项已修正
decision_195	decision_195_choice_3	decision	housing	年龄 20—65；人物 []；门槛 {"all":[],"any":[{"path":"mobility.mode","op":"in","value":["domesticNomad","overseasNomad","studyAbroad"]},{"path":"employment.arrangement","op":"in","value":["remote","hybrid"]}],"none":[]}	工作或许可已经把你带到新的生活半径。短住继续续下去，还是给日常留一个固定地址，要现在决定。	在欧洲找一间长期合租 → 房源面谈和押金凭据都对上以后，你拿到了钥匙。	[{"type":"tag","target":"history","value":"housing:risk"},{"type":"add","target":"agency","value":2},{"type":"transitionHousing","target":"housing","value":{"residenceOnly":true,"status":"renting","value":0,"arrangement":"shared","region":"europe","stability":"conditional","costShare":"self","coResidentRefs":[],"reason":"europeWorkBase","kind":"choice","housingChoiceKind":"workMigration"}}]	echo_195@3—5年：后来每次填地址，你都会想起那次决定。；当地语言不再只出现在课堂，也出现在报修消息里。；效果 [{"type":"add","target":"pressures.money","value":4},{"type":"tag","target":"history","value":"echo:housing"}]	无	无	三代理混排复核完成；已发现项已修正
decision_195	decision_195_choice_4	decision	housing	年龄 20—65；人物 []；门槛 {"all":[],"any":[{"path":"mobility.mode","op":"in","value":["domesticNomad","overseasNomad","studyAbroad"]},{"path":"employment.arrangement","op":"in","value":["remote","hybrid"]}],"none":[]}	工作或许可已经把你带到新的生活半径。短住继续续下去，还是给日常留一个固定地址，要现在决定。	继续短住，保留下一站 → 你没有签长期租约，行李仍按下一次出发的重量收。	[{"type":"tag","target":"history","value":"housing:declined"},{"type":"add","target":"agency","value":1},{"type":"transitionHousing","target":"housing","value":{"residenceOnly":true,"status":"unstable","value":0,"arrangement":"solo","stability":"temporary","costShare":"self","coResidentRefs":[],"reason":"continueMobileHousing","kind":"choice","housingChoiceKind":"workMigration"}}]	echo_195@4—6年：后来每次填地址，你都会想起那次决定。；省下的不是全部成本，只是离开时少一份合同。；效果 [{"type":"add","target":"pressures.money","value":4},{"type":"tag","target":"history","value":"echo:housing"}]	无	无	三代理混排复核完成；已发现项已修正
decision_196	decision_196_choice_1	decision	housing	年龄 22—80；人物 []；门槛 {"all":[{"path":"relationships.activePartnerId","op":"truthy","value":true},{"path":"relationships.partnerStatus","op":"in","value":["dating","partnered","married"]}],"any":[],"none":[]}	两个人已经在谈每天怎么过。备用钥匙、通勤和各自能承担的住房开支，不能只靠一句“以后再说”。	签进同一份住处 → 你们把两个人的名字、付款日和钥匙都核清，开始共同住。	[{"type":"tag","target":"history","value":"housing:deliberate"},{"type":"add","target":"agency","value":4},{"type":"transitionHousing","target":"housing","value":{"residenceOnly":true,"status":"renting","value":0,"arrangement":"partner","stability":"conditional","costShare":"joint","coResidentRefs":["$activePartner"],"reason":"partnerJointHome","kind":"choice","housingChoiceKind":"partnerReconfiguration"}}]	echo_196@1—3年：那次住处安排没有替关系作保证，只把每天从哪里开始说清了。；共同地址让很多事方便，也让作息和钱都更难含糊。；效果 [{"type":"add","target":"agency","value":1},{"type":"tag","target":"history","value":"echo:housing"}]	negotiation/resultVariant；准备“签进同一份住处”时，这次多做了一层准备：把期限、钱和各自要做的事摊开谈。；回头看这一步，说出口的条件有了能核对的落点。 你这次走的是“签进同一份住处”。	住房债务	三代理混排复核完成；已发现项已修正
decision_196	decision_196_choice_2	decision	housing	年龄 22—80；人物 []；门槛 {"all":[{"path":"relationships.activePartnerId","op":"truthy","value":true},{"path":"relationships.partnerStatus","op":"in","value":["dating","partnered","married"]}],"any":[],"none":[]}	两个人已经在谈每天怎么过。备用钥匙、通勤和各自能承担的住房开支，不能只靠一句“以后再说”。	住在附近，各留一扇门 → 你们没有退掉各自住处，把见面和照应放进步行距离。	[{"type":"tag","target":"history","value":"housing:negotiated"},{"type":"add","target":"agency","value":3},{"type":"transitionHousing","target":"housing","value":{"residenceOnly":true,"status":"renting","value":0,"arrangement":"solo","stability":"stable","costShare":"self","coResidentRefs":[],"reason":"nearbySeparateHomes","kind":"choice","housingChoiceKind":"partnerReconfiguration"}}]	echo_196@2—4年：那次住处安排没有替关系作保证，只把每天从哪里开始说清了。；距离缩短了，谁都还保留能关上的门。；效果 [{"type":"add","target":"capabilities.resilience","value":1},{"type":"tag","target":"history","value":"echo:housing"}]	无	住房债务	三代理混排复核完成；已发现项已修正
decision_196	decision_196_choice_3	decision	housing	年龄 22—80；人物 []；门槛 {"all":[{"path":"relationships.activePartnerId","op":"truthy","value":true},{"path":"relationships.partnerStatus","op":"in","value":["dating","partnered","married"]}],"any":[],"none":[]}	两个人已经在谈每天怎么过。备用钥匙、通勤和各自能承担的住房开支，不能只靠一句“以后再说”。	先维持现在的住法 → 你们没有交换钥匙，只把通勤和见面的时间重新排过。	[{"type":"tag","target":"history","value":"housing:risk"},{"type":"add","target":"agency","value":2},{"type":"transitionHousing","target":"housing","value":{"residenceOnly":true,"reason":"keepSeparateHousing","kind":"choice","housingChoiceKind":"partnerReconfiguration"}}]	echo_196@3—5年：那次住处安排没有替关系作保证，只把每天从哪里开始说清了。；没搬家不等于没选择，那条边界后来一直在。；效果 [{"type":"add","target":"pressures.money","value":4},{"type":"tag","target":"history","value":"echo:housing"}]	无	住房债务	三代理混排复核完成；已发现项已修正
decision_197	decision_197_choice_1	decision	housing	年龄 24—68；人物 []；门槛 {"all":[{"path":"housing.region","op":"in","value":["tier1","tier2","county","town"]},{"path":"housing.status","op":"notIn","value":["owned","mortgaged"]},{"path":"finance.available","op":"gte","value":59800}],"any":[{"path":"employment.status","op":"in","value":["employed","gig","selfEmployed"]}],"none":[]}	首付、交易费用、现有债务和接下来的收入都摊在桌上。房子能不能买，不只看银行愿不愿放款。	自己承担，签下这套房 → 首付和搬入缓冲从现金里扣掉，按揭本金与房屋价值分别记账。	[{"type":"tag","target":"history","value":"housing:deliberate"},{"type":"add","target":"agency","value":4},{"type":"transitionHousing","target":"housing","value":{"residenceOnly":true,"status":"mortgaged","arrangement":"solo","stability":"stable","accessibility":"standard","costShare":"self","coResidentRefs":[],"reason":"homePurchase","kind":"choice","housingChoiceKind":"homePurchase"}}]	echo_197@1—3年：那次决定没有替未来房价下结论，只把签约或暂缓如实留下。；钥匙属于你，月供也没有因为签约变轻。；效果 [{"type":"add","target":"agency","value":1},{"type":"tag","target":"history","value":"echo:housing"}]	cashBuffer/costShift；准备“自己承担，签下这套房”时，眼前仍要你自己选；牌能帮的，是算清手里的缓冲能垫住哪一段。；这次仍要由你承担后果；缓冲只垫住眼前，没有假装风险已经消失。 你这次走的是“自己承担，签下这套房”。	住房债务	三代理混排复核完成；已发现项已修正
decision_197	decision_197_choice_2	decision	housing	年龄 24—68；人物 []；门槛 {"all":[{"path":"housing.region","op":"in","value":["tier1","tier2","county","town"]},{"path":"housing.status","op":"notIn","value":["owned","mortgaged"]},{"path":"finance.available","op":"gte","value":59800}],"any":[{"path":"employment.status","op":"in","value":["employed","gig","selfEmployed"]}],"none":[]}	首付、交易费用、现有债务和接下来的收入都摊在桌上。房子能不能买，不只看银行愿不愿放款。	两个人共同住，由我背按揭 → 伴侣住房收入只抵共同住处的一部分，按揭仍完整留在你名下。	[{"type":"tag","target":"history","value":"housing:negotiated"},{"type":"add","target":"agency","value":3},{"type":"transitionHousing","target":"housing","value":{"residenceOnly":true,"status":"mortgaged","arrangement":"partner","stability":"stable","accessibility":"standard","costShare":"joint","coResidentRefs":["$activePartner"],"reason":"jointHomePurchase","kind":"choice","housingChoiceKind":"homePurchase"}}]	echo_197@2—4年：那次决定没有替未来房价下结论，只把签约或暂缓如实留下。；关系没有替债务担保；共同分担停下时，余额还在。；效果 [{"type":"add","target":"capabilities.resilience","value":1},{"type":"tag","target":"history","value":"echo:housing"}]	无	人物、住房债务	三代理混排复核完成；已发现项已修正
decision_197	decision_197_choice_3	decision	housing	年龄 24—68；人物 []；门槛 {"all":[{"path":"housing.region","op":"in","value":["tier1","tier2","county","town"]},{"path":"housing.status","op":"notIn","value":["owned","mortgaged"]},{"path":"finance.available","op":"gte","value":59800}],"any":[{"path":"employment.status","op":"in","value":["employed","gig","selfEmployed"]}],"none":[]}	首付、交易费用、现有债务和接下来的收入都摊在桌上。房子能不能买，不只看银行愿不愿放款。	继续租，把现金留在手里 → 你没有签购房合同，租约和可用现金继续留在当下。	[{"type":"tag","target":"history","value":"housing:risk"},{"type":"add","target":"agency","value":2},{"type":"transitionHousing","target":"housing","value":{"residenceOnly":true,"status":"renting","value":0,"arrangement":"solo","stability":"stable","costShare":"self","coResidentRefs":[],"reason":"rentInsteadOfBuy","kind":"choice","housingChoiceKind":"homePurchase"}}]	echo_197@3—5年：那次决定没有替未来房价下结论，只把签约或暂缓如实留下。；后来搬走时，行李比房产交易简单；租住也仍有自己的账。；效果 [{"type":"add","target":"pressures.money","value":4},{"type":"tag","target":"history","value":"echo:housing"}]	无	住房债务	三代理混排复核完成；已发现项已修正
decision_197	decision_197_choice_4	decision	housing	年龄 24—68；人物 []；门槛 {"all":[{"path":"housing.region","op":"in","value":["tier1","tier2","county","town"]},{"path":"housing.status","op":"notIn","value":["owned","mortgaged"]},{"path":"finance.available","op":"gte","value":59800}],"any":[{"path":"employment.status","op":"in","value":["employed","gig","selfEmployed"]}],"none":[]}	首付、交易费用、现有债务和接下来的收入都摊在桌上。房子能不能买，不只看银行愿不愿放款。	这次先不动住处 → 估价和贷款方案收进文件夹，你没有为了期限制造一笔交易。	[{"type":"tag","target":"history","value":"housing:declined"},{"type":"add","target":"agency","value":1},{"type":"transitionHousing","target":"housing","value":{"residenceOnly":true,"reason":"deferPurchase","kind":"choice","housingChoiceKind":"homePurchase"}}]	echo_197@4—6年：那次决定没有替未来房价下结论，只把签约或暂缓如实留下。；错过的可能性留在那一页，现住处没有被改写。；效果 [{"type":"add","target":"pressures.money","value":4},{"type":"tag","target":"history","value":"echo:housing"}]	无	住房债务	三代理混排复核完成；已发现项已修正
decision_198	decision_198_choice_1	decision	housing	年龄 55—105；人物 []；门槛 {"all":[{"path":"health.careNeed","op":"gte","value":1},{"path":"housing.accessibility","op":"eq","value":"standard"},{"path":"housing.arrangement","op":"neq","value":"service"}],"any":[],"none":[]}	现在的住处开始和洗澡、上下楼、看诊或照应时间打架。要改的是房子、距离，还是生活方式？	在原住处做适老改造 → 扶手、照明和常走的路线先改，门牌没有变。	[{"type":"tag","target":"history","value":"housing:deliberate"},{"type":"add","target":"agency","value":4},{"type":"transitionHousing","target":"housing","value":{"residenceOnly":true,"accessibility":"adapted","stability":"stable","reason":"ageInPlaceAdaptation","kind":"choice","housingChoiceKind":"laterFit"}}]	echo_198@1—3年：住处变得更合用以后，晚年仍然是自己的日子。；熟悉的地方留下来，维护这些安排也成了日常。；效果 [{"type":"add","target":"agency","value":1},{"type":"tag","target":"history","value":"echo:housing"}]	creativity/resultVariant；准备“在原住处做适老改造”时，你没有急着选，先换个角度，找一条不必硬顶的路。；多出来的差别很具体：原来那条路不再是唯一答案。 你这次走的是“在原住处做适老改造”。	住房债务	三代理混排复核完成；已发现项已修正
decision_198	decision_198_choice_2	decision	housing	年龄 55—105；人物 []；门槛 {"all":[{"path":"health.careNeed","op":"gte","value":1},{"path":"housing.accessibility","op":"eq","value":"standard"},{"path":"housing.arrangement","op":"neq","value":"service"}],"any":[],"none":[]}	现在的住处开始和洗澡、上下楼、看诊或照应时间打架。要改的是房子、距离，还是生活方式？	和伴侣住到一起 → 两边的药单、钥匙和作息对过以后，你们合到一个住处。	[{"type":"tag","target":"history","value":"housing:negotiated"},{"type":"add","target":"agency","value":3},{"type":"transitionHousing","target":"housing","value":{"residenceOnly":true,"arrangement":"partner","accessibility":"adapted","costShare":"joint","coResidentRefs":["$activePartner"],"reason":"laterPartnerHome","kind":"choice","housingChoiceKind":"laterFit"}}]	echo_198@2—4年：住处变得更合用以后，晚年仍然是自己的日子。；能互相照应，也得重新分配各自的安静时间。；效果 [{"type":"add","target":"capabilities.resilience","value":1},{"type":"tag","target":"history","value":"echo:housing"}]	无	人物、住房债务、健康照护	三代理混排复核完成；已发现项已修正
decision_198	decision_198_choice_3	decision	housing	年龄 55—105；人物 []；门槛 {"all":[{"path":"health.careNeed","op":"gte","value":1},{"path":"housing.accessibility","op":"eq","value":"standard"},{"path":"housing.arrangement","op":"neq","value":"service"}],"any":[],"none":[]}	现在的住处开始和洗澡、上下楼、看诊或照应时间打架。要改的是房子、距离，还是生活方式？	和家人同住 → 搬家箱按谁常用什么分开，住处改成了多代一起生活。	[{"type":"tag","target":"history","value":"housing:risk"},{"type":"add","target":"agency","value":2},{"type":"transitionHousing","target":"housing","value":{"residenceOnly":true,"status":"supported","value":0,"arrangement":"multigenerational","accessibility":"supported","costShare":"supported","coResidentRefs":["$firstChild"],"stability":"stable","reason":"laterMultigenerational","kind":"choice","housingChoiceKind":"laterFit"}}]	echo_198@3—5年：住处变得更合用以后，晚年仍然是自己的日子。；照应近了，门、饭点和谁做主都要重新商量。；效果 [{"type":"add","target":"pressures.money","value":4},{"type":"tag","target":"history","value":"echo:housing"}]	无	住房债务	三代理混排复核完成；已发现项已修正
decision_198	decision_198_choice_4	decision	housing	年龄 55—105；人物 []；门槛 {"all":[{"path":"health.careNeed","op":"gte","value":1},{"path":"housing.accessibility","op":"eq","value":"standard"},{"path":"housing.arrangement","op":"neq","value":"service"}],"any":[],"none":[]}	现在的住处开始和洗澡、上下楼、看诊或照应时间打架。要改的是房子、距离，还是生活方式？	搬到服务更近的住处 → 合同写清服务和居住各管什么，你把常用物件搬进新房间。	[{"type":"tag","target":"history","value":"housing:declined"},{"type":"add","target":"agency","value":1},{"type":"transitionHousing","target":"housing","value":{"residenceOnly":true,"status":"supported","value":0,"arrangement":"service","accessibility":"supported","costShare":"supported","coResidentRefs":[],"stability":"stable","reason":"laterServiceHousing","kind":"choice","housingChoiceKind":"laterFit"}}]	echo_198@4—6年：住处变得更合用以后，晚年仍然是自己的日子。；有人提供服务，不等于你交出了全部决定。；效果 [{"type":"add","target":"pressures.money","value":4},{"type":"tag","target":"history","value":"echo:housing"}]	无	住房债务	三代理混排复核完成；已发现项已修正
echo_001		consequence	education	年龄 9—105；人物 []；门槛 {"all":[],"any":[],"none":[]}	那次校园伤害第一次不再只是你一个人记得。	那次校园伤害第一次不再只是你一个人记得。	[]	无	无	无	三代理混排复核完成；已发现项已修正
echo_002		consequence	education	年龄 10—105；人物 []；门槛 {"all":[],"any":[],"none":[]}	那段校园伤害有了明确结尾。后面的影响留在了成长里。	那段校园伤害有了明确结尾。后面的影响留在了成长里。	[]	无	无	无	三代理混排复核完成；已发现项已修正
echo_003		consequence	education	年龄 15—105；人物 []；门槛 {"all":[],"any":[],"none":[]}	那张分流志愿表在这一年有了去处。	那张分流志愿表在这一年有了去处。	[]	无	无	无	三代理混排复核完成；已发现项已修正
echo_004		consequence	education	年龄 18—105；人物 []；门槛 {"all":[],"any":[],"none":[]}	本科申请第一次有了能追踪的方向。	本科申请第一次有了能追踪的方向。	[]	无	无	无	三代理混排复核完成；已发现项已修正
echo_005		consequence	education	年龄 19—105；人物 []；门槛 {"all":[],"any":[],"none":[]}	考试和材料在这一年变成了真实的结果。	考试和材料在这一年变成了真实的结果。	[]	无	无	无	三代理混排复核完成；已发现项已修正
echo_006		consequence	education	年龄 20—105；人物 []；门槛 {"all":[],"any":[],"none":[]}	录取、钱和走之前要办的，第一次拆开规划。	录取、钱和走之前要办的，第一次拆开规划。	[]	无	无	无	三代理混排复核完成；已发现项已修正
echo_007		consequence	education	年龄 20—105；人物 []；门槛 {"all":[],"any":[],"none":[]}	本科申请在报到日结束了。接下来是入学、重申或转向工作的具体日子。	本科申请在报到日结束了。接下来是入学、重申或转向工作的具体日子。	[]	无	无	无	三代理混排复核完成；已发现项已修正
echo_008		consequence	education	年龄 19—105；人物 []；门槛 {"all":[],"any":[],"none":[]}	那次查目录比销售电话留得久。	那次查目录比销售电话留得久。	[]	无	无	无	三代理混排复核完成；已发现项已修正
echo_009		consequence	education	年龄 20—105；人物 []；门槛 {"all":[],"any":[],"none":[]}	成绩单和证，有了清楚去处。	成绩单和证，有了清楚去处。	[]	无	无	无	三代理混排复核完成；已发现项已修正
echo_010		consequence	education	年龄 23—105；人物 []；门槛 {"all":[],"any":[],"none":[]}	那张晚上的课表先被生活验了一遍。	那张晚上的课表先被生活验了一遍。	[]	无	无	无	三代理混排复核完成；已发现项已修正
echo_011		consequence	education	年龄 24—105；人物 []；门槛 {"all":[],"any":[],"none":[]}	成年以后的这次读书，有了不含糊的收尾。	成年以后的这次读书，有了不含糊的收尾。	[]	无	无	无	三代理混排复核完成；已发现项已修正
echo_012		consequence	education	年龄 21—105；人物 []；门槛 {"all":[],"any":[],"none":[]}	第一张课表排出来了。好不好看另说，早八倒是一门没少。	第一张课表排出来了。好不好看另说，早八倒是一门没少。	[]	无	无	无	三代理混排复核完成；已发现项已修正
echo_013		consequence	education	年龄 21—105；人物 []；门槛 {"all":[],"any":[],"none":[]}	这一年，你的时间没有平均分给所有群聊。	这一年，你的时间没有平均分给所有群聊。	[]	无	无	无	三代理混排复核完成；已发现项已修正
echo_014		consequence	education	年龄 22—105；人物 []；门槛 {"all":[],"any":[],"none":[]}	你没把四条路一起攥住。这一年，至少有一件事做到了能拿出来说。	你没把四条路一起攥住。这一年，至少有一件事做到了能拿出来说。	[]	无	无	无	三代理混排复核完成；已发现项已修正
echo_015		consequence	education	年龄 23—105；人物 []；门槛 {"all":[],"any":[],"none":[]}	离校手续办完了。下一步不再只停在“我再想想”。	离校手续办完了。下一步不再只停在“我再想想”。	[]	无	无	无	三代理混排复核完成；已发现项已修正
echo_016		consequence	education	年龄 21—105；人物 []；门槛 {"all":[],"any":[],"none":[]}	从这里往后，学校里的日子有了具体的制度和地方。	从这里往后，学校里的日子有了具体的制度和地方。	[]	无	无	无	三代理混排复核完成；已发现项已修正
echo_017		consequence	education	年龄 22—105；人物 []；门槛 {"all":[],"any":[],"none":[]}	课表还是很绕，但你总算知道坑在哪儿。	课表还是很绕，但你总算知道坑在哪儿。	[]	无	无	无	三代理混排复核完成；已发现项已修正
echo_018		consequence	education	年龄 22—105；人物 []；门槛 {"all":[],"any":[],"none":[]}	你没有把“欢迎申请”当成已经能去上班。	你没有把“欢迎申请”当成已经能去上班。	[]	无	无	无	三代理混排复核完成；已发现项已修正
echo_019		consequence	education	年龄 23—105；人物 []；门槛 {"all":[],"any":[],"none":[]}	学位拿到了。留在美国、回国还是继续读，都得你自己再选一次。	学位拿到了。留在美国、回国还是继续读，都得你自己再选一次。	[]	无	无	无	三代理混排复核完成；已发现项已修正
echo_020		consequence	education	年龄 22—105；人物 []；门槛 {"all":[],"any":[],"none":[]}	三个页面都还在。你至少知道漏掉哪一个会出事。	三个页面都还在。你至少知道漏掉哪一个会出事。	[]	无	无	无	三代理混排复核完成；已发现项已修正
echo_021		consequence	education	年龄 22—105；人物 []；门槛 {"all":[],"any":[],"none":[]}	大家未必成了朋友，活倒是按时交了。	大家未必成了朋友，活倒是按时交了。	[]	无	无	无	三代理混排复核完成；已发现项已修正
echo_022		consequence	education	年龄 23—105；人物 []；门槛 {"all":[],"any":[],"none":[]}	学位审核过了。下一张表，要填的是工作还是继续读书。	学位审核过了。下一张表，要填的是工作还是继续读书。	[]	无	无	无	三代理混排复核完成；已发现项已修正
echo_023		consequence	education	年龄 20—105；人物 []；门槛 {"all":[],"any":[],"none":[]}	这次你没有只在心里说“不想读了”。学校那边也收到了一份正式申请。	这次你没有只在心里说“不想读了”。学校那边也收到了一份正式申请。	[]	无	无	无	三代理混排复核完成；已发现项已修正
echo_024		consequence	education	年龄 21—105；人物 []；门槛 {"all":[],"any":[],"none":[]}	名单和回函都出来了。你接下来的课表，终于不用再靠猜。	名单和回函都出来了。你接下来的课表，终于不用再靠猜。	[]	无	无	无	三代理混排复核完成；已发现项已修正
echo_025		consequence	education	年龄 20—105；人物 []；门槛 {"all":[],"any":[],"none":[]}	日子还是会出岔子，好在你不再每次都从搜索框第一页开始。	日子还是会出岔子，好在你不再每次都从搜索框第一页开始。	[]	无	无	无	三代理混排复核完成；已发现项已修正
echo_026		consequence	education	年龄 21—105；人物 []；门槛 {"all":[],"any":[],"none":[]}	你没有因为认识了新人就退出原来的群，也没把交朋友做成每周任务。	你没有因为认识了新人就退出原来的群，也没把交朋友做成每周任务。	[]	无	无	无	三代理混排复核完成；已发现项已修正
echo_027		consequence	education	年龄 22—105；人物 []；门槛 {"all":[],"any":[],"none":[]}	这件事后来留下的，不是“你还不够会融入”。	这件事后来留下的，不是“你还不够会融入”。	[]	无	无	无	三代理混排复核完成；已发现项已修正
echo_028		consequence	education	年龄 22—105；人物 []；门槛 {"all":[],"any":[],"none":[]}	你先挑了一条。日历空出来一点，焦虑没有。	你先挑了一条。日历空出来一点，焦虑没有。	[]	无	无	无	三代理混排复核完成；已发现项已修正
echo_029		consequence	education	年龄 23—105；人物 []；门槛 {"all":[],"any":[],"none":[]}	申请文件夹终于不再天天改名。交出去的交了，没交的也停在这一版。	申请文件夹终于不再天天改名。交出去的交了，没交的也停在这一版。	[]	无	无	无	三代理混排复核完成；已发现项已修正
echo_030		consequence	education	年龄 24—105；人物 []；门槛 {"all":[],"any":[],"none":[]}	这一年的结果最后留在官网或邮箱里，不在群聊截图里。	这一年的结果最后留在官网或邮箱里，不在群聊截图里。	[]	无	无	无	三代理混排复核完成；已发现项已修正
echo_031		consequence	education	年龄 24—105；人物 []；门槛 {"all":[],"any":[],"none":[]}	报到日过去以后，真正坐进教室的那所学校才会出现在课表里。	报到日过去以后，真正坐进教室的那所学校才会出现在课表里。	[]	无	无	无	三代理混排复核完成；已发现项已修正
echo_032		consequence	education	年龄 25—105；人物 []；门槛 {"all":[],"any":[],"none":[]}	课要上，研究也要做。至少你和导师之间，不再全靠猜。	课要上，研究也要做。至少你和导师之间，不再全靠猜。	[]	无	无	无	三代理混排复核完成；已发现项已修正
echo_033		consequence	education	年龄 25—105；人物 []；门槛 {"all":[],"any":[],"none":[]}	毕业还没到，手里总算有了几件能摊开讲的事。	毕业还没到，手里总算有了几件能摊开讲的事。	[]	无	无	无	三代理混排复核完成；已发现项已修正
echo_034		consequence	education	年龄 26—105；人物 []；门槛 {"all":[],"any":[],"none":[]}	学位拿到了。它会帮你敲开一些门，门后面是不是合适，还得继续谈。	学位拿到了。它会帮你敲开一些门，门后面是不是合适，还得继续谈。	[]	无	无	无	三代理混排复核完成；已发现项已修正
echo_035		consequence	education	年龄 25—105；人物 []；门槛 {"all":[],"any":[],"none":[]}	说明会还是开了很多。至少其中一部分，后来真的变成了你的日程。	说明会还是开了很多。至少其中一部分，后来真的变成了你的日程。	[]	无	无	无	三代理混排复核完成；已发现项已修正
echo_036		consequence	education	年龄 25—105；人物 []；门槛 {"all":[],"any":[],"none":[]}	论文题目没有突然变成万能钥匙。你做事的方法，倒开始能被岗位看懂。	论文题目没有突然变成万能钥匙。你做事的方法，倒开始能被岗位看懂。	[]	无	无	无	三代理混排复核完成；已发现项已修正
echo_037		consequence	education	年龄 26—105；人物 []；门槛 {"all":[],"any":[],"none":[]}	学位已经拿到。留下、回国或换地方，都得从真正的申请开始。	学位已经拿到。留下、回国或换地方，都得从真正的申请开始。	[]	无	无	无	三代理混排复核完成；已发现项已修正
echo_038		consequence	education	年龄 25—105；人物 []；门槛 {"all":[],"any":[],"none":[]}	学制短是真的。轻松两个字，从来没人写进录取信。	学制短是真的。轻松两个字，从来没人写进录取信。	[]	无	无	无	三代理混排复核完成；已发现项已修正
echo_039		consequence	education	年龄 25—105；人物 []；门槛 {"all":[],"any":[],"none":[]}	论文是论文，找工作是找工作。你没再指望前者自动替你办完后者。	论文是论文，找工作是找工作。你没再指望前者自动替你办完后者。	[]	无	无	无	三代理混排复核完成；已发现项已修正
echo_040		consequence	education	年龄 26—105；人物 []；门槛 {"all":[],"any":[],"none":[]}	论文和学分都过了。接下来要填的，是地区、岗位，还有什么时候能上班。	论文和学分都过了。接下来要填的，是地区、岗位，还有什么时候能上班。	[]	无	无	无	三代理混排复核完成；已发现项已修正
echo_041		consequence	education	年龄 24—105；人物 []；门槛 {"all":[],"any":[],"none":[]}	开学群消息很多。真正有用的联系人，还得慢慢认。	开学群消息很多。真正有用的联系人，还得慢慢认。	[]	无	无	无	三代理混排复核完成；已发现项已修正
echo_042		consequence	education	年龄 25—105；人物 []；门槛 {"all":[],"any":[],"none":[]}	散会以后，那句话和替你接话的人，你都记得。	散会以后，那句话和替你接话的人，你都记得。	[]	无	无	无	三代理混排复核完成；已发现项已修正
echo_043		consequence	employment	年龄 19—105；人物 []；门槛 {"all":[],"any":[],"none":[]}	那份录用通知后来又被翻了出来。	那份录用通知后来又被翻了出来。	[]	无	无	无	三代理混排复核完成；已发现项已修正
echo_044		consequence	employment	年龄 22—105；人物 []；门槛 {"all":[],"any":[],"none":[]}	那次涨薪谈话后来有了下文。	那次涨薪谈话后来有了下文。	[]	无	无	无	三代理混排复核完成；已发现项已修正
echo_045		consequence	employment	年龄 22—105；人物 []；门槛 {"all":[],"any":[],"none":[]}	那次谈话留下的纸，后来帮了忙也惹了麻烦。	那次谈话留下的纸，后来帮了忙也惹了麻烦。	[]	无	无	无	三代理混排复核完成；已发现项已修正
echo_046		consequence	employment	年龄 23—105；人物 []；门槛 {"all":[],"any":[],"none":[]}	离职证明旁边，后来放上了新的去向。	离职证明旁边，后来放上了新的去向。	[]	无	无	无	三代理混排复核完成；已发现项已修正
echo_047		consequence	employment	年龄 21—105；人物 []；门槛 {"all":[],"any":[],"none":[]}	那份责任说明进了后来的一次审计。	那份责任说明进了后来的一次审计。	[]	无	无	无	三代理混排复核完成；已发现项已修正
echo_048		consequence	employment	年龄 26—105；人物 []；门槛 {"all":[],"any":[],"none":[]}	那次晋升后来落到了具体的人身上。	那次晋升后来落到了具体的人身上。	[]	无	无	无	三代理混排复核完成；已发现项已修正
echo_049		consequence	employment	年龄 26—105；人物 []；门槛 {"all":[],"any":[],"none":[]}	那张无薪休假单后来又出现了一次。	那张无薪休假单后来又出现了一次。	[]	无	无	无	三代理混排复核完成；已发现项已修正
echo_050		consequence	employment	年龄 56—105；人物 []；门槛 {"all":[],"any":[],"none":[]}	合同到期的日子还是到了。	合同到期的日子还是到了。	[]	无	无	无	三代理混排复核完成；已发现项已修正
echo_051		consequence	employment	年龄 17—105；人物 []；门槛 {"all":[],"any":[],"none":[]}	你选了一个入口，开始真的往外投。	你选了一个入口，开始真的往外投。	[]	无	无	无	三代理混排复核完成；已发现项已修正
echo_052		consequence	employment	年龄 18—105；人物 []；门槛 {"all":[],"any":[],"none":[]}	面试稿改了几版。最顺口的，还是你真做过的那一段。	面试稿改了几版。最顺口的，还是你真做过的那一段。	[]	无	无	无	三代理混排复核完成；已发现项已修正
echo_053		consequence	employment	年龄 19—105；人物 []；门槛 {"all":[],"any":[],"none":[]}	申请记录里，能报到的和还在等的，没有再写在同一栏。	申请记录里，能报到的和还在等的，没有再写在同一栏。	[]	无	无	无	三代理混排复核完成；已发现项已修正
echo_054		consequence	employment	年龄 20—105；人物 []；门槛 {"all":[],"any":[],"none":[]}	最后等待日过去。工牌有就有，没有也不能拿别人的单位填进自己的去向。	最后等待日过去。工牌有就有，没有也不能拿别人的单位填进自己的去向。	[]	无	无	无	三代理混排复核完成；已发现项已修正
echo_055		consequence	public	年龄 19—105；人物 []；门槛 {"all":[],"any":[],"none":[]}	那张职位表后来和报名结果一起留在了下载文件夹。	那张职位表后来和报名结果一起留在了下载文件夹。	[]	无	无	无	三代理混排复核完成；已发现项已修正
echo_056		consequence	public	年龄 19—105；人物 []；门槛 {"all":[],"any":[],"none":[]}	那轮笔试、面试和名单，最终有了明确去向。	那轮笔试、面试和名单，最终有了明确去向。	[]	无	无	无	三代理混排复核完成；已发现项已修正
echo_057		consequence	public	年龄 21—105；人物 []；门槛 {"all":[],"any":[],"none":[]}	那份三年合同后来决定了你是否留下。	那份三年合同后来决定了你是否留下。	[]	无	无	无	三代理混排复核完成；已发现项已修正
echo_058		consequence	public	年龄 21—105；人物 []；门槛 {"all":[],"any":[],"none":[]}	那次熟人托办后来没有只停在聊天框。	那次熟人托办后来没有只停在聊天框。	[]	无	无	无	三代理混排复核完成；已发现项已修正
echo_059		consequence	public	年龄 26—105；人物 []；门槛 {"all":[],"any":[],"none":[]}	那次驻点决定后来写进了履历。	那次驻点决定后来写进了履历。	[]	无	无	无	三代理混排复核完成；已发现项已修正
echo_060		consequence	public	年龄 26—105；人物 []；门槛 {"all":[],"any":[],"none":[]}	那次投诉后来有了完整办理记录。	那次投诉后来有了完整办理记录。	[]	无	无	无	三代理混排复核完成；已发现项已修正
echo_061		consequence	public	年龄 26—105；人物 []；门槛 {"all":[],"any":[],"none":[]}	那份辞职申请曾在抽屉里放了很久。	那份辞职申请曾在抽屉里放了很久。	[]	无	无	无	三代理混排复核完成；已发现项已修正
echo_062		consequence	public	年龄 56—105；人物 []；门槛 {"all":[],"any":[],"none":[]}	那七年经历最终落在了调动材料上。	那七年经历最终落在了调动材料上。	[]	无	无	无	三代理混排复核完成；已发现项已修正
echo_063		consequence	remote	年龄 21—105；人物 []；门槛 {"all":[],"any":[],"none":[]}	电子合同后来证明，自由和责任都需要具体条款。	电子合同后来证明，自由和责任都需要具体条款。	[]	无	无	无	三代理混排复核完成；已发现项已修正
echo_064		consequence	remote	年龄 23—105；人物 []；门槛 {"all":[],"any":[],"none":[]}	收入表第一次把平台占比单独标了出来。	收入表第一次把平台占比单独标了出来。	[]	无	无	无	三代理混排复核完成；已发现项已修正
echo_065		consequence	remote	年龄 23—105；人物 []；门槛 {"all":[],"any":[],"none":[]}	评分面板旁边，后来多了平台外的收入记录。	评分面板旁边，后来多了平台外的收入记录。	[]	无	无	无	三代理混排复核完成；已发现项已修正
echo_066		consequence	remote	年龄 24—105；人物 []；门槛 {"all":[],"any":[],"none":[]}	签证材料夹里没有再用旅游照片代替工作说明。	签证材料夹里没有再用旅游照片代替工作说明。	[]	无	无	无	三代理混排复核完成；已发现项已修正
echo_067		consequence	remote	年龄 24—105；人物 []；门槛 {"all":[],"any":[],"none":[]}	材料夹最后留下许可、改期通知或一张返程票。	材料夹最后留下许可、改期通知或一张返程票。	[]	无	无	无	三代理混排复核完成；已发现项已修正
echo_068		consequence	remote	年龄 26—105；人物 []；门槛 {"all":[],"any":[],"none":[]}	那次是否留下固定地址，后来改变了收件、就医和休息的安排。	那次是否留下固定地址，后来改变了收件、就医和休息的安排。	[]	无	无	无	三代理混排复核完成；已发现项已修正
echo_069		consequence	remote	年龄 26—105；人物 []；门槛 {"all":[],"any":[],"none":[]}	固定地址成了别人真正能找到你的地方。	固定地址成了别人真正能找到你的地方。	[]	无	无	无	三代理混排复核完成；已发现项已修正
echo_070		consequence	business	年龄 25—105；人物 []；门槛 {"all":[],"any":[],"none":[]}	那次签约前的功课，后来决定了店从哪里起步。	那次签约前的功课，后来决定了店从哪里起步。	[]	无	无	无	三代理混排复核完成；已发现项已修正
echo_071		consequence	business	年龄 25—105；人物 []；门槛 {"all":[],"any":[],"none":[]}	开业后的第一轮账，比门口花篮留得久。	开业后的第一轮账，比门口花篮留得久。	[]	无	无	无	三代理混排复核完成；已发现项已修正
echo_072		consequence	business	年龄 25—105；人物 []；门槛 {"all":[],"any":[],"none":[]}	最后一张经营表，写清了这家店真正留下了什么。	最后一张经营表，写清了这家店真正留下了什么。	[]	无	无	无	三代理混排复核完成；已发现项已修正
echo_073		consequence	business	年龄 29—105；人物 []；门槛 {"all":[],"any":[],"none":[]}	第二家店的意向书，先过一次真实检验。	第二家店的意向书，先过一次真实检验。	[]	无	无	无	三代理混排复核完成；已发现项已修正
echo_074		consequence	business	年龄 30—105；人物 []；门槛 {"all":[],"any":[],"none":[]}	那份资金安排后来同时留在现金流和股权表里。	那份资金安排后来同时留在现金流和股权表里。	[]	无	无	职业资产	三代理混排复核完成；已发现项已修正
echo_075		consequence	business	年龄 31—105；人物 []；门槛 {"all":[],"any":[],"none":[]}	扩张后的第一份完整经营表——给出了结论。	扩张后的第一份完整经营表——给出了结论。	[]	无	无	无	三代理混排复核完成；已发现项已修正
echo_076		consequence	business	年龄 39—105；人物 []；门槛 {"all":[],"any":[],"none":[]}	那次估值会先把账面数字和能花的钱分开了。	那次估值会先把账面数字和能花的钱分开了。	[]	无	无	无	三代理混排复核完成；已发现项已修正
echo_077		consequence	business	年龄 40—105；人物 []；门槛 {"all":[],"any":[],"none":[]}	最后一次交易会留下的，不只估值新闻。	最后一次交易会留下的，不只估值新闻。	[]	无	无	无	三代理混排复核完成；已发现项已修正
echo_078		consequence	leisure	年龄 19—105；人物 []；门槛 {"all":[],"any":[],"none":[]}	那张预算表后来没有只停在离职当天。	那张预算表后来没有只停在离职当天。	[]	无	无	无	三代理混排复核完成；已发现项已修正
echo_079		consequence	leisure	年龄 19—105；人物 []；门槛 {"all":[],"any":[],"none":[]}	主动停下以后，第二年按新的成本在运行。	主动停下以后，第二年按新的成本在运行。	[]	无	无	无	三代理混排复核完成；已发现项已修正
echo_080		consequence	leisure	年龄 21—105；人物 []；门槛 {"all":[],"any":[],"none":[]}	这段不工作的日子，终于有了清楚的边。	这段不工作的日子，终于有了清楚的边。	[]	无	无	无	三代理混排复核完成；已发现项已修正
echo_081		consequence	leisure	年龄 21—105；人物 []；门槛 {"all":[],"any":[],"none":[]}	那六个月很快出现在银行卡余额里。	那六个月很快出现在银行卡余额里。	[]	无	无	无	三代理混排复核完成；已发现项已修正
echo_082		consequence	leisure	年龄 21—105；人物 []；门槛 {"all":[],"any":[],"none":[]}	那段作息失控后来有了一个转折。	那段作息失控后来有了一个转折。	[]	无	无	无	三代理混排复核完成；已发现项已修正
echo_083		consequence	leisure	年龄 23—105；人物 []；门槛 {"all":[],"any":[],"none":[]}	那个小项目后来没有停在两天。	那个小项目后来没有停在两天。	[]	无	无	无	三代理混排复核完成；已发现项已修正
echo_084		consequence	leisure	年龄 25—105；人物 []；门槛 {"all":[],"any":[],"none":[]}	那段空窗后来被写成了不同的说法。	那段空窗后来被写成了不同的说法。	[]	无	无	无	三代理混排复核完成；已发现项已修正
echo_085		consequence	leisure	年龄 26—105；人物 []；门槛 {"all":[],"any":[],"none":[]}	那次重新安排生活后，星期几又有了区别。	那次重新安排生活后，星期几又有了区别。	[]	无	无	无	三代理混排复核完成；已发现项已修正
echo_086		consequence	partnership	年龄 17—105；人物 []；门槛 {"all":[],"any":[],"none":[]}	那次把话说开的晚上，后来没有被暧昧盖过去。	那次把话说开的晚上，后来没有被暧昧盖过去。	[]	无	无	无	三代理混排复核完成；已发现项已修正
echo_087		consequence	partnership	年龄 18—105；人物 []；门槛 {"all":[],"any":[],"none":[]}	钥匙圈和转账备注，留下了这段关系真正的样子。	钥匙圈和转账备注，留下了这段关系真正的样子。	[]	无	无	无	三代理混排复核完成；已发现项已修正
echo_088		consequence	partnership	年龄 21—105；人物 []；门槛 {"all":[],"any":[],"none":[]}	共享账本里第一次同时写下钱和时间。	共享账本里第一次同时写下钱和时间。	[]	无	无	无	三代理混排复核完成；已发现项已修正
echo_089		consequence	partnership	年龄 22—105；人物 []；门槛 {"all":[],"any":[],"none":[]}	那张分工表上，后来留下了最后一次修改。	那张分工表上，后来留下了最后一次修改。	[]	无	无	无	三代理混排复核完成；已发现项已修正
echo_090		consequence	partnership	年龄 23—105；人物 []；门槛 {"all":[],"any":[],"none":[]}	财产清单旁边，后来多了一份搬家和探望的日历。	财产清单旁边，后来多了一份搬家和探望的日历。	[]	无	无	无	三代理混排复核完成；已发现项已修正
echo_091		consequence	partnership	年龄 24—105；人物 []；门槛 {"all":[],"any":[],"none":[]}	搬家纸箱封上以后，责任没有跟着婚姻一起消失。	搬家纸箱封上以后，责任没有跟着婚姻一起消失。	[]	无	无	无	三代理混排复核完成；已发现项已修正
echo_092		consequence	partnership	年龄 31—105；人物 []；门槛 {"all":[],"any":[],"none":[]}	那顿饭没有自动把两份生活重新拼起来。	那顿饭没有自动把两份生活重新拼起来。	[]	无	无	无	三代理混排复核完成；已发现项已修正
echo_093		consequence	partnership	年龄 32—105；人物 []；门槛 {"all":[],"any":[],"none":[]}	两把钥匙最后有没有回到同一个人手里——有了答案。	两把钥匙最后有没有回到同一个人手里——有了答案。	[]	无	无	无	三代理混排复核完成；已发现项已修正
echo_094		consequence	partnership	年龄 56—105；人物 []；门槛 {"all":[],"any":[],"none":[]}	紧急联系人那一栏，第一次写上了对方的名字。	紧急联系人那一栏，第一次写上了对方的名字。	[]	无	无	无	三代理混排复核完成；已发现项已修正
echo_095		consequence	partnership	年龄 57—105；人物 []；门槛 {"all":[],"any":[],"none":[]}	医疗联系人、门锁密码和费用分摊，最后放在同一个袋子里。	医疗联系人、门锁密码和费用分摊，最后放在同一个袋子里。	[]	无	无	无	三代理混排复核完成；已发现项已修正
echo_096		consequence	children	年龄 24—105；人物 []；门槛 {"all":[],"any":[],"none":[]}	日历上的空格有了明确用途。	日历上的空格有了明确用途。	[]	无	无	无	三代理混排复核完成；已发现项已修正
echo_097		consequence	children	年龄 25—105；人物 []；门槛 {"all":[],"any":[],"none":[]}	这一年的等待没有替你作决定。	这一年的等待没有替你作决定。	[]	无	无	无	三代理混排复核完成；已发现项已修正
echo_098		consequence	children	年龄 31—105；人物 []；门槛 {"all":[],"any":[],"none":[]}	你先把能证明的和还缺的分开列了。	你先把能证明的和还缺的分开列了。	[]	无	无	无	三代理混排复核完成；已发现项已修正
echo_099		consequence	children	年龄 32—105；人物 []；门槛 {"all":[],"any":[],"none":[]}	家访把愿望拆成了每天谁来做什么。	家访把愿望拆成了每天谁来做什么。	[]	无	无	无	三代理混排复核完成；已发现项已修正
echo_100		consequence	children	年龄 33—105；人物 []；门槛 {"all":[],"any":[],"none":[]}	登记回执下来以前，户口和家庭账本上都还没有这个孩子。	登记回执下来以前，户口和家庭账本上都还没有这个孩子。	[]	无	无	人物	三代理混排复核完成；已发现项已修正
echo_101		consequence	children	年龄 26—105；人物 []；门槛 {"all":[],"any":[],"none":[]}	接送卡和登记表后来放在同一个透明袋里。	接送卡和登记表后来放在同一个透明袋里。	[]	无	无	无	三代理混排复核完成；已发现项已修正
echo_102		consequence	children	年龄 31—105；人物 []；门槛 {"all":[],"any":[],"none":[]}	手机没被立刻拿走。先坐下来谈了。	手机没被立刻拿走。先坐下来谈了。	[]	无	无	无	三代理混排复核完成；已发现项已修正
echo_103		consequence	children	年龄 32—105；人物 []；门槛 {"all":[],"any":[],"none":[]}	家里的规矩——写在了一张两个人都能看见的纸上。	家里的规矩——写在了一张两个人都能看见的纸上。	[]	无	无	无	三代理混排复核完成；已发现项已修正
echo_104		consequence	children	年龄 39—105；人物 []；门槛 {"all":[],"any":[],"none":[]}	生活费截止日和备用钥匙——第一次放在同一张表上。	生活费截止日和备用钥匙——第一次放在同一张表上。	[]	无	无	无	三代理混排复核完成；已发现项已修正
echo_105		consequence	children	年龄 40—105；人物 []；门槛 {"all":[],"any":[],"none":[]}	房租转账和备用钥匙——各有了去处。	房租转账和备用钥匙——各有了去处。	[]	无	无	无	三代理混排复核完成；已发现项已修正
echo_107		consequence	finance	年龄 21—105；人物 []；门槛 {"all":[],"any":[],"none":[]}	那份担保合同后来真的找到了你的名字。	那份担保合同后来真的找到了你的名字。	[]	无	无	住房债务	三代理混排复核完成；已发现项已修正
echo_108		consequence	finance	年龄 21—105；人物 []；门槛 {"all":[],"any":[],"none":[]}	那几笔分期后来在同一个月叠了起来。	那几笔分期后来在同一个月叠了起来。	[]	无	无	无	三代理混排复核完成；已发现项已修正
echo_109		consequence	finance	年龄 23—105；人物 []；门槛 {"all":[],"any":[],"none":[]}	那轮加息后来改变了家里的东西。	那轮加息后来改变了家里的东西。	[]	无	无	无	三代理混排复核完成；已发现项已修正
echo_110		consequence	finance	年龄 23—105；人物 []；门槛 {"all":[],"any":[],"none":[]}	那封通知逼出了借款、担保和收入三笔账。	那封通知逼出了借款、担保和收入三笔账。	[]	无	无	住房债务	三代理混排复核完成；已发现项已修正
echo_111		consequence	finance	年龄 26—105；人物 []；门槛 {"all":[],"any":[],"none":[]}	担保这件事的处理，留下了追偿凭证——和一段关系的结局。	担保这件事的处理，留下了追偿凭证——和一段关系的结局。	[]	无	无	住房债务	三代理混排复核完成；已发现项已修正
echo_112		consequence	finance	年龄 26—105；人物 []；门槛 {"all":[],"any":[],"none":[]}	那次投资后来给了最直接的收益数字。	那次投资后来给了最直接的收益数字。	[]	无	无	无	三代理混排复核完成；已发现项已修正
echo_113		consequence	finance	年龄 51—105；人物 []；门槛 {"all":[],"any":[],"none":[]}	那张债务清单后来少了几笔说不清的账。	那张债务清单后来少了几笔说不清的账。	[]	无	无	住房债务	三代理混排复核完成；已发现项已修正
echo_114		consequence	health	年龄 4—105；人物 []；门槛 {"all":[],"any":[],"none":[]}	那张复查单后来接上了新的记录。	那张复查单后来接上了新的记录。	[]	无	无	无	三代理混排复核完成；已发现项已修正
echo_115		consequence	health	年龄 5—105；人物 []；门槛 {"all":[],"any":[],"none":[]}	那次是否按计划治疗，后来反映在身体和日历上。	那次是否按计划治疗，后来反映在身体和日历上。	[]	无	无	健康照护	三代理混排复核完成；已发现项已修正
echo_116		consequence	health	年龄 7—105；人物 []；门槛 {"all":[],"any":[],"none":[]}	那段康复训练后来留下了实际差别。	那段康复训练后来留下了实际差别。	[]	无	无	无	三代理混排复核完成；已发现项已修正
echo_117		consequence	health	年龄 9—105；人物 []；门槛 {"all":[],"any":[],"none":[]}	病历合上的时候，你知道以后每天早上先做什么了。	病历合上的时候，你知道以后每天早上先做什么了。	[]	无	无	无	三代理混排复核完成；已发现项已修正
echo_118		consequence	health	年龄 13—105；人物 []；门槛 {"all":[],"any":[],"none":[]}	那次功能评估后来决定了康复起点。	那次功能评估后来决定了康复起点。	[]	无	无	无	三代理混排复核完成；已发现项已修正
echo_119		consequence	health	年龄 17—105；人物 []；门槛 {"all":[],"any":[],"none":[]}	那份照护安排后来经受了真实消耗。	那份照护安排后来经受了真实消耗。	[]	无	无	健康照护	三代理混排复核完成；已发现项已修正
echo_120		consequence	health	年龄 26—105；人物 []；门槛 {"all":[],"any":[],"none":[]}	那段平台期后来并非没有结果。	那段平台期后来并非没有结果。	[]	无	无	无	三代理混排复核完成；已发现项已修正
echo_121		consequence	health	年龄 46—105；人物 []；门槛 {"all":[],"any":[],"none":[]}	最后那份医疗决定让家人不必猜。	最后那份医疗决定让家人不必猜。	[]	无	无	无	三代理混排复核完成；已发现项已修正
echo_122		consequence	habits	年龄 19—105；人物 []；门槛 {"all":[],"any":[],"none":[]}	那场比赛结束了——继不继续，从这分了叉。	那场比赛结束了——继不继续，从这分了叉。	[]	无	无	无	三代理混排复核完成；已发现项已修正
echo_123		consequence	habits	年龄 19—105；人物 []；门槛 {"all":[],"any":[],"none":[]}	下不下——最后写在了流水和日子安排里。	下不下——最后写在了流水和日子安排里。	[]	无	无	无	三代理混排复核完成；已发现项已修正
echo_124		consequence	habits	年龄 19—105；人物 []；门槛 {"all":[],"any":[],"none":[]}	还追不追？	还追不追？	[]	无	无	无	三代理混排复核完成；已发现项已修正
echo_125		consequence	habits	年龄 19—105；人物 []；门槛 {"all":[],"any":[],"none":[]}	停下来以后——你怎么守住？	停下来以后——你怎么守住？	[]	无	无	无	三代理混排复核完成；已发现项已修正
echo_126		consequence	habits	年龄 21—105；人物 []；门槛 {"all":[],"any":[],"none":[]}	第一笔以后怎么弄——定了它扩不扩大。	第一笔以后怎么弄——定了它扩不扩大。	[]	无	无	无	三代理混排复核完成；已发现项已修正
echo_127		consequence	habits	年龄 21—105；人物 []；门槛 {"all":[],"any":[],"none":[]}	重新碰过以后——恢复有了新的开头。	重新碰过以后——恢复有了新的开头。	[]	无	无	无	三代理混排复核完成；已发现项已修正
echo_128		consequence	habits	年龄 19—105；人物 []；门槛 {"all":[],"any":[],"none":[]}	第一回认真记——聚餐和管不住，是不是一件事。	第一回认真记——聚餐和管不住，是不是一件事。	[]	无	无	无	三代理混排复核完成；已发现项已修正
echo_129		consequence	habits	年龄 19—105；人物 []；门槛 {"all":[],"any":[],"none":[]}	还喝不喝——最后写在了工作和身体的记录里。	还喝不喝——最后写在了工作和身体的记录里。	[]	无	无	无	三代理混排复核完成；已发现项已修正
echo_130		consequence	habits	年龄 21—105；人物 []；门槛 {"all":[],"any":[],"none":[]}	跟医生说实话了——才知道怎么停才不出事。	跟医生说实话了——才知道怎么停才不出事。	[]	无	无	职业资产	三代理混排复核完成；已发现项已修正
echo_131		consequence	habits	年龄 21—105；人物 []；门槛 {"all":[],"any":[],"none":[]}	恢复不是躲。是知道哪种场面得先想好。	恢复不是躲。是知道哪种场面得先想好。	[]	无	无	无	三代理混排复核完成；已发现项已修正
echo_132		consequence	habits	年龄 23—105；人物 []；门槛 {"all":[],"any":[],"none":[]}	第一口以后怎么弄——定它回不回原来的样。	第一口以后怎么弄——定它回不回原来的样。	[]	无	无	无	三代理混排复核完成；已发现项已修正
echo_133		consequence	habits	年龄 23—105；人物 []；门槛 {"all":[],"any":[],"none":[]}	喝回去以后，治和日子重新排进了日历。	喝回去以后，治和日子重新排进了日历。	[]	无	无	无	三代理混排复核完成；已发现项已修正
echo_134		consequence	habits	年龄 14—105；人物 []；门槛 {"all":[],"any":[],"none":[]}	第一回按不按计划关——后面是两回事。	第一回按不按计划关——后面是两回事。	[]	无	无	无	三代理混排复核完成；已发现项已修正
echo_135		consequence	habits	年龄 14—105；人物 []；门槛 {"all":[],"any":[],"none":[]}	游戏和现实——最后写在了觉和责任书上。	游戏和现实——最后写在了觉和责任书上。	[]	无	无	无	三代理混排复核完成；已发现项已修正
echo_136		consequence	habits	年龄 16—105；人物 []；门槛 {"all":[],"any":[],"none":[]}	几次迟到和吵过以后——玩多久，第一回被人正经问。	几次迟到和吵过以后——玩多久，第一回被人正经问。	[]	无	无	无	三代理混排复核完成；已发现项已修正
echo_137		consequence	habits	年龄 16—105；人物 []；门槛 {"all":[],"any":[],"none":[]}	恢复那结果——写在觉上、班上和现实里。不只写在账号里。	恢复那结果——写在觉上、班上和现实里。不只写在账号里。	[]	无	无	无	三代理混排复核完成；已发现项已修正
echo_138		consequence	habits	年龄 17—105；人物 []；门槛 {"all":[],"any":[],"none":[]}	又开始超时以后——第一步定了现实还失不失。	又开始超时以后——第一步定了现实还失不失。	[]	无	无	无	三代理混排复核完成；已发现项已修正
echo_139		consequence	habits	年龄 17—105；人物 []；门槛 {"all":[],"any":[],"none":[]}	重排了游戏和现实——恢复又有了新的头。	重排了游戏和现实——恢复又有了新的头。	[]	无	无	无	三代理混排复核完成；已发现项已修正
echo_140		consequence	habits	年龄 19—105；人物 []；门槛 {"all":[],"any":[],"none":[]}	清一回购物车以后——买和收不住，有了区别。	清一回购物车以后——买和收不住，有了区别。	[]	无	无	无	三代理混排复核完成；已发现项已修正
echo_141		consequence	habits	年龄 19—105；人物 []；门槛 {"all":[],"any":[],"none":[]}	买没买过头——最后在账单和屋里的地方看得出来。	买没买过头——最后在账单和屋里的地方看得出来。	[]	无	无	无	三代理混排复核完成；已发现项已修正
echo_142		consequence	habits	年龄 21—105；人物 []；门槛 {"all":[],"any":[],"none":[]}	账单摊开以后——买和欠，才被一块处理。	账单摊开以后——买和欠，才被一块处理。	[]	无	无	无	三代理混排复核完成；已发现项已修正
echo_143		consequence	habits	年龄 21—105；人物 []；门槛 {"all":[],"any":[],"none":[]}	恢复不是啥都不买。是买回到日子能扛的范围。	恢复不是啥都不买。是买回到日子能扛的范围。	[]	无	无	无	三代理混排复核完成；已发现项已修正
echo_144		consequence	habits	年龄 21—105；人物 []；门槛 {"all":[],"any":[],"none":[]}	包裹还没到之前的处理——定了账单要不要继续长。	包裹还没到之前的处理——定了账单要不要继续长。	[]	无	无	无	三代理混排复核完成；已发现项已修正
echo_145		consequence	habits	年龄 21—105；人物 []；门槛 {"all":[],"any":[],"none":[]}	买东西的口子重理了——恢复有了新的账单开始。	买东西的口子重理了——恢复有了新的账单开始。	[]	无	无	无	三代理混排复核完成；已发现项已修正
echo_146		consequence	habits	年龄 17—105；人物 []；门槛 {"all":[],"any":[],"none":[]}	对着药盒和复诊日看了——身体靠药、用错了和成瘾，不是一码事。	对着药盒和复诊日看了——身体靠药、用错了和成瘾，不是一码事。	[]	无	无	健康照护	三代理混排复核完成；已发现项已修正
echo_147		consequence	habits	年龄 17—105；人物 []；门槛 {"all":[],"any":[],"none":[]}	真的用量写进复诊——才有了对的开头。	真的用量写进复诊——才有了对的开头。	[]	无	无	无	三代理混排复核完成；已发现项已修正
echo_148		consequence	habits	年龄 19—105；人物 []；门槛 {"all":[],"any":[],"none":[]}	真的用了多少写进病历——才知道怎么开始才安全。	真的用了多少写进病历——才知道怎么开始才安全。	[]	无	无	无	三代理混排复核完成；已发现项已修正
echo_149		consequence	habits	年龄 19—105；人物 []；门槛 {"all":[],"any":[],"none":[]}	药这件事的恢复——写在复诊和功能上。不是拿猛停来证明自己行。	药这件事的恢复——写在复诊和功能上。不是拿猛停来证明自己行。	[]	无	无	健康照护	三代理混排复核完成；已发现项已修正
echo_150		consequence	habits	年龄 19—105；人物 []；门槛 {"all":[],"any":[],"none":[]}	又用多以后——第一步定了它要不要再坏。	又用多以后——第一步定了它要不要再坏。	[]	无	无	无	三代理混排复核完成；已发现项已修正
echo_151		consequence	habits	年龄 19—105；人物 []；门槛 {"all":[],"any":[],"none":[]}	药重新调了——治和恢复有了新的日子。	药重新调了——治和恢复有了新的日子。	[]	无	无	健康照护	三代理混排复核完成；已发现项已修正
echo_152		consequence	later	年龄 56—105；人物 []；门槛 {"all":[],"any":[],"none":[]}	那张纸后来成了工作转段的依据。	那张纸后来成了工作转段的依据。	[]	无	无	无	三代理混排复核完成；已发现项已修正
echo_153		consequence	later	年龄 57—105；人物 []；门槛 {"all":[],"any":[],"none":[]}	工作和日常终于不再抢同一块模糊的时间。	工作和日常终于不再抢同一块模糊的时间。	[]	无	无	无	三代理混排复核完成；已发现项已修正
echo_154		consequence	later	年龄 36—105；人物 []；门槛 {"all":[],"any":[],"none":[]}	那串旧钥匙先和资产、债务清单放在了一起。	那串旧钥匙先和资产、债务清单放在了一起。	[]	无	无	住房债务	三代理混排复核完成；已发现项已修正
echo_155		consequence	later	年龄 37—105；人物 []；门槛 {"all":[],"any":[],"none":[]}	资产、债务和旧物不再只是“以后再说”。	资产、债务和旧物不再只是“以后再说”。	[]	无	无	住房债务	三代理混排复核完成；已发现项已修正
echo_156		consequence	later	年龄 56—105；人物 []；门槛 {"all":[],"any":[],"none":[]}	那份评估把“还能撑”拆成了具体的事。	那份评估把“还能撑”拆成了具体的事。	[]	无	无	无	三代理混排复核完成；已发现项已修正
echo_157		consequence	later	年龄 57—105；人物 []；门槛 {"all":[],"any":[],"none":[]}	第一轮真实排班把纸上的缺口都照了出来。	第一轮真实排班把纸上的缺口都照了出来。	[]	无	无	无	三代理混排复核完成；已发现项已修正
echo_158		consequence	later	年龄 58—105；人物 []；门槛 {"all":[],"any":[],"none":[]}	照护不再只靠临时救火。	照护不再只靠临时救火。	[]	无	无	健康照护	三代理混排复核完成；已发现项已修正
echo_159		consequence	later	年龄 51—105；人物 []；门槛 {"all":[],"any":[],"none":[]}	那份清单先让重要东西有了位置。	那份清单先让重要东西有了位置。	[]	无	无	无	三代理混排复核完成；已发现项已修正
echo_160		consequence	later	年龄 52—105；人物 []；门槛 {"all":[],"any":[],"none":[]}	这轮处理结束后，文件是否签署、放在哪里，都有了明确记录。	这轮处理结束后，文件是否签署、放在哪里，都有了明确记录。	[]	无	无	无	三代理混排复核完成；已发现项已修正
echo_161		consequence	identity	年龄 15—105；人物 []；门槛 {"all":[],"any":[],"none":[]}	少年时最不愿失去的东西又来敲门。	少年时最不愿失去的东西又来敲门。	[]	无	无	无	三代理混排复核完成；已发现项已修正
echo_162		consequence	identity	年龄 31—105；人物 []；门槛 {"all":[],"any":[],"none":[]}	那次重新排序后来改变了一天的用法。	那次重新排序后来改变了一天的用法。	[]	无	无	无	三代理混排复核完成；已发现项已修正
echo_163		consequence	education	年龄 23—105；人物 []；门槛 {"all":[],"any":[],"none":[]}	报名页、证明和作品各自装进了文件夹。谁也没把“准备考”写成已经取得。	报名页、证明和作品各自装进了文件夹。谁也没把“准备考”写成已经取得。	[]	无	无	无	三代理混排复核完成；已发现项已修正
echo_164		consequence	education	年龄 23—105；人物 []；门槛 {"all":[],"any":[],"none":[]}	文件夹里留下了凭证、成绩或一份没有通过的通知。	文件夹里留下了凭证、成绩或一份没有通过的通知。	[]	无	无	无	三代理混排复核完成；已发现项已修正
echo_165		consequence	employment	年龄 33—105；人物 []；门槛 {"all":[],"any":[],"none":[]}	那几条招聘信息没有替你做决定，求职边界却说清了。	那几条招聘信息没有替你做决定，求职边界却说清了。	[]	无	无	无	三代理混排复核完成；已发现项已修正
echo_166		consequence	employment	年龄 34—105；人物 []；门槛 {"all":[],"any":[],"none":[]}	这次调整很难体面。至少下个月的账单不再全靠假设。	这次调整很难体面。至少下个月的账单不再全靠假设。	[]	无	无	无	三代理混排复核完成；已发现项已修正
echo_167		consequence	employment	年龄 35—105；人物 []；门槛 {"all":[],"any":[],"none":[]}	合同、申请记录或拒绝邮件，最后总有一份留了下来。	合同、申请记录或拒绝邮件，最后总有一份留了下来。	[]	无	无	无	三代理混排复核完成；已发现项已修正
echo_168		consequence	employment	年龄 19—105；人物 []；门槛 {"all":[],"any":[],"none":[]}	那条跟跑路线后来成了你自己的经验。	那条跟跑路线后来成了你自己的经验。	[]	无	无	无	三代理混排复核完成；已发现项已修正
echo_169		consequence	employment	年龄 19—105；人物 []；门槛 {"all":[],"any":[],"none":[]}	那次卡餐以后，你处理顺序变了。	那次卡餐以后，你处理顺序变了。	[]	无	无	无	三代理混排复核完成；已发现项已修正
echo_170		consequence	employment	年龄 19—105；人物 []；门槛 {"all":[],"any":[],"none":[]}	园区里的那顿饭后来有了固定办法。	园区里的那顿饭后来有了固定办法。	[]	无	无	无	三代理混排复核完成；已发现项已修正
echo_171		consequence	employment	年龄 19—105；人物 []；门槛 {"all":[],"any":[],"none":[]}	那晚的产量表旁边，后来多了一条安全记录。	那晚的产量表旁边，后来多了一条安全记录。	[]	无	无	无	三代理混排复核完成；已发现项已修正
echo_172		consequence	employment	年龄 19—105；人物 []；门槛 {"all":[],"any":[],"none":[]}	那块大屏上的一行字，后来变成了当天的现金。	那块大屏上的一行字，后来变成了当天的现金。	[]	无	无	无	三代理混排复核完成；已发现项已修正
echo_173		consequence	employment	年龄 19—105；人物 []；门槛 {"all":[],"any":[],"none":[]}	那次盘货以后，排班表第一次被拿来逐项对时间。	那次盘货以后，排班表第一次被拿来逐项对时间。	[]	无	无	无	三代理混排复核完成；已发现项已修正
echo_174		consequence	employment	年龄 19—105；人物 []；门槛 {"all":[],"any":[],"none":[]}	那一晚大家记住的，不只是出了多少杯。	那一晚大家记住的，不只是出了多少杯。	[]	无	无	无	三代理混排复核完成；已发现项已修正
echo_175		consequence	employment	年龄 21—105；人物 []；门槛 {"all":[],"any":[],"none":[]}	那次高峰以后，交接本上多了处理顺序。	那次高峰以后，交接本上多了处理顺序。	[]	无	无	无	三代理混排复核完成；已发现项已修正
echo_176		consequence	employment	年龄 19—105；人物 []；门槛 {"all":[],"any":[],"none":[]}	那张培训表后来对应了真正做过的班次。	那张培训表后来对应了真正做过的班次。	[]	无	无	无	三代理混排复核完成；已发现项已修正
echo_177		consequence	employment	年龄 21—105；人物 []；门槛 {"all":[],"any":[],"none":[]}	那通电话后来进了质检记录。	那通电话后来进了质检记录。	[]	无	无	无	三代理混排复核完成；已发现项已修正
echo_178		consequence	employment	年龄 23—105；人物 []；门槛 {"all":[],"any":[],"none":[]}	那次上线以后，大家终于知道哪一版算数。	那次上线以后，大家终于知道哪一版算数。	[]	无	无	无	三代理混排复核完成；已发现项已修正
echo_179		consequence	employment	年龄 23—105；人物 []；门槛 {"all":[],"any":[],"none":[]}	那笔付款后来能从账上追到每一张纸。	那笔付款后来能从账上追到每一张纸。	[]	无	无	无	三代理混排复核完成；已发现项已修正
echo_180		consequence	employment	年龄 23—105；人物 []；门槛 {"all":[],"any":[],"none":[]}	那段录屏后来被新人转发过很多次。	那段录屏后来被新人转发过很多次。	[]	无	无	无	三代理混排复核完成；已发现项已修正
echo_181		consequence	employment	年龄 23—105；人物 []；门槛 {"all":[],"any":[],"none":[]}	后来再建项目群，名单会先对一遍。	后来再建项目群，名单会先对一遍。	[]	无	无	无	三代理混排复核完成；已发现项已修正
echo_182		consequence	employment	年龄 25—105；人物 []；门槛 {"all":[],"any":[],"none":[]}	那张去向表后来决定了你每天跟谁开会。	那张去向表后来决定了你每天跟谁开会。	[]	无	无	无	三代理混排复核完成；已发现项已修正
echo_183		consequence	employment	年龄 25—105；人物 []；门槛 {"all":[],"any":[],"none":[]}	那次错误后来写进了团队的复盘。	那次错误后来写进了团队的复盘。	[]	无	无	无	三代理混排复核完成；已发现项已修正
echo_184		consequence	children	年龄 24—105；人物 []；门槛 {"all":[],"any":[],"none":[]}	门诊记录只写事实，不替你判断。	门诊记录只写事实，不替你判断。	[]	无	无	无	三代理混排复核完成；已发现项已修正
echo_185		consequence	children	年龄 24—105；人物 []；门槛 {"all":[],"any":[],"none":[]}	门诊预约没有再往后改。	门诊预约没有再往后改。	[]	无	无	无	三代理混排复核完成；已发现项已修正
echo_186		consequence	finance	年龄 19—105；人物 []；门槛 {"all":[],"any":[],"none":[]}	那张逾期账单后来没有停在未读消息里。	那张逾期账单后来没有停在未读消息里。	[]	无	无	无	三代理混排复核完成；已发现项已修正
echo_187		consequence	finance	年龄 20—105；人物 []；门槛 {"all":[],"any":[],"none":[]}	那份执行通知把收入、住处和欠款放进了同一本账。	那份执行通知把收入、住处和欠款放进了同一本账。	[]	无	无	住房债务	三代理混排复核完成；已发现项已修正
echo_188		consequence	finance	年龄 21—105；人物 []；门槛 {"all":[],"any":[],"none":[]}	执行往生活里走了一段，也留下了还能继续还钱的路。	执行往生活里走了一段，也留下了还能继续还钱的路。	[]	无	无	无	三代理混排复核完成；已发现项已修正
echo_189		consequence	later	年龄 61—105；人物 []；门槛 {"all":[],"any":[],"none":[]}	后来再看到候补两个字，你已经有了自己的处理办法。	后来再看到候补两个字，你已经有了自己的处理办法。	[]	无	无	无	三代理混排复核完成；已发现项已修正
echo_190		consequence	later	年龄 56—105；人物 []；门槛 {"all":[],"any":[],"none":[]}	那次谈过以后，“有空”不再等于随时都能叫到你。	那次谈过以后，“有空”不再等于随时都能叫到你。	[]	无	无	无	三代理混排复核完成；已发现项已修正
echo_191		consequence	later	年龄 61—105；人物 []；门槛 {"all":[],"any":[],"none":[]}	那段每天准时出现的回应，后来和付款请求一起留在了记忆里。	那段每天准时出现的回应，后来和付款请求一起留在了记忆里。	[]	无	无	无	三代理混排复核完成；已发现项已修正
echo_192		consequence	later	年龄 61—105；人物 []；门槛 {"all":[],"any":[],"none":[]}	退出那张群聊以后，健康焦虑和每天的热闹并没有同时消失。	退出那张群聊以后，健康焦虑和每天的热闹并没有同时消失。	[]	无	无	无	三代理混排复核完成；已发现项已修正
echo_193		consequence	housing	年龄 18—105；人物 []；门槛 {"all":[],"any":[],"none":[]}	那次报到以后，住处也成了学业的一部分。	那次报到以后，住处也成了学业的一部分。	[]	无	无	无	三代理混排复核完成；已发现项已修正
echo_194		consequence	housing	年龄 19—105；人物 []；门槛 {"all":[],"any":[],"none":[]}	那次是否搬出去，后来改变了通勤、存款和家里的边界。	那次是否搬出去，后来改变了通勤、存款和家里的边界。	[]	无	无	无	三代理混排复核完成；已发现项已修正
echo_195		consequence	housing	年龄 21—105；人物 []；门槛 {"all":[],"any":[],"none":[]}	后来每次填地址，你都会想起那次决定。	后来每次填地址，你都会想起那次决定。	[]	无	无	无	三代理混排复核完成；已发现项已修正
echo_196		consequence	housing	年龄 23—105；人物 []；门槛 {"all":[],"any":[],"none":[]}	那次住处安排没有替关系作保证，只把每天从哪里开始说清了。	那次住处安排没有替关系作保证，只把每天从哪里开始说清了。	[]	无	无	无	三代理混排复核完成；已发现项已修正
echo_197		consequence	housing	年龄 25—105；人物 []；门槛 {"all":[],"any":[],"none":[]}	那次决定没有替未来房价下结论，只把签约或暂缓如实留下。	那次决定没有替未来房价下结论，只把签约或暂缓如实留下。	[]	无	无	无	三代理混排复核完成；已发现项已修正
echo_198		consequence	housing	年龄 56—105；人物 []；门槛 {"all":[],"any":[],"none":[]}	住处变得更合用以后，晚年仍然是自己的日子。	住处变得更合用以后，晚年仍然是自己的日子。	[]	无	无	无	三代理混排复核完成；已发现项已修正
swan_01		blackSwan	health	年龄 0—5；人物 []；门槛 {"all":[],"any":[],"none":[]}	一次罕见感染让家里临时改了排班，复查日期贴在奶粉罐旁。	一次罕见感染让家里临时改了排班，复查日期贴在奶粉罐旁。	[{"type":"add","target":"health.mental","value":-3},{"type":"add","target":"relationships.originBond","value":2},{"type":"tag","target":"history","value":"swan:1"}]	无	无	无	三代理混排复核完成；已发现项已修正
swan_02		blackSwan	health	年龄 3—12；人物 []；门槛 {"all":[],"any":[],"none":[]}	一次交通事故让你暂停原来的上学路线，康复和接送从今天重新安排。	一次交通事故让你暂停原来的上学路线，康复和接送从今天重新安排。	[{"type":"healthIncident","target":"health","value":18,"condition":"trafficAccident"},{"type":"add","target":"pressures.body","value":6},{"type":"tag","target":"history","value":"swan:2"}]	无	无	无	三代理混排复核完成；已发现项已修正
swan_03		blackSwan	education	年龄 16—25；人物 []；门槛 {"all":[{"path":"education.status","op":"eq","value":"enrolled"}],"any":[],"none":[]}	学校递来一项全国竞赛的入围通知，异地行程和费用都写得清楚。	学校递来一项全国竞赛的入围通知，异地行程和费用都写得清楚。	[{"type":"add","target":"education.practiceEvidence","value":8},{"type":"add","target":"development.routeKnowledge","value":5},{"type":"tag","target":"history","value":"swan:3"}]	无	无	无	三代理混排复核完成；已发现项已修正
swan_04		blackSwan	employment	年龄 18—30；人物 []；门槛 {"all":[{"path":"employment.status","op":"eq","value":"employed"}],"any":[],"none":[]}	你所在行业突然扩张，原本冷门的技能出现在正式招聘要求里。	你所在行业突然扩张，原本冷门的技能出现在正式招聘要求里。	[{"type":"add","target":"capabilities.employability","value":8},{"type":"add","target":"pressures.career","value":-4},{"type":"tag","target":"history","value":"swan:4"}]	无	无	无	三代理混排复核完成；已发现项已修正
swan_05		blackSwan	finance	年龄 18—35；人物 [{"slot":"parent","relationAny":["father","mother"],"alive":true,"optional":false}]；门槛 {"all":[{"path":"originHousehold.assets","op":"gte","value":50000}],"any":[],"none":[]}	父母留作应急的钱被一个“稳赚”群聊转走，报警回执只确认了损失，没有承诺追回。	父母留作应急的钱被一个“稳赚”群聊转走，报警回执只确认了损失，没有承诺追回。	[{"type":"add","target":"originHousehold.assets","value":-50000},{"type":"add","target":"pressures.family","value":8},{"type":"tag","target":"history","value":"swan:5"}]	无	无	人物	三代理混排复核完成；已发现项已修正
swan_06		blackSwan	remote	年龄 20—38；人物 []；门槛 {"all":[{"path":"desires.creation.fulfillment","op":"gte","value":1}],"any":[],"none":[]}	一件旧作品被陌生人重新转发，几封具体的合作询问随后进了邮箱。	一件旧作品被陌生人重新转发，几封具体的合作询问随后进了邮箱。	[{"type":"add","target":"relationships.network","value":8},{"type":"add","target":"capabilities.evidence","value":4},{"type":"tag","target":"history","value":"swan:6"}]	无	无	无	三代理混排复核完成；已发现项已修正
swan_07		blackSwan	employment	年龄 22—40；人物 []；门槛 {"all":[{"path":"employment.status","op":"eq","value":"employed"}],"any":[],"none":[]}	一场公共事件让你所在的单位突然停摆，复工日期和工资安排都没有立刻确定。	一场公共事件让你所在的单位突然停摆，复工日期和工资安排都没有立刻确定。	[{"type":"add","target":"finance.cash","value":-12000},{"type":"add","target":"pressures.career","value":9},{"type":"tag","target":"history","value":"swan:7"}]	无	无	无	三代理混排复核完成；已发现项已修正
swan_08		blackSwan	business	年龄 25—50；人物 []；门槛 {"all":[{"path":"business.equity","op":"gte","value":1}],"any":[],"none":[]}	你持有股份的公司打开了新市场，书面估值上调，现金却没有同步到账。	你持有股份的公司打开了新市场，书面估值上调，现金却没有同步到账。	[{"type":"add","target":"business.equity","value":200000},{"type":"add","target":"pressures.money","value":2},{"type":"tag","target":"history","value":"swan:8"}]	无	无	职业资产	三代理混排复核完成；已发现项已修正
swan_09		blackSwan	employment	年龄 25—55；人物 []；门槛 {"all":[{"path":"employment.status","op":"eq","value":"employed"}],"any":[],"none":[]}	单位复核工资时发现一笔少发款，补发日期和明细一起进了账户。	单位复核工资时发现一笔少发款，补发日期和明细一起进了账户。	[{"type":"add","target":"finance.cash","value":6000},{"type":"add","target":"pressures.money","value":-2},{"type":"tag","target":"history","value":"swan:9"}]	无	无	无	三代理混排复核完成；已发现项已修正
swan_10		blackSwan	business	年龄 30—58；人物 []；门槛 {"all":[{"path":"business.status","op":"in","value":["testing","operating"]}],"any":[],"none":[]}	一个合作多年的客户把整条业务线交给你的企业，合同也写清了付款节点。	一个合作多年的客户把整条业务线交给你的企业，合同也写清了付款节点。	[{"type":"add","target":"business.equity","value":160000},{"type":"add","target":"business.operatingSkill","value":5},{"type":"tag","target":"history","value":"swan:10"}]	无	无	职业资产	三代理混排复核完成；已发现项已修正
swan_11		blackSwan	business	年龄 30—60；人物 []；门槛 {"all":[{"path":"business.status","op":"in","value":["testing","operating"]}],"any":[],"none":[]}	新规落地，你的企业必须停掉一块原本赚钱的业务，旧合同也要逐份处理。	新规落地，你的企业必须停掉一块原本赚钱的业务，旧合同也要逐份处理。	[{"type":"add","target":"business.equity","value":-120000},{"type":"add","target":"pressures.money","value":10},{"type":"tag","target":"history","value":"swan:11"}]	无	无	职业资产	三代理混排复核完成；已发现项已修正
swan_12		blackSwan	health	年龄 35—62；人物 []；门槛 {"all":[],"any":[],"none":[]}	一次体检和复查确认了需要治疗的异常，后续不再只是“再看看”。	一次体检和复查确认了需要治疗的异常，后续不再只是“再看看”。	[{"type":"healthIncident","target":"health","value":28,"condition":"blackSwanDiagnosis"},{"type":"add","target":"pressures.body","value":8},{"type":"tag","target":"history","value":"swan:12"}]	无	无	健康照护	三代理混排复核完成；已发现项已修正
swan_13		blackSwan	business	年龄 35—65；人物 []；门槛 {"all":[{"path":"business.status","op":"in","value":["testing","operating"]}],"any":[],"none":[]}	旧同事带着公开账目来谈合作，项目是否加入仍由你按自己的企业状况判断。	旧同事带着公开账目来谈合作，项目是否加入仍由你按自己的企业状况判断。	[{"type":"add","target":"business.equity","value":90000},{"type":"add","target":"capabilities.evidence","value":4},{"type":"tag","target":"history","value":"swan:13"}]	无	无	职业资产	三代理混排复核完成；已发现项已修正
swan_14		blackSwan	health	年龄 40—68；人物 [{"slot":"family","relationAny":["father","mother","partner","child","adoptedChild","stepChild"],"alive":true,"optional":false}]；门槛 {"all":[],"any":[],"none":[]}	一位仍在世的家人突然需要持续照护，原来的分工当天就不够用了。	一位仍在世的家人突然需要持续照护，原来的分工当天就不够用了。	[{"type":"add","target":"development.careLoad","value":12},{"type":"add","target":"pressures.family","value":8},{"type":"tag","target":"history","value":"swan:14"}]	无	无	健康照护	三代理混排复核完成；已发现项已修正
swan_15		blackSwan	employment	年龄 45—72；人物 []；门槛 {"all":[{"path":"employment.status","op":"eq","value":"employed"}],"any":[],"none":[]}	单位核对历年薪资时发现一笔未补齐的差额，核算明细和补发款一起到了。	单位核对历年薪资时发现一笔未补齐的差额，核算明细和补发款一起到了。	[{"type":"add","target":"finance.cash","value":12000},{"type":"add","target":"pressures.money","value":-2},{"type":"tag","target":"history","value":"swan:15"}]	无	无	无	三代理混排复核完成；已发现项已修正
swan_16		blackSwan	finance	年龄 55—80；人物 []；门槛 {"all":[{"path":"housing.status","op":"in","value":["owned","mortgaged"]}],"any":[],"none":[]}	你名下的房子被水泡了，保险勘察和维修之间，日常先搬到能住的房间。	你名下的房子被水泡了，保险勘察和维修之间，日常先搬到能住的房间。	[{"type":"add","target":"finance.cash","value":-30000},{"type":"add","target":"pressures.money","value":8},{"type":"tag","target":"history","value":"swan:16"}]	无	无	住房债务	三代理混排复核完成；已发现项已修正
swan_17		blackSwan	finance	年龄 60—88；人物 [{"slot":"parent","relationAny":["father","mother"],"optional":false}]；门槛 {"all":[],"any":[],"none":[]}	旧档案里找到的登记材料补齐了原生家庭住房的权属链，但没有凭空增加你的个人房产。	旧档案里找到的登记材料补齐了原生家庭住房的权属链，但没有凭空增加你的个人房产。	[{"type":"add","target":"originHousehold.assets","value":30000},{"type":"add","target":"pressures.family","value":-2},{"type":"tag","target":"history","value":"swan:17"}]	无	无	住房债务	三代理混排复核完成；已发现项已修正
swan_18		blackSwan	health	年龄 65—95；人物 []；门槛 {"all":[],"any":[],"none":[]}	一次摔倒没有造成重伤，却让独自洗澡和上下楼变成需要重新评估的事。	一次摔倒没有造成重伤，却让独自洗澡和上下楼变成需要重新评估的事。	[{"type":"healthIncident","target":"health","value":12,"condition":"fallRisk"},{"type":"add","target":"health.careNeed","value":1},{"type":"tag","target":"history","value":"swan:18"}]	无	无	无	三代理混排复核完成；已发现项已修正
swan_19		blackSwan	partnership	年龄 70—100；人物 [{"slot":"partner","relation":"partner","alive":true,"personIdPath":"relationships.activePartnerId","optional":false}]；门槛 {"all":[{"path":"relationships.partnerStatus","op":"in","value":["dating","partnered","married"]}],"any":[],"none":[]}	仍在交往的伴侣问起余下的日子要不要住得更近，答案不会自动变成同居。	仍在交往的伴侣问起余下的日子要不要住得更近，答案不会自动变成同居。	[{"type":"add","target":"relationships.partnerBond","value":4},{"type":"add","target":"pressures.family","value":1},{"type":"tag","target":"history","value":"swan:19"}]	无	无	人物	三代理混排复核完成；已发现项已修正
swan_20		blackSwan	later	年龄 75—105；人物 []；门槛 {"all":[{"path":"desires.creation.fulfillment","op":"gte","value":1}],"any":[],"none":[]}	你公开留下的一段经验，后来让一个陌生家庭少走了一次弯路。	你公开留下的一段经验，后来让一个陌生家庭少走了一次弯路。	[{"type":"add","target":"desires.creation.fulfillment","value":5},{"type":"add","target":"health.mental","value":3},{"type":"tag","target":"history","value":"swan:20"}]	无	无	无	三代理混排复核完成；已发现项已修正
